season,week,gameday,weekday,gametime,espn_id,away_team,home_team,away_score,home_score,home_spread,total,away_moneyline,home_moneyline,away_spread_price,home_spread_price,over_price,under_price,nflverse_spread_line
2016,1,2016-09-08,Thursday,20:30,400874484,Carolina Panthers,Denver Broncos,20,21,3,40.5,-150,136,101,-111,-100,-110,-3
2016,1,2016-09-11,Sunday,20:30,400874539,New England Patriots,Arizona Cardinals,23,21,-9,44.5,330,-380,-103,-107,100,-110,9
2016,1,2016-09-11,Sunday,13:00,400874522,Tampa Bay Buccaneers,Atlanta Falcons,31,24,-2.5,46.5,120,-133,-102,-108,-105,-105,2.5
2016,1,2016-09-11,Sunday,13:00,400874510,Buffalo Bills,Baltimore Ravens,7,13,-3,44.5,151,-167,105,-116,-102,-108,3
2016,1,2016-09-11,Sunday,16:25,400874574,New York Giants,Dallas Cowboys,20,19,-1,47.5,102,-113,-105,-105,-104,-106,1
2016,1,2016-09-11,Sunday,13:00,400874511,Chicago Bears,Houston Texans,14,23,-5.5,43,210,-235,-107,-103,-110,100,5.5
2016,1,2016-09-11,Sunday,16:25,400874573,Detroit Lions,Indianapolis Colts,39,35,-2.5,51.5,131,-145,107,-118,-107,-103,2.5
2016,1,2016-09-11,Sunday,13:00,400874486,Green Bay Packers,Jacksonville Jaguars,27,23,3.5,47,-179,161,-100,-110,-100,-110,-3.5
2016,1,2016-09-11,Sunday,13:00,400874570,Los Angeles Chargers,Kansas City Chiefs,27,33,-6.5,45.5,244,-275,-105,-105,-111,101,6.5
2016,1,2016-09-11,Sunday,13:00,400874543,Las Vegas Raiders,New Orleans Saints,35,34,-2.5,50,133,-147,111,-123,-106,-104,2.5
2016,1,2016-09-11,Sunday,13:00,400874527,Cincinnati Bengals,New York Jets,23,22,-1,42,106,-117,-100,-110,-105,-105,1
2016,1,2016-09-11,Sunday,13:00,400874520,Cleveland Browns,Philadelphia Eagles,10,29,-3.5,41,162,-180,-105,-105,-105,-105,3.5
2016,1,2016-09-11,Sunday,16:05,400874577,Miami Dolphins,Seattle Seahawks,10,12,-10.5,43.5,423,-500,-110,-100,107,-118,10.5
2016,1,2016-09-11,Sunday,13:00,400874524,Minnesota Vikings,Tennessee Titans,25,16,2.5,40,-127,115,-100,-110,-110,-100,-2.5
2016,1,2016-09-12,Monday,22:20,400874532,Los Angeles Rams,San Francisco 49ers,0,28,2.5,44,-126,114,-103,-107,-104,-106,-2.5
2016,1,2016-09-12,Monday,19:10,400874537,Pittsburgh Steelers,Washington Commanders,38,16,2.5,49,-134,121,-110,-100,-105,-105,-2.5
2016,2,2016-09-15,Thursday,20:25,400874530,New York Jets,Buffalo Bills,37,31,-1.5,40.5,113,-125,-100,-110,-107,-103,1.5
2016,2,2016-09-18,Sunday,13:00,400874515,Tampa Bay Buccaneers,Arizona Cardinals,7,40,-7.5,49.5,289,-330,-119,108,-105,-105,7.5
2016,2,2016-09-18,Sunday,13:00,400874535,San Francisco 49ers,Carolina Panthers,27,46,-12,44.5,447,-550,-109,-101,-102,-108,12
2016,2,2016-09-18,Sunday,13:00,400874512,Baltimore Ravens,Cleveland Browns,25,20,4,42,-190,171,102,-113,102,-113,-4
2016,2,2016-09-18,Sunday,16:25,400874526,Indianapolis Colts,Denver Broncos,20,34,-5,47,200,-224,-105,-105,-104,-106,5
2016,2,2016-09-18,Sunday,13:00,400874488,Tennessee Titans,Detroit Lions,16,15,-6,48,231,-260,-102,-108,-110,-100,6
2016,2,2016-09-18,Sunday,13:00,400874549,Kansas City Chiefs,Houston Texans,12,19,1,41.5,-107,-103,-100,-110,-105,-105,-1
2016,2,2016-09-18,Sunday,16:25,400874525,Atlanta Falcons,Las Vegas Raiders,35,28,-4,47.5,175,-195,-104,-106,-113,102,4
2016,2,2016-09-18,Sunday,16:25,400874517,Jacksonville Jaguars,Los Angeles Chargers,14,38,-3,47.5,131,-145,-115,104,-104,-106,3
2016,2,2016-09-18,Sunday,16:05,400874514,Seattle Seahawks,Los Angeles Rams,3,9,5.5,38,-235,210,-103,-107,100,-110,-5.5
2016,2,2016-09-18,Sunday,20:30,400874545,Green Bay Packers,Minnesota Vikings,14,17,1.5,43,-119,108,-107,-103,-105,-105,-1.5
2016,2,2016-09-18,Sunday,13:00,400874541,Miami Dolphins,New England Patriots,24,31,-5.5,42,205,-230,-108,-102,-103,-107,5.5
2016,2,2016-09-18,Sunday,13:00,400874529,New Orleans Saints,New York Giants,13,16,-3.5,54,171,-190,-101,-109,-100,-110,3.5
2016,2,2016-09-18,Sunday,13:00,400874487,Cincinnati Bengals,Pittsburgh Steelers,16,24,-3,48,146,-162,-103,-107,-116,105,3
2016,2,2016-09-18,Sunday,13:00,400874518,Dallas Cowboys,Washington Commanders,27,23,-3.5,47,166,-185,-108,-102,-105,-105,3.5
2016,2,2016-09-19,Monday,20:30,400874547,Philadelphia Eagles,Chicago Bears,29,14,-3,42.5,144,-160,-100,-110,-100,-110,3
2016,3,2016-09-22,Thursday,20:25,400874551,Houston Texans,New England Patriots,0,27,-1,38.5,106,-117,101,-111,-104,-106,1
2016,3,2016-09-25,Sunday,13:00,400874558,Arizona Cardinals,Buffalo Bills,18,33,5,48,-218,195,-104,-106,-110,-100,-5
2016,3,2016-09-25,Sunday,13:00,400874615,Minnesota Vikings,Carolina Panthers,22,10,-6,43,231,-260,-108,-102,-106,-104,6
2016,3,2016-09-25,Sunday,13:00,400874613,Denver Broncos,Cincinnati Bengals,29,17,-3.5,42,165,-183,-109,-101,-125,113,3.5
2016,3,2016-09-25,Sunday,20:30,400874650,Chicago Bears,Dallas Cowboys,17,31,-6.5,45,231,-260,-107,-103,-103,-107,6.5
2016,3,2016-09-25,Sunday,13:00,400874610,Detroit Lions,Green Bay Packers,27,34,-6,47.5,231,-260,-102,-108,-108,-102,6
2016,3,2016-09-25,Sunday,16:25,400874624,Los Angeles Chargers,Indianapolis Colts,22,26,-1.5,51.5,115,-127,102,-113,-113,102,1.5
2016,3,2016-09-25,Sunday,13:00,400874567,Baltimore Ravens,Jacksonville Jaguars,19,17,1,45,-115,104,-109,-101,-110,-100,-1
2016,3,2016-09-25,Sunday,16:25,400874623,New York Jets,Kansas City Chiefs,3,24,-3,44.5,150,-166,106,-117,-102,-108,3
2016,3,2016-09-25,Sunday,13:00,400874565,Cleveland Browns,Miami Dolphins,24,30,-10,42,361,-420,-105,-105,100,-110,10
2016,3,2016-09-25,Sunday,13:00,400874682,Washington Commanders,New York Giants,29,27,-3.5,47,157,-174,-113,102,-107,-103,3.5
2016,3,2016-09-25,Sunday,16:25,400874628,Pittsburgh Steelers,Philadelphia Eagles,3,34,3.5,46.5,-190,171,-105,-105,-105,-105,-3.5
2016,3,2016-09-25,Sunday,16:05,400874620,San Francisco 49ers,Seattle Seahawks,18,37,-10.5,42,391,-458,-109,-101,-106,-104,10.5
2016,3,2016-09-25,Sunday,16:05,400874618,Los Angeles Rams,Tampa Bay Buccaneers,37,32,-3.5,40.5,156,-173,-103,-107,-106,-104,3.5
2016,3,2016-09-25,Sunday,13:00,400874562,Las Vegas Raiders,Tennessee Titans,17,10,1.5,47,-120,109,-107,-103,-104,-106,-1.5
2016,3,2016-09-26,Monday,20:30,400874653,Atlanta Falcons,New Orleans Saints,45,32,-2.5,54,142,-157,115,-127,-100,-110,2.5
2016,4,2016-09-29,Thursday,20:25,400874655,Miami Dolphins,Cincinnati Bengals,7,22,-7.5,46,297,-340,-113,102,-105,-105,7.5
2016,4,2016-10-02,Sunday,16:25,400874671,Los Angeles Rams,Arizona Cardinals,17,13,-10,43.5,357,-414,-114,103,101,-111,10
2016,4,2016-10-02,Sunday,13:00,400874664,Carolina Panthers,Atlanta Falcons,33,48,2.5,48.5,-138,125,-114,103,-105,-105,-2.5
2016,4,2016-10-02,Sunday,13:00,400874666,Las Vegas Raiders,Baltimore Ravens,28,27,-3.5,45,166,-185,-110,-100,-115,104,3.5
2016,4,2016-10-02,Sunday,13:00,400874668,Detroit Lions,Chicago Bears,14,17,3,48,-177,159,-124,112,-113,102,-3
2016,4,2016-10-02,Sunday,13:00,400874658,Tennessee Titans,Houston Texans,20,27,-4,40,176,-196,-105,-105,100,-110,4
2016,4,2016-10-02,Sunday,09:30,400874657,Indianapolis Colts,Jacksonville Jaguars,27,30,-1,48,-104,-106,-113,102,-100,-110,1
2016,4,2016-10-02,Sunday,16:25,400874672,New Orleans Saints,Los Angeles Chargers,35,34,-4,54,176,-196,-102,-108,-105,-105,4
2016,4,2016-10-02,Sunday,13:00,400874663,Buffalo Bills,New England Patriots,16,0,-3.5,41,153,-170,-115,104,-101,-109,3.5
2016,4,2016-10-02,Sunday,13:00,400874662,Seattle Seahawks,New York Jets,27,17,1,40,-113,102,-105,-105,-105,-105,-1
2016,4,2016-10-02,Sunday,20:30,400874675,Kansas City Chiefs,Pittsburgh Steelers,14,43,-3,48,159,-177,111,-123,-103,-107,3
2016,4,2016-10-02,Sunday,16:25,400874674,Dallas Cowboys,San Francisco 49ers,24,17,1,44,-123,111,-116,105,-113,102,-1
2016,4,2016-10-02,Sunday,16:05,400874669,Denver Broncos,Tampa Bay Buccaneers,27,7,3.5,43,-173,156,102,-113,-104,-106,-3.5
2016,4,2016-10-02,Sunday,13:00,400874660,Cleveland Browns,Washington Commanders,20,31,-7.5,48,297,-340,-100,-110,-105,-105,7.5
2016,4,2016-10-03,Monday,20:30,400874677,New York Giants,Minnesota Vikings,10,24,-3.5,42.5,175,-195,102,-113,-103,-107,3.5
2016,5,2016-10-06,Thursday,20:25,400874483,Arizona Cardinals,San Francisco 49ers,33,21,3.5,42.5,-188,169,-106,-104,-100,-110,-3.5
2016,5,2016-10-09,Sunday,13:00,400874590,Washington Commanders,Baltimore Ravens,16,10,-4,44.5,175,-195,-108,-102,-104,-106,4
2016,5,2016-10-09,Sunday,13:00,400874519,New England Patriots,Cleveland Browns,33,13,10,47.5,-450,385,-100,-110,-113,102,-10
2016,5,2016-10-09,Sunday,16:25,400874630,Cincinnati Bengals,Dallas Cowboys,14,28,2.5,46,-127,115,-104,-106,-105,-105,-2.5
2016,5,2016-10-09,Sunday,16:05,400874607,Atlanta Falcons,Denver Broncos,23,16,-3.5,44.5,175,-195,102,-113,-100,-110,3.5
2016,5,2016-10-09,Sunday,13:00,400874533,Philadelphia Eagles,Detroit Lions,23,24,3.5,46,-185,166,-102,-108,-100,-110,-3.5
2016,5,2016-10-09,Sunday,20:30,400874640,New York Giants,Green Bay Packers,16,23,-7,49,271,-308,-110,-100,-100,-110,7
2016,5,2016-10-09,Sunday,13:00,400874548,Chicago Bears,Indianapolis Colts,23,29,-4,47.5,181,-202,-105,-105,-100,-110,4
2016,5,2016-10-09,Sunday,16:25,400874636,Los Angeles Chargers,Las Vegas Raiders,31,34,-3.5,50.5,166,-185,-101,-109,-108,-102,3.5
2016,5,2016-10-09,Sunday,16:25,400874633,Buffalo Bills,Los Angeles Rams,30,19,2.5,41.5,-128,116,-105,-105,-105,-105,-2.5
2016,5,2016-10-09,Sunday,13:00,400874581,Tennessee Titans,Miami Dolphins,30,17,-2.5,44.5,121,-134,-102,-108,-107,-103,2.5
2016,5,2016-10-09,Sunday,13:00,400874595,Houston Texans,Minnesota Vikings,13,31,-6,39,222,-250,-105,-105,-100,-110,6
2016,5,2016-10-09,Sunday,13:00,400874602,New York Jets,Pittsburgh Steelers,13,31,-10,50,338,-390,-123,111,-108,-102,10
2016,5,2016-10-10,Monday,20:30,400874648,Tampa Bay Buccaneers,Carolina Panthers,17,14,-6,46.5,217,-244,-107,-103,105,-116,6
2016,6,2016-10-13,Thursday,20:25,400874693,Denver Broncos,Los Angeles Chargers,13,21,3,44,-150,136,-100,-110,-105,-105,-3
2016,6,2016-10-16,Sunday,13:00,400874698,San Francisco 49ers,Buffalo Bills,16,45,-7.5,44,269,-305,-113,102,-112,102,7.5
2016,6,2016-10-16,Sunday,13:00,400874708,Jacksonville Jaguars,Chicago Bears,17,16,-2.5,46,126,-139,106,-117,-102,-108,2.5
2016,6,2016-10-16,Sunday,13:00,400874709,Los Angeles Rams,Detroit Lions,28,31,-2.5,44,131,-145,111,-123,100,-110,2.5
2016,6,2016-10-16,Sunday,16:25,400874733,Dallas Cowboys,Green Bay Packers,30,16,-5,47,211,-237,-102,-108,-103,-107,5
2016,6,2016-10-16,Sunday,20:30,400874734,Indianapolis Colts,Houston Texans,23,26,-3,47.5,144,-160,-100,-110,-100,-110,3
2016,6,2016-10-16,Sunday,16:05,400874731,Kansas City Chiefs,Las Vegas Raiders,26,10,1,46.5,-123,111,-115,104,106,-117,-1
2016,6,2016-10-16,Sunday,13:00,400874730,Pittsburgh Steelers,Miami Dolphins,15,30,7.5,49.5,-305,269,106,-117,-105,-105,-7.5
2016,6,2016-10-16,Sunday,13:00,400874736,Cincinnati Bengals,New England Patriots,17,35,-7.5,48.5,293,-335,-117,106,-107,-103,7.5
2016,6,2016-10-16,Sunday,13:00,400874707,Carolina Panthers,New Orleans Saints,38,41,2.5,53.5,-139,126,-117,106,102,-113,-2.5
2016,6,2016-10-16,Sunday,13:00,400874705,Baltimore Ravens,New York Giants,23,27,-3.5,42.5,171,-190,102,-113,-108,-102,3.5
2016,6,2016-10-16,Sunday,16:25,400874732,Atlanta Falcons,Seattle Seahawks,24,26,-7,45.5,266,-302,-107,-103,100,-110,7
2016,6,2016-10-16,Sunday,13:00,400874703,Cleveland Browns,Tennessee Titans,26,28,-7.5,45,285,-325,-108,-102,-102,-108,7.5
2016,6,2016-10-16,Sunday,13:00,400874701,Philadelphia Eagles,Washington Commanders,20,27,3,45,-150,136,-101,-109,-110,100,-3
2016,6,2016-10-17,Monday,20:30,400874735,New York Jets,Arizona Cardinals,3,28,-7.5,46,305,-350,-102,-108,-106,-104,7.5
2016,7,2016-10-20,Thursday,20:25,400874429,Chicago Bears,Green Bay Packers,10,26,-7.5,46.5,293,-335,-117,106,102,-113,7.5
2016,7,2016-10-23,Sunday,20:30,400874508,Seattle Seahawks,Arizona Cardinals,6,6,-2.5,43,121,-134,-100,-110,-111,101,2.5
2016,7,2016-10-23,Sunday,16:05,400874505,Los Angeles Chargers,Atlanta Falcons,33,30,-4.5,52.5,186,-208,-103,-107,-106,-104,4.5
2016,7,2016-10-23,Sunday,13:00,400874494,Cleveland Browns,Cincinnati Bengals,17,31,-11.5,46.5,480,-575,-105,-105,-100,-110,11.5
2016,7,2016-10-23,Sunday,13:00,400874496,Washington Commanders,Detroit Lions,17,20,1,50,-105,-105,101,-111,-107,-103,-1
2016,7,2016-10-23,Sunday,13:00,400874498,Las Vegas Raiders,Jacksonville Jaguars,33,16,-1.5,47.5,111,-123,-100,-110,-107,-103,1.5
2016,7,2016-10-23,Sunday,13:00,400874491,New Orleans Saints,Kansas City Chiefs,21,27,-6,51,218,-245,-107,-103,101,-111,6
2016,7,2016-10-23,Sunday,09:30,400874490,New York Giants,Los Angeles Rams,17,10,3,44.5,-145,131,104,-115,102,-113,-3
2016,7,2016-10-23,Sunday,13:00,400874500,Buffalo Bills,Miami Dolphins,25,28,2.5,46,-134,121,-109,-101,102,-112,-2.5
2016,7,2016-10-23,Sunday,13:00,400874501,Baltimore Ravens,New York Jets,16,24,-2,40.5,111,-123,-103,-107,106,-117,2
2016,7,2016-10-23,Sunday,13:00,400874493,Minnesota Vikings,Philadelphia Eagles,10,21,2.5,39,-128,116,-108,-102,-105,-105,-2.5
2016,7,2016-10-23,Sunday,16:25,400874506,New England Patriots,Pittsburgh Steelers,27,16,7.5,49,-295,260,111,-123,111,-123,-7.5
2016,7,2016-10-23,Sunday,16:05,400874503,Tampa Bay Buccaneers,San Francisco 49ers,34,17,-1,45,104,-115,-103,-107,-106,-104,1
2016,7,2016-10-23,Sunday,13:00,400874492,Indianapolis Colts,Tennessee Titans,34,26,-4,48.5,175,-195,-104,-106,-102,-108,4
2016,7,2016-10-24,Monday,20:30,400874509,Houston Texans,Denver Broncos,9,27,-8.5,40,334,-385,-107,-103,104,-115,8.5
2016,8,2016-10-27,Thursday,20:25,400874553,Jacksonville Jaguars,Tennessee Titans,22,36,-3,43.5,130,-144,-118,107,-107,-103,3
2016,8,2016-10-30,Sunday,16:25,400874616,Green Bay Packers,Atlanta Falcons,32,33,-3,51,139,-154,-106,-104,-105,-105,3
2016,8,2016-10-30,Sunday,13:00,400874619,New England Patriots,Buffalo Bills,41,25,5.5,48,-235,210,-105,-105,102,-113,-5.5
2016,8,2016-10-30,Sunday,13:00,400874625,Arizona Cardinals,Carolina Panthers,20,30,-2.5,45.5,121,-134,-100,-110,-106,-104,2.5
2016,8,2016-10-30,Sunday,09:30,400874555,Washington Commanders,Cincinnati Bengals,27,27,-3,49,136,-150,-105,-105,102,-113,3
2016,8,2016-10-30,Sunday,13:00,400874612,New York Jets,Cleveland Browns,31,28,2.5,45.5,-134,121,-110,-100,-107,-103,-2.5
2016,8,2016-10-30,Sunday,20:30,400874629,Philadelphia Eagles,Dallas Cowboys,23,29,-5,44,201,-225,-102,-108,-116,105,5
2016,8,2016-10-30,Sunday,16:05,400874622,Los Angeles Chargers,Denver Broncos,19,27,-3.5,43,159,-177,-113,102,100,-110,3.5
2016,8,2016-10-30,Sunday,13:00,400874569,Detroit Lions,Houston Texans,13,20,-1,46.5,-101,-109,-109,-101,-105,-105,1
2016,8,2016-10-30,Sunday,13:00,400874557,Kansas City Chiefs,Indianapolis Colts,30,14,3,50.5,-139,126,108,-119,-105,-105,-3
2016,8,2016-10-30,Sunday,13:00,400874564,Seattle Seahawks,New Orleans Saints,20,25,1,50,-105,-105,102,-113,-102,-108,-1
2016,8,2016-10-30,Sunday,13:00,400874561,Las Vegas Raiders,Tampa Bay Buccaneers,30,24,-1,48,106,-117,-100,-110,-123,111,1
2016,8,2016-10-31,Monday,20:30,400874652,Minnesota Vikings,Chicago Bears,10,20,5.5,39.5,-230,205,-104,-106,-103,-107,-5.5
2016,9,2016-11-03,Thursday,20:25,400874605,Atlanta Falcons,Tampa Bay Buccaneers,43,28,4.5,49,-205,184,-103,-107,-100,-110,-4.5
2016,9,2016-11-06,Sunday,13:00,400874598,Pittsburgh Steelers,Baltimore Ravens,14,21,3.5,46,-155,140,120,-133,-102,-108,-3.5
2016,9,2016-11-06,Sunday,13:00,400874599,Dallas Cowboys,Cleveland Browns,35,10,7,49,-289,255,-100,-110,-108,-102,-7
2016,9,2016-11-06,Sunday,16:25,400874594,Indianapolis Colts,Green Bay Packers,31,26,-7.5,52,297,-340,-107,-103,-111,101,7.5
2016,9,2016-11-06,Sunday,13:00,400874600,Jacksonville Jaguars,Kansas City Chiefs,14,19,-7,42.5,264,-300,-117,106,-105,-105,7
2016,9,2016-11-06,Sunday,20:30,400874592,Denver Broncos,Las Vegas Raiders,20,30,-1,44.5,-108,-102,-115,104,-103,-107,1
2016,9,2016-11-06,Sunday,16:25,400874593,Tennessee Titans,Los Angeles Chargers,35,43,-3.5,47.5,161,-179,-107,-103,-113,102,3.5
2016,9,2016-11-06,Sunday,16:05,400874596,Carolina Panthers,Los Angeles Rams,13,10,3,44.5,-140,127,108,-119,-110,-100,-3
2016,9,2016-11-06,Sunday,13:00,400874601,New York Jets,Miami Dolphins,23,27,-3.5,45,171,-190,-100,-110,-100,-110,3.5
2016,9,2016-11-06,Sunday,13:00,400874604,Detroit Lions,Minnesota Vikings,22,16,-4,42.5,174,-194,-110,-100,-108,-102,4
2016,9,2016-11-06,Sunday,13:00,400874603,Philadelphia Eagles,New York Giants,23,28,-3,42.5,135,-149,-110,-100,108,-119,3
2016,9,2016-11-06,Sunday,16:05,400874597,New Orleans Saints,San Francisco 49ers,41,23,5,53,-212,190,-103,-107,-112,102,-5
2016,9,2016-11-07,Monday,20:30,400874591,Buffalo Bills,Seattle Seahawks,25,31,-5.5,43.5,197,-220,-110,-100,-102,-108,5.5
2016,10,2016-11-10,Thursday,20:25,400874589,Cleveland Browns,Baltimore Ravens,7,28,-7.5,44,301,-345,-110,-100,100,-110,7.5
2016,10,2016-11-13,Sunday,16:25,400874542,San Francisco 49ers,Arizona Cardinals,20,23,-14,46.5,671,-850,-105,-105,-100,-110,14
2016,10,2016-11-13,Sunday,13:00,400874580,Kansas City Chiefs,Carolina Panthers,20,17,-3,44,153,-170,111,-123,-105,-105,3
2016,10,2016-11-13,Sunday,13:00,400874587,Houston Texans,Jacksonville Jaguars,24,21,-3,42,141,-156,-102,-108,105,-116,3
2016,10,2016-11-13,Sunday,16:05,400874544,Miami Dolphins,Los Angeles Chargers,31,24,-4,48.5,178,-198,-110,-100,-105,-105,4
2016,10,2016-11-13,Sunday,20:30,400874536,Seattle Seahawks,New England Patriots,31,24,-7.5,49.5,273,-310,-113,102,-105,-105,7.5
2016,10,2016-11-13,Sunday,13:00,400874586,Denver Broncos,New Orleans Saints,25,23,-3,50,136,-150,-110,-100,-105,-105,3
2016,10,2016-11-13,Sunday,13:00,400874584,Los Angeles Rams,New York Jets,9,6,1,39,-115,104,-108,-102,-117,106,-1
2016,10,2016-11-13,Sunday,13:00,400874582,Atlanta Falcons,Philadelphia Eagles,15,24,-2,48.5,111,-123,-105,-105,-103,-107,2
2016,10,2016-11-13,Sunday,16:25,400874538,Dallas Cowboys,Pittsburgh Steelers,35,30,-3,50.5,156,-173,111,-123,104,-115,3
2016,10,2016-11-13,Sunday,13:00,400874578,Chicago Bears,Tampa Bay Buccaneers,10,36,2.5,45,-145,131,-117,106,-116,105,-2.5
2016,10,2016-11-13,Sunday,13:00,400874572,Green Bay Packers,Tennessee Titans,25,47,3,48.5,-140,127,106,-117,-108,-102,-3
2016,10,2016-11-13,Sunday,13:00,400874576,Minnesota Vikings,Washington Commanders,20,26,-2.5,42,131,-145,106,-117,-103,-107,2.5
2016,10,2016-11-14,Monday,20:30,400874531,Cincinnati Bengals,New York Giants,20,21,1,49.5,-113,102,-105,-105,-102,-108,-1
2016,11,2016-11-17,Thursday,20:25,400874609,New Orleans Saints,Carolina Panthers,20,23,-3.5,52.5,166,-184,-106,-104,-100,-110,3.5
2016,11,2016-11-20,Sunday,13:00,400874646,Buffalo Bills,Cincinnati Bengals,16,12,-2.5,48,123,-136,-100,-110,-103,-107,2.5
2016,11,2016-11-20,Sunday,13:00,400874634,Pittsburgh Steelers,Cleveland Browns,24,9,8,45.5,-309,272,108,-119,102,-113,-8
2016,11,2016-11-20,Sunday,13:00,400874638,Baltimore Ravens,Dallas Cowboys,17,27,-7,44.5,264,-300,-102,-108,-110,-100,7
2016,11,2016-11-20,Sunday,13:00,400874641,Jacksonville Jaguars,Detroit Lions,19,26,-5.5,47,205,-230,-113,102,-105,-105,5.5
2016,11,2016-11-20,Sunday,13:00,400874644,Tennessee Titans,Indianapolis Colts,17,24,-3,53.5,127,-140,-123,111,-102,-108,3
2016,11,2016-11-20,Sunday,13:00,400874649,Tampa Bay Buccaneers,Kansas City Chiefs,19,17,-7,45,256,-290,-117,106,-105,-105,7
2016,11,2016-11-20,Sunday,16:05,400874697,Miami Dolphins,Los Angeles Rams,14,10,-1,39,-103,-107,-111,101,-102,-108,1
2016,11,2016-11-20,Sunday,13:00,400874695,Arizona Cardinals,Minnesota Vikings,24,30,-2,39.5,113,-125,-108,-102,-103,-107,2
2016,11,2016-11-20,Sunday,13:00,400874691,Chicago Bears,New York Giants,16,22,-7,41.5,250,-283,-110,-100,-103,-107,7
2016,11,2016-11-20,Sunday,16:25,400874700,New England Patriots,San Francisco 49ers,30,17,10.5,51.5,-500,423,-100,-110,-103,-107,-10.5
2016,11,2016-11-20,Sunday,16:25,400874702,Philadelphia Eagles,Seattle Seahawks,15,26,-6.5,43,235,-265,-100,-110,-108,-102,6.5
2016,11,2016-11-20,Sunday,20:30,400874704,Green Bay Packers,Washington Commanders,24,42,-2.5,48.5,120,-133,-100,-110,-104,-106,2.5
2016,11,2016-11-21,Monday,20:30,400874706,Houston Texans,Las Vegas Raiders,20,27,-6.5,45.5,225,-253,-104,-106,-102,-108,6.5
2016,12,2016-11-24,Thursday,16:30,400874499,Washington Commanders,Dallas Cowboys,26,31,-5.5,53,206,-231,-105,-105,-105,-105,5.5
2016,12,2016-11-24,Thursday,12:30,400874495,Minnesota Vikings,Detroit Lions,13,16,-2,42,108,-119,-108,-102,100,-110,2
2016,12,2016-11-24,Thursday,20:30,400874502,Pittsburgh Steelers,Indianapolis Colts,28,7,8,50,-400,346,-101,-109,-113,102,-8
2016,12,2016-11-27,Sunday,13:00,400874566,Arizona Cardinals,Atlanta Falcons,19,38,-3.5,49,168,-187,-103,-107,-105,-105,3.5
2016,12,2016-11-27,Sunday,13:00,400874560,Cincinnati Bengals,Baltimore Ravens,14,19,-3.5,42,166,-185,-105,-105,103,-114,3.5
2016,12,2016-11-27,Sunday,13:00,400874554,Jacksonville Jaguars,Buffalo Bills,21,28,-8.5,43.5,305,-350,-113,102,-113,102,8.5
2016,12,2016-11-27,Sunday,13:00,400874507,Tennessee Titans,Chicago Bears,27,21,6.5,41.5,-250,222,-117,106,-102,-108,-6.5
2016,12,2016-11-27,Sunday,13:00,400874614,New York Giants,Cleveland Browns,27,13,6.5,47,-267,237,-105,-105,-103,-107,-6.5
2016,12,2016-11-27,Sunday,20:30,400874676,Kansas City Chiefs,Denver Broncos,30,27,-3.5,40,161,-179,-113,102,-110,100,3.5
2016,12,2016-11-27,Sunday,13:00,400874659,Los Angeles Chargers,Houston Texans,21,13,2.5,45.5,-128,116,-105,-105,-105,-105,-2.5
2016,12,2016-11-27,Sunday,16:25,400874670,Carolina Panthers,Las Vegas Raiders,32,35,-3.5,48.5,148,-164,-123,111,-117,106,3.5
2016,12,2016-11-27,Sunday,13:00,400874654,San Francisco 49ers,Miami Dolphins,24,31,-7,44.5,273,-310,-105,-105,101,-111,7
2016,12,2016-11-27,Sunday,13:00,400874626,Los Angeles Rams,New Orleans Saints,21,49,-7.5,46,289,-330,-113,102,-110,-100,7.5
2016,12,2016-11-27,Sunday,16:25,400874680,New England Patriots,New York Jets,22,17,9,48,-420,361,-100,-110,-104,-106,-9
2016,12,2016-11-27,Sunday,16:05,400874665,Seattle Seahawks,Tampa Bay Buccaneers,5,14,5,46,-220,197,-100,-110,-105,-105,-5
2016,12,2016-11-28,Monday,20:30,400874684,Green Bay Packers,Philadelphia Eagles,27,13,-4,47,176,-196,-105,-105,-105,-105,4
2016,13,2016-12-01,Thursday,20:25,400874713,Dallas Cowboys,Minnesota Vikings,17,15,3,43.5,-153,138,-100,-110,-113,102,-3
2016,13,2016-12-04,Sunday,16:25,400874726,Washington Commanders,Arizona Cardinals,23,31,-2.5,48.5,120,-133,-101,-109,-108,-102,2.5
2016,13,2016-12-04,Sunday,13:00,400874715,Kansas City Chiefs,Atlanta Falcons,29,28,-5,50,186,-208,-104,-106,-103,-107,5
2016,13,2016-12-04,Sunday,13:00,400874722,Miami Dolphins,Baltimore Ravens,6,38,-3.5,41.5,166,-185,-113,102,-113,102,3.5
2016,13,2016-12-04,Sunday,13:00,400874723,San Francisco 49ers,Chicago Bears,6,26,0,44,-118,107,-113,102,-108,-102,0
2016,13,2016-12-04,Sunday,13:00,400874721,Philadelphia Eagles,Cincinnati Bengals,14,32,-1,42,107,-118,-100,-110,-108,-102,1
2016,13,2016-12-04,Sunday,13:00,400874720,Houston Texans,Green Bay Packers,13,21,-7,44.5,274,-312,-106,-104,-110,-100,7
2016,13,2016-12-04,Sunday,13:00,400874719,Denver Broncos,Jacksonville Jaguars,20,10,3.5,39,-178,160,-102,-108,-108,-102,-3.5
2016,13,2016-12-04,Sunday,16:05,400874724,Buffalo Bills,Las Vegas Raiders,24,38,-3,48.5,136,-150,-115,104,-105,-105,3
2016,13,2016-12-04,Sunday,16:25,400874727,Tampa Bay Buccaneers,Los Angeles Chargers,28,21,-3.5,49,166,-185,-113,102,-109,-101,3.5
2016,13,2016-12-04,Sunday,13:00,400874718,Los Angeles Rams,New England Patriots,10,26,-13,44.5,604,-750,-102,-108,-108,-102,13
2016,13,2016-12-04,Sunday,13:00,400874717,Detroit Lions,New Orleans Saints,28,13,-6.5,53,251,-284,-102,-108,102,-113,6.5
2016,13,2016-12-04,Sunday,16:25,400874725,New York Giants,Pittsburgh Steelers,14,24,-7,49.5,277,-315,-105,-105,-105,-105,7
2016,13,2016-12-04,Sunday,20:30,400874728,Carolina Panthers,Seattle Seahawks,7,40,-8.5,44,334,-385,104,-115,-106,-104,8.5
2016,13,2016-12-05,Monday,20:30,400874729,Indianapolis Colts,New York Jets,41,10,-1,48.5,111,-123,102,-113,102,-113,1
2016,14,2016-12-08,Thursday,20:25,400874428,Las Vegas Raiders,Kansas City Chiefs,13,21,-3.5,46,179,-199,103,-114,-108,-102,3.5
2016,14,2016-12-11,Sunday,13:00,400874497,Pittsburgh Steelers,Buffalo Bills,27,20,1,45.5,-115,104,-108,-102,100,-110,-1
2016,14,2016-12-11,Sunday,13:00,400874559,Los Angeles Chargers,Carolina Panthers,16,28,-1,48.5,102,-112,-105,-105,-108,-102,1
2016,14,2016-12-11,Sunday,13:00,400874563,Cincinnati Bengals,Cleveland Browns,23,10,4,42,-188,169,102,-113,-119,108,-4
2016,14,2016-12-11,Sunday,13:00,400874568,Chicago Bears,Detroit Lions,17,20,-7.5,42,276,-314,-123,111,-102,-108,7.5
2016,14,2016-12-11,Sunday,16:25,400874651,Seattle Seahawks,Green Bay Packers,10,38,3,47,-145,131,104,-115,104,-115,-3
2016,14,2016-12-11,Sunday,13:00,400874611,Houston Texans,Indianapolis Colts,22,17,-6.5,47.5,239,-270,-107,-103,-105,-105,6.5
2016,14,2016-12-11,Sunday,13:00,400874617,Minnesota Vikings,Jacksonville Jaguars,25,16,3,38,-170,153,-120,109,-108,-102,-3
2016,14,2016-12-11,Sunday,16:25,400874627,Atlanta Falcons,Los Angeles Rams,42,14,4.5,44,-208,186,-100,-110,-115,104,-4.5
2016,14,2016-12-11,Sunday,13:00,400874556,Arizona Cardinals,Miami Dolphins,23,26,2,44,-123,111,-105,-105,-105,-105,-2
2016,14,2016-12-11,Sunday,20:30,400874656,Dallas Cowboys,New York Giants,7,10,3.5,47,-185,166,-107,-103,-100,-110,-3.5
2016,14,2016-12-11,Sunday,13:00,400874552,Washington Commanders,Philadelphia Eagles,27,22,1.5,48.5,-120,109,-108,-102,-105,-105,-1.5
2016,14,2016-12-11,Sunday,16:05,400874621,New York Jets,San Francisco 49ers,23,17,-3,42.5,132,-146,-117,106,105,-116,3
2016,14,2016-12-11,Sunday,16:25,400874550,New Orleans Saints,Tampa Bay Buccaneers,11,16,-2,52,116,-128,-100,-110,-105,-105,2
2016,14,2016-12-11,Sunday,13:00,400874504,Denver Broncos,Tennessee Titans,10,13,-2,44,116,-128,-100,-110,-111,101,2
2016,14,2016-12-12,Monday,20:30,400874661,Baltimore Ravens,New England Patriots,23,30,-6,45.5,221,-248,-110,-100,-102,-108,6
2016,15,2016-12-15,Thursday,20:25,400874667,Los Angeles Rams,Seattle Seahawks,3,24,-15,39.5,828,-1100,106,-117,-106,-104,15
2016,15,2016-12-17,Saturday,20:25,400874673,Miami Dolphins,New York Jets,34,13,2.5,40,-145,131,-116,105,104,-115,-2.5
2016,15,2016-12-18,Sunday,16:05,400874689,New Orleans Saints,Arizona Cardinals,48,41,-3,48.5,139,-154,-105,-105,-100,-110,3
2016,15,2016-12-18,Sunday,16:05,400874710,San Francisco 49ers,Atlanta Falcons,13,41,-13.5,51.5,704,-900,-100,-110,-100,-110,13.5
2016,15,2016-12-18,Sunday,13:00,400874685,Philadelphia Eagles,Baltimore Ravens,26,27,-5,41,201,-225,-105,-105,-105,-105,5
2016,15,2016-12-18,Sunday,13:00,400874683,Cleveland Browns,Buffalo Bills,13,33,-10.5,43.5,397,-465,-107,-103,-109,-101,10.5
2016,15,2016-12-18,Sunday,13:00,400874678,Green Bay Packers,Chicago Bears,30,27,4.5,40,-225,201,-115,104,113,-125,-4.5
2016,15,2016-12-18,Sunday,13:00,400874714,Pittsburgh Steelers,Cincinnati Bengals,24,20,3,45.5,-155,140,-100,-110,106,-117,-3
2016,15,2016-12-18,Sunday,20:30,400874679,Tampa Bay Buccaneers,Dallas Cowboys,20,26,-7,47.5,260,-295,-113,102,105,-116,7
2016,15,2016-12-18,Sunday,16:25,400874711,New England Patriots,Denver Broncos,16,3,3,43.5,-150,136,102,-113,-105,-105,-3
2016,15,2016-12-18,Sunday,13:00,400874681,Jacksonville Jaguars,Houston Texans,20,21,-3.5,39.5,166,-185,-102,-108,-108,-102,3.5
2016,15,2016-12-18,Sunday,13:00,400874686,Tennessee Titans,Kansas City Chiefs,19,17,-6,43,216,-242,-108,-102,-107,-103,6
2016,15,2016-12-18,Sunday,16:25,400874712,Las Vegas Raiders,Los Angeles Chargers,19,16,2.5,49.5,-128,116,-104,-106,-101,-109,-2.5
2016,15,2016-12-18,Sunday,13:00,400874688,Indianapolis Colts,Minnesota Vikings,34,6,-5,44.5,213,-239,-102,-108,-100,-110,5
2016,15,2016-12-18,Sunday,13:00,400874687,Detroit Lions,New York Giants,6,17,-4,42.5,176,-196,-105,-105,-110,-100,4
2016,15,2016-12-19,Monday,20:30,400874716,Carolina Panthers,Washington Commanders,26,15,-7,50.5,261,-296,-109,-101,-102,-108,7
2016,16,2016-12-22,Thursday,20:25,400874485,New York Giants,Philadelphia Eagles,19,24,-2,42.5,114,-126,-106,-104,-110,-100,2
2016,16,2016-12-24,Saturday,13:00,400874489,Miami Dolphins,Buffalo Bills,34,31,-4.5,44.5,197,-220,-102,-108,-107,-103,4.5
2016,16,2016-12-24,Saturday,13:00,400874540,Atlanta Falcons,Carolina Panthers,33,16,3,48.5,-150,136,-103,-107,104,-115,-3
2016,16,2016-12-24,Saturday,13:00,400874534,Washington Commanders,Chicago Bears,41,21,3,49,-155,140,-102,-108,-100,-110,-3
2016,16,2016-12-24,Saturday,13:00,400874528,Los Angeles Chargers,Cleveland Browns,17,20,4.5,45,-199,179,-103,-107,-100,-110,-4.5
2016,16,2016-12-24,Saturday,13:00,400874523,Minnesota Vikings,Green Bay Packers,25,38,-6,44.5,235,-265,-105,-105,-105,-105,6
2016,16,2016-12-24,Saturday,20:25,400874579,Cincinnati Bengals,Houston Texans,10,12,-3,41.5,139,-154,-110,-100,-115,104,3
2016,16,2016-12-24,Saturday,13:00,400874521,Tennessee Titans,Jacksonville Jaguars,17,38,4,44,-195,175,-105,-105,-105,-105,-4
2016,16,2016-12-24,Saturday,16:05,400874546,Indianapolis Colts,Las Vegas Raiders,25,33,-3.5,52,157,-174,-108,-102,-105,-105,3.5
2016,16,2016-12-24,Saturday,16:25,400874575,San Francisco 49ers,Los Angeles Rams,22,21,-6,39.5,225,-253,102,-113,-105,-105,6
2016,16,2016-12-24,Saturday,13:00,400874516,New York Jets,New England Patriots,3,41,-17,45,1051,-1500,-105,-105,-110,-100,17
2016,16,2016-12-24,Saturday,16:25,400874513,Tampa Bay Buccaneers,New Orleans Saints,24,31,-3,53,153,-170,106,-117,-103,-107,3
2016,16,2016-12-24,Saturday,16:25,400874571,Arizona Cardinals,Seattle Seahawks,34,31,-9,43.5,330,-380,-113,102,-105,-105,9
2016,16,2016-12-25,Sunday,20:30,400874585,Denver Broncos,Kansas City Chiefs,10,33,-3.5,38.5,171,-190,-102,-108,-105,-105,3.5
2016,16,2016-12-25,Sunday,16:30,400874583,Baltimore Ravens,Pittsburgh Steelers,27,31,-5.5,46.5,222,-250,-103,-107,-105,-105,5.5
2016,16,2016-12-26,Monday,20:30,400874588,Detroit Lions,Dallas Cowboys,21,42,-6.5,47,248,-280,103,-114,-107,-103,6.5
2016,17,2017-01-01,Sunday,16:25,400874606,New Orleans Saints,Atlanta Falcons,32,38,-7.5,58.5,305,-350,-107,-103,-103,-107,7.5
2016,17,2017-01-01,Sunday,13:00,400874608,Baltimore Ravens,Cincinnati Bengals,10,27,2.5,40.5,-138,125,-113,102,-102,-108,-2.5
2016,17,2017-01-01,Sunday,16:25,400874694,Las Vegas Raiders,Denver Broncos,6,24,-1,40,107,-118,103,-114,-103,-107,1
2016,17,2017-01-01,Sunday,20:30,400874637,Green Bay Packers,Detroit Lions,31,24,3.5,50,-190,171,-108,-102,102,-113,-3.5
2016,17,2017-01-01,Sunday,13:00,400874639,Jacksonville Jaguars,Indianapolis Colts,20,24,-5.5,48.5,222,-250,-103,-107,102,-113,5.5
2016,17,2017-01-01,Sunday,16:25,400874696,Kansas City Chiefs,Los Angeles Chargers,37,27,5.5,45,-235,210,-107,-103,-102,-108,-5.5
2016,17,2017-01-01,Sunday,16:25,400874692,Arizona Cardinals,Los Angeles Rams,44,6,7,39,-285,252,102,-113,-100,-110,-7
2016,17,2017-01-01,Sunday,13:00,400874642,New England Patriots,Miami Dolphins,35,14,7.5,47,-372,323,-113,102,-113,102,-7.5
2016,17,2017-01-01,Sunday,13:00,400874643,Chicago Bears,Minnesota Vikings,10,38,-6,44,227,-255,103,-114,-104,-106,6
2016,17,2017-01-01,Sunday,13:00,400874645,Buffalo Bills,New York Jets,10,30,3.5,43,-190,171,-108,-102,-104,-106,-3.5
2016,17,2017-01-01,Sunday,13:00,400874647,Dallas Cowboys,Philadelphia Eagles,13,27,-6.5,44,218,-245,-114,103,-115,104,6.5
2016,17,2017-01-01,Sunday,13:00,400874690,Cleveland Browns,Pittsburgh Steelers,24,27,-3.5,41.5,171,-190,-100,-110,101,-111,3.5
2016,17,2017-01-01,Sunday,16:25,400874699,Seattle Seahawks,San Francisco 49ers,25,23,11.5,44.5,-500,423,102,-113,111,-123,-11.5
2016,17,2017-01-01,Sunday,13:00,400874635,Carolina Panthers,Tampa Bay Buccaneers,16,17,-3.5,44.5,171,-190,-100,-110,100,-110,3.5
2016,17,2017-01-01,Sunday,13:00,400874632,Houston Texans,Tennessee Titans,17,24,-3,41.5,148,-164,103,-114,-110,-100,3
2016,17,2017-01-01,Sunday,16:25,400874631,New York Giants,Washington Commanders,19,10,-10,47.5,369,-430,-100,-110,-115,104,10
2017,1,2017-09-07,Thursday,20:30,400951566,Kansas City Chiefs,New England Patriots,42,27,-8,47.5,378,-441,103,-114,-108,-102,8
2017,1,2017-09-10,Sunday,13:00,400951567,New York Jets,Buffalo Bills,12,21,-7,42,297,-340,111,-123,-104,-106,7
2017,1,2017-09-10,Sunday,13:00,400951570,Atlanta Falcons,Chicago Bears,23,17,6.5,48,-277,245,-107,-103,-107,-103,-6.5
2017,1,2017-09-10,Sunday,13:00,400951572,Baltimore Ravens,Cincinnati Bengals,20,0,-2.5,41.5,127,-140,103,-114,-104,-106,2.5
2017,1,2017-09-10,Sunday,13:00,400951574,Pittsburgh Steelers,Cleveland Browns,21,18,10,47,-450,385,-102,-108,-100,-110,-10
2017,1,2017-09-10,Sunday,20:30,400951608,New York Giants,Dallas Cowboys,3,19,-6,46.5,221,-248,-105,-105,-114,103,6
2017,1,2017-09-10,Sunday,13:00,400951576,Arizona Cardinals,Detroit Lions,23,35,2.5,48.5,-117,106,106,-117,-100,-110,-2.5
2017,1,2017-09-10,Sunday,16:25,400951601,Seattle Seahawks,Green Bay Packers,9,17,-2.5,49.5,121,-134,-100,-110,-105,-105,2.5
2017,1,2017-09-10,Sunday,13:00,400951580,Jacksonville Jaguars,Houston Texans,29,7,-5.5,38,201,-225,-105,-105,-108,-102,5.5
2017,1,2017-09-10,Sunday,16:05,400951597,Indianapolis Colts,Los Angeles Rams,9,46,-3.5,41.5,166,-185,-102,-108,-108,-102,3.5
2017,1,2017-09-10,Sunday,16:25,400951605,Carolina Panthers,San Francisco 49ers,23,3,4.5,45.5,-225,201,-107,-103,-114,103,-4.5
2017,1,2017-09-10,Sunday,13:00,400951584,Las Vegas Raiders,Tennessee Titans,26,16,-2.5,49.5,121,-134,102,-113,101,-111,2.5
2017,1,2017-09-10,Sunday,13:00,400951592,Philadelphia Eagles,Washington Commanders,30,17,2,49.5,-125,113,-105,-105,-110,-100,-2
2017,1,2017-09-11,Monday,22:20,400951615,Los Angeles Chargers,Denver Broncos,21,24,-3,41.5,131,-145,-115,104,-113,102,3
2017,1,2017-09-11,Monday,19:10,400951612,New Orleans Saints,Minnesota Vikings,19,29,-3,47.5,155,-172,105,-116,-110,-100,3
2017,2,2017-09-14,Thursday,20:25,400951620,Houston Texans,Cincinnati Bengals,13,9,-5.5,38,211,-236,-105,-105,-100,-110,5.5
2017,2,2017-09-17,Sunday,20:30,400951679,Green Bay Packers,Atlanta Falcons,23,34,-3.5,55,159,-177,-110,-100,-113,102,3.5
2017,2,2017-09-17,Sunday,13:00,400951626,Cleveland Browns,Baltimore Ravens,10,24,-7.5,39.5,281,-320,-115,104,-110,-100,7.5
2017,2,2017-09-17,Sunday,13:00,400951630,Buffalo Bills,Carolina Panthers,3,9,-6.5,43,248,-280,-104,-106,-103,-107,6.5
2017,2,2017-09-17,Sunday,16:25,400951673,Dallas Cowboys,Denver Broncos,17,42,2.5,44,-128,116,-100,-110,-112,102,-2.5
2017,2,2017-09-17,Sunday,13:00,400951632,Arizona Cardinals,Indianapolis Colts,16,13,7,44,-285,252,106,-117,-122,111,-7
2017,2,2017-09-17,Sunday,13:00,400951635,Tennessee Titans,Jacksonville Jaguars,37,16,1,42,-113,102,-106,-104,-116,105,-1
2017,2,2017-09-17,Sunday,13:00,400951636,Philadelphia Eagles,Kansas City Chiefs,20,27,-4,46.5,179,-199,-105,-105,-102,-108,4
2017,2,2017-09-17,Sunday,16:05,400951669,New York Jets,Las Vegas Raiders,20,45,-14,44,671,-850,-100,-110,-100,-110,14
2017,2,2017-09-17,Sunday,16:05,400951666,Miami Dolphins,Los Angeles Chargers,19,17,-3.5,46.5,166,-185,-105,-105,-100,-110,3.5
2017,2,2017-09-17,Sunday,16:25,400951674,Washington Commanders,Los Angeles Rams,27,20,-3,45.5,136,-150,-106,-104,-105,-105,3
2017,2,2017-09-17,Sunday,13:00,400951639,New England Patriots,New Orleans Saints,36,20,5.5,55,-220,197,103,-114,-113,102,-5.5
2017,2,2017-09-17,Sunday,13:00,400951643,Minnesota Vikings,Pittsburgh Steelers,9,26,-8.5,43,330,-380,-104,-106,106,-117,8.5
2017,2,2017-09-17,Sunday,16:25,400951676,San Francisco 49ers,Seattle Seahawks,9,12,-13.5,42,638,-800,-110,-100,-117,106,13.5
2017,2,2017-09-17,Sunday,13:00,400951645,Chicago Bears,Tampa Bay Buccaneers,7,29,-7,44,270,-307,-100,-110,-100,-110,7
2017,2,2017-09-18,Monday,20:30,400951681,Detroit Lions,New York Giants,24,10,-3,42,151,-167,107,-118,-104,-106,3
2017,3,2017-09-21,Thursday,20:25,400951568,Los Angeles Rams,San Francisco 49ers,41,39,3,40.5,-140,127,106,-117,-101,-109,-3
2017,3,2017-09-24,Sunday,13:00,400951583,Denver Broncos,Buffalo Bills,16,26,3.5,40,-180,162,-102,-108,-115,104,-3.5
2017,3,2017-09-24,Sunday,13:00,400951587,New Orleans Saints,Carolina Panthers,34,13,-5.5,46.5,216,-242,-100,-110,-103,-107,5.5
2017,3,2017-09-24,Sunday,13:00,400951590,Pittsburgh Steelers,Chicago Bears,17,23,7,43.5,-300,264,106,-117,-105,-105,-7
2017,3,2017-09-24,Sunday,13:00,400951594,Atlanta Falcons,Detroit Lions,30,26,3,51,-167,151,-116,105,-105,-105,-3
2017,3,2017-09-24,Sunday,16:25,400951627,Cincinnati Bengals,Green Bay Packers,24,27,-7,47.5,293,-335,-104,-106,101,-111,7
2017,3,2017-09-24,Sunday,13:00,400951599,Cleveland Browns,Indianapolis Colts,28,31,-1,42,105,-116,-100,-110,-107,-103,1
2017,3,2017-09-24,Sunday,21:30,400951579,Baltimore Ravens,Jacksonville Jaguars,7,44,3,38,-162,146,-110,-100,-100,-110,-3
2017,3,2017-09-24,Sunday,16:25,400951634,Kansas City Chiefs,Los Angeles Chargers,24,10,3,47.5,-145,131,107,-118,-106,-104,-3
2017,3,2017-09-24,Sunday,13:00,400951604,Tampa Bay Buccaneers,Minnesota Vikings,17,34,0,41,-104,-106,-100,-110,-110,100,0
2017,3,2017-09-24,Sunday,13:00,400951607,Houston Texans,New England Patriots,33,36,-13.5,44.5,761,-990,-110,100,-114,103,13.5
2017,3,2017-09-24,Sunday,13:00,400951611,Miami Dolphins,New York Jets,6,20,5.5,43,-224,200,-103,-107,-108,-102,-5.5
2017,3,2017-09-24,Sunday,13:00,400951616,New York Giants,Philadelphia Eagles,24,27,-5,42,205,-230,-104,-106,-103,-107,5
2017,3,2017-09-24,Sunday,16:05,400951623,Seattle Seahawks,Tennessee Titans,27,33,-2,42,118,-130,105,-116,-104,-106,2
2017,3,2017-09-24,Sunday,20:30,400951644,Las Vegas Raiders,Washington Commanders,10,27,3.5,53,-185,166,-103,-107,-110,-100,-3.5
2017,3,2017-09-25,Monday,20:30,400951668,Dallas Cowboys,Arizona Cardinals,28,17,3,46.5,-151,137,104,-115,-110,-100,-3
2017,4,2017-09-28,Thursday,20:25,400951678,Chicago Bears,Green Bay Packers,14,35,-7.5,44,,,,,,,7.5
2017,4,2017-10-01,Sunday,16:05,400951735,San Francisco 49ers,Arizona Cardinals,15,18,-6.5,43,235,-265,-104,-106,-101,-109,6.5
2017,4,2017-10-01,Sunday,13:00,400951685,Buffalo Bills,Atlanta Falcons,23,17,-8,48,330,-380,-105,-105,-100,-110,8
2017,4,2017-10-01,Sunday,13:00,400951708,Pittsburgh Steelers,Baltimore Ravens,26,9,3.5,42,-185,166,100,-110,-105,-105,-3.5
2017,4,2017-10-01,Sunday,13:00,400951712,Cincinnati Bengals,Cleveland Browns,31,7,3,41.5,-164,148,-115,104,-103,-107,-3
2017,4,2017-10-01,Sunday,13:00,400951716,Los Angeles Rams,Dallas Cowboys,35,30,-5,51,211,-237,-105,-105,-105,-105,5
2017,4,2017-10-01,Sunday,16:25,400951744,Las Vegas Raiders,Denver Broncos,10,16,-3.5,44,166,-185,-102,-108,-113,102,3.5
2017,4,2017-10-01,Sunday,13:00,400951720,Tennessee Titans,Houston Texans,14,57,2.5,43,-139,126,-113,102,-107,-103,-2.5
2017,4,2017-10-01,Sunday,16:05,400951738,Philadelphia Eagles,Los Angeles Chargers,26,24,-1.5,48,106,-117,-105,-105,-109,-101,1.5
2017,4,2017-10-01,Sunday,21:30,400950241,New Orleans Saints,Miami Dolphins,20,0,4,51.5,-196,176,-106,-104,100,-110,-4
2017,4,2017-10-01,Sunday,13:00,400951724,Detroit Lions,Minnesota Vikings,14,7,-2.5,43,140,-155,115,-127,-100,-110,2.5
2017,4,2017-10-01,Sunday,13:00,400951727,Carolina Panthers,New England Patriots,33,30,-9,48,385,-450,-110,-100,-100,-110,9
2017,4,2017-10-01,Sunday,13:00,400951730,Jacksonville Jaguars,New York Jets,20,23,4,38.5,-195,175,-100,-110,-103,-107,-4
2017,4,2017-10-01,Sunday,20:30,400951747,Indianapolis Colts,Seattle Seahawks,18,46,-12.5,41.5,604,-750,-110,-100,-101,-109,12.5
2017,4,2017-10-01,Sunday,16:05,400951742,New York Giants,Tampa Bay Buccaneers,23,25,-2.5,46,126,-139,-103,-107,-102,-108,2.5
2017,4,2017-10-02,Monday,20:30,400951752,Washington Commanders,Kansas City Chiefs,20,29,-6.5,48,239,-269,-110,-100,-115,104,6.5
2017,5,2017-10-05,Thursday,20:25,400951552,New England Patriots,Tampa Bay Buccaneers,19,14,3.5,54.5,-180,162,-100,-110,-107,-103,-3.5
2017,5,2017-10-08,Sunday,13:00,400951554,Buffalo Bills,Cincinnati Bengals,16,20,-3,39,136,-150,-108,-102,-100,-110,3
2017,5,2017-10-08,Sunday,13:00,400951556,New York Jets,Cleveland Browns,17,14,1.5,41.5,-122,111,-107,-103,-105,-105,-1.5
2017,5,2017-10-08,Sunday,16:25,400951661,Green Bay Packers,Dallas Cowboys,35,31,-2.5,52,126,-139,104,-115,102,-113,2.5
2017,5,2017-10-08,Sunday,13:00,400951558,Carolina Panthers,Detroit Lions,27,24,-2,42,118,-130,-105,-105,-108,-102,2
2017,5,2017-10-08,Sunday,20:30,400951664,Kansas City Chiefs,Houston Texans,42,34,2,45,-128,116,-109,-101,-113,102,-2
2017,5,2017-10-08,Sunday,13:00,400951562,San Francisco 49ers,Indianapolis Colts,23,26,1,43.5,-104,-106,102,-113,-107,-103,-1
2017,5,2017-10-08,Sunday,16:05,400951659,Baltimore Ravens,Las Vegas Raiders,30,17,-3,40.5,140,-155,-105,-105,-100,-110,3
2017,5,2017-10-08,Sunday,16:05,400951657,Seattle Seahawks,Los Angeles Rams,16,10,-2,46.5,120,-133,102,-113,-109,-101,2
2017,5,2017-10-08,Sunday,13:00,400951646,Tennessee Titans,Miami Dolphins,10,16,0,41.5,102,-113,-100,-110,-101,-109,0
2017,5,2017-10-08,Sunday,13:00,400951650,Los Angeles Chargers,New York Giants,27,22,-3,45.5,144,-160,-104,-106,-108,-102,3
2017,5,2017-10-08,Sunday,13:00,400951651,Arizona Cardinals,Philadelphia Eagles,7,34,-6,45,226,-254,100,-110,-115,104,6
2017,5,2017-10-08,Sunday,13:00,400951655,Jacksonville Jaguars,Pittsburgh Steelers,30,9,-7.5,41,289,-330,-123,111,107,-118,7.5
2017,5,2017-10-09,Monday,20:30,400951691,Minnesota Vikings,Chicago Bears,20,17,3.5,41,-177,159,103,-114,-108,-102,-3.5
2017,6,2017-10-12,Thursday,20:25,400951695,Philadelphia Eagles,Carolina Panthers,28,23,-3,44,134,-148,-113,102,-117,106,3
2017,6,2017-10-15,Sunday,16:05,400951770,Tampa Bay Buccaneers,Arizona Cardinals,33,38,2.5,46.5,-134,121,-115,104,-105,-105,-2.5
2017,6,2017-10-15,Sunday,13:00,400951697,Miami Dolphins,Atlanta Falcons,20,17,-14,46,638,-800,-110,100,-100,-110,14
2017,6,2017-10-15,Sunday,13:00,400951699,Chicago Bears,Baltimore Ravens,27,24,-5.5,39.5,201,-225,-109,-101,102,-113,5.5
2017,6,2017-10-15,Sunday,20:30,400951782,New York Giants,Denver Broncos,23,10,-14,37.5,569,-700,-113,102,-115,104,14
2017,6,2017-10-15,Sunday,13:00,400951700,Cleveland Browns,Houston Texans,17,33,-7.5,46,277,-315,-113,102,-107,-103,7.5
2017,6,2017-10-15,Sunday,16:05,400951773,Los Angeles Rams,Jacksonville Jaguars,27,17,-1,42,104,-115,-102,-108,-110,-100,1
2017,6,2017-10-15,Sunday,16:25,400951776,Pittsburgh Steelers,Kansas City Chiefs,19,13,-3.5,46.5,153,-170,-123,111,-105,-105,3.5
2017,6,2017-10-15,Sunday,16:25,400951779,Los Angeles Chargers,Las Vegas Raiders,17,16,-3,48.5,140,-155,-104,-106,-117,106,3
2017,6,2017-10-15,Sunday,13:00,400951702,Green Bay Packers,Minnesota Vikings,10,23,3,46,-150,136,102,-113,-100,-110,-3
2017,6,2017-10-15,Sunday,13:00,400951704,Detroit Lions,New Orleans Saints,38,52,-6,50.5,205,-230,-115,104,-109,-101,6
2017,6,2017-10-15,Sunday,13:00,400951766,New England Patriots,New York Jets,24,17,9,48.5,-400,346,-105,-105,-103,-107,-9
2017,6,2017-10-15,Sunday,13:00,400951767,San Francisco 49ers,Washington Commanders,24,26,-12,46,408,-480,-119,108,-105,-105,12
2017,6,2017-10-16,Monday,20:30,400951785,Indianapolis Colts,Tennessee Titans,22,36,-7,46,250,-283,-109,-101,-113,102,7
2017,7,2017-10-19,Thursday,20:25,400951571,Kansas City Chiefs,Las Vegas Raiders,30,31,3,46.5,-155,140,-106,-104,-113,102,-3
2017,7,2017-10-22,Sunday,13:00,400951575,Tampa Bay Buccaneers,Buffalo Bills,27,30,-3,46.5,150,-166,105,-116,-102,-108,3
2017,7,2017-10-22,Sunday,13:00,400951578,Carolina Panthers,Chicago Bears,3,17,2.5,39.5,-139,126,-114,103,-110,-100,-2.5
2017,7,2017-10-22,Sunday,13:00,400951582,Tennessee Titans,Cleveland Browns,12,9,5.5,42.5,-230,205,-105,-105,-108,-102,-5.5
2017,7,2017-10-22,Sunday,13:00,400951585,New Orleans Saints,Green Bay Packers,26,17,3.5,45.5,-190,171,-113,102,-106,-104,-3.5
2017,7,2017-10-22,Sunday,13:00,400951589,Jacksonville Jaguars,Indianapolis Colts,27,0,3,41,-156,141,-110,-100,-100,-110,-3
2017,7,2017-10-22,Sunday,16:25,400951624,Denver Broncos,Los Angeles Chargers,0,21,1,41,-105,-105,-100,-110,-101,-109,-1
2017,7,2017-10-22,Sunday,13:00,400951593,Arizona Cardinals,Los Angeles Rams,0,33,-3,45.5,148,-164,106,-117,-107,-103,3
2017,7,2017-10-22,Sunday,13:00,400951598,New York Jets,Miami Dolphins,28,31,-3,40,144,-160,-104,-106,-108,-102,3
2017,7,2017-10-22,Sunday,13:00,400951603,Baltimore Ravens,Minnesota Vikings,16,24,-5,37.5,197,-220,-104,-106,-102,-108,5
2017,7,2017-10-22,Sunday,20:30,400951638,Atlanta Falcons,New England Patriots,7,23,-3,56.5,136,-150,-115,104,-109,-101,3
2017,7,2017-10-22,Sunday,16:25,400951628,Seattle Seahawks,New York Giants,24,7,4,39,-208,186,-110,-100,-108,-102,-4
2017,7,2017-10-22,Sunday,16:25,400951609,Cincinnati Bengals,Pittsburgh Steelers,14,29,-4,40,179,-199,-100,-110,100,-110,4
2017,7,2017-10-22,Sunday,16:05,400951619,Dallas Cowboys,San Francisco 49ers,40,10,6.5,48,-265,235,-103,-107,-107,-103,-6.5
2017,7,2017-10-23,Monday,20:30,400951641,Washington Commanders,Philadelphia Eagles,24,34,-5,48.5,201,-225,-107,-103,-110,100,5
2017,8,2017-10-26,Thursday,20:25,400951670,Miami Dolphins,Baltimore Ravens,0,40,-3,38,141,-156,-103,-107,-106,-104,3
2017,8,2017-10-29,Sunday,13:00,400951706,Las Vegas Raiders,Buffalo Bills,14,34,-2.5,47,116,-128,-104,-106,-104,-106,2.5
2017,8,2017-10-29,Sunday,13:00,400951711,Indianapolis Colts,Cincinnati Bengals,23,24,-11,44,423,-500,-110,-100,-110,100,11
2017,8,2017-10-29,Sunday,21:30,400951683,Minnesota Vikings,Cleveland Browns,33,16,11,38.5,-480,408,-108,-102,102,-113,-11
2017,8,2017-10-29,Sunday,20:30,400951736,Pittsburgh Steelers,Detroit Lions,20,15,3,44.5,-170,153,-120,109,-100,-110,-3
2017,8,2017-10-29,Sunday,13:00,400951715,Los Angeles Chargers,New England Patriots,13,21,-6.5,49.5,241,-272,-100,-110,-105,-105,6.5
2017,8,2017-10-29,Sunday,13:00,400951717,Chicago Bears,New Orleans Saints,12,20,-7.5,46,305,-350,-104,-106,-110,100,7.5
2017,8,2017-10-29,Sunday,13:00,400951721,Atlanta Falcons,New York Jets,25,20,6.5,43.5,-280,248,-113,102,108,-119,-6.5
2017,8,2017-10-29,Sunday,13:00,400951723,San Francisco 49ers,Philadelphia Eagles,10,33,-13,45,604,-750,-100,-110,-109,-101,13
2017,8,2017-10-29,Sunday,16:05,400951729,Houston Texans,Seattle Seahawks,38,41,-6,45,222,-250,-108,-102,-105,-105,6
2017,8,2017-10-29,Sunday,13:00,400951725,Carolina Panthers,Tampa Bay Buccaneers,17,3,-1.5,46,111,-123,-100,-110,-113,102,1.5
2017,8,2017-10-29,Sunday,16:25,400951732,Dallas Cowboys,Washington Commanders,33,19,3,46.5,-167,151,-115,104,102,-113,-3
2017,8,2017-10-30,Monday,20:30,400951737,Denver Broncos,Kansas City Chiefs,19,29,-7,42,273,-310,-107,-103,-113,102,7
2017,9,2017-11-02,Thursday,20:25,400951743,Buffalo Bills,New York Jets,21,34,3,42,-175,158,-124,112,-102,-108,-3
2017,9,2017-11-05,Sunday,13:00,400951749,Atlanta Falcons,Carolina Panthers,17,20,3,42,-148,134,104,-115,-113,102,-3
2017,9,2017-11-05,Sunday,16:25,400951786,Kansas City Chiefs,Dallas Cowboys,17,28,-2,53,116,-128,-103,-107,-104,-106,2
2017,9,2017-11-05,Sunday,13:00,400951751,Indianapolis Colts,Houston Texans,20,14,-6,45,225,-253,-100,-110,-107,-103,6
2017,9,2017-11-05,Sunday,13:00,400951753,Cincinnati Bengals,Jacksonville Jaguars,7,23,-6,38,205,-230,-110,-100,-103,-107,6
2017,9,2017-11-05,Sunday,20:30,400951787,Las Vegas Raiders,Miami Dolphins,27,24,3,44.5,-155,140,-110,100,-110,-100,-3
2017,9,2017-11-05,Sunday,13:00,400951755,Tampa Bay Buccaneers,New Orleans Saints,10,30,-7,54,264,-300,-109,-101,-100,-110,7
2017,9,2017-11-05,Sunday,13:00,400951758,Los Angeles Rams,New York Giants,51,17,5.5,42.5,-247,220,-113,102,-108,-102,-5.5
2017,9,2017-11-05,Sunday,13:00,400951760,Denver Broncos,Philadelphia Eagles,23,51,-7,41,264,-300,-114,103,-108,-102,7
2017,9,2017-11-05,Sunday,16:05,400951763,Arizona Cardinals,San Francisco 49ers,20,10,2.5,39,-130,118,-102,-108,-106,-104,-2.5
2017,9,2017-11-05,Sunday,16:05,400951765,Washington Commanders,Seattle Seahawks,17,14,-8,44.5,338,-390,-105,-105,-107,-103,8
2017,9,2017-11-05,Sunday,13:00,400951761,Baltimore Ravens,Tennessee Titans,20,23,-3,41,155,-172,107,-118,-113,102,3
2017,9,2017-11-06,Monday,20:30,400951790,Detroit Lions,Green Bay Packers,30,17,2.5,42.5,-130,118,-108,-102,-100,-110,-2.5
2017,10,2017-11-09,Thursday,20:25,400951553,Seattle Seahawks,Arizona Cardinals,22,16,6,40,-245,218,-101,-109,-101,-109,-6
2017,10,2017-11-12,Sunday,16:25,400951686,Dallas Cowboys,Atlanta Falcons,7,27,-3.5,49,166,-185,-105,-105,-109,-101,3.5
2017,10,2017-11-12,Sunday,13:00,400951555,New Orleans Saints,Buffalo Bills,47,10,2,48.5,-128,116,-107,-103,-111,101,-2
2017,10,2017-11-12,Sunday,13:00,400951559,Green Bay Packers,Chicago Bears,23,16,-4.5,37.5,201,-225,104,-115,-106,-104,4.5
2017,10,2017-11-12,Sunday,20:30,400951690,New England Patriots,Denver Broncos,41,16,7,45,-277,245,111,-123,-117,106,-7
2017,10,2017-11-12,Sunday,13:00,400951563,Cleveland Browns,Detroit Lions,24,38,-10.5,42.5,385,-450,-119,108,-102,-108,10.5
2017,10,2017-11-12,Sunday,13:00,400951565,Pittsburgh Steelers,Indianapolis Colts,20,17,10.5,47,-470,400,-110,-100,-106,-104,-10.5
2017,10,2017-11-12,Sunday,13:00,400951648,Los Angeles Chargers,Jacksonville Jaguars,17,20,-5,40.5,197,-220,-102,-108,-100,-110,5
2017,10,2017-11-12,Sunday,16:05,400951663,Houston Texans,Los Angeles Rams,7,33,-12,45,534,-650,-101,-109,-108,-102,12
2017,10,2017-11-12,Sunday,16:25,400951688,New York Giants,San Francisco 49ers,21,31,3,41.5,-162,146,-113,102,-117,106,-3
2017,10,2017-11-12,Sunday,13:00,400951653,New York Jets,Tampa Bay Buccaneers,10,15,-1,44.5,113,-125,106,-117,-104,-106,1
2017,10,2017-11-12,Sunday,13:00,400951656,Cincinnati Bengals,Tennessee Titans,20,24,-4.5,40.5,197,-220,-100,-110,101,-111,4.5
2017,10,2017-11-12,Sunday,13:00,400951658,Minnesota Vikings,Washington Commanders,38,30,1,43,-104,-106,103,-114,-103,-107,-1
2017,10,2017-11-13,Monday,20:30,400951693,Miami Dolphins,Carolina Panthers,21,45,-8,38.5,318,-365,-110,-100,-107,-103,8
2017,11,2017-11-16,Thursday,20:25,400951698,Tennessee Titans,Pittsburgh Steelers,17,40,-7,44.5,277,-315,-113,102,-110,-100,7
2017,11,2017-11-19,Sunday,13:00,400951701,Detroit Lions,Chicago Bears,27,24,3,41,-155,140,-103,-107,-109,-101,-3
2017,11,2017-11-19,Sunday,13:00,400951769,Jacksonville Jaguars,Cleveland Browns,19,7,7.5,37,-310,273,102,-113,-108,-102,-7.5
2017,11,2017-11-19,Sunday,20:30,400951817,Philadelphia Eagles,Dallas Cowboys,37,9,6,48,-233,208,-100,-110,-109,-101,-6
2017,11,2017-11-19,Sunday,16:25,400951810,Cincinnati Bengals,Denver Broncos,20,17,-2.5,37.5,140,-155,116,-128,-107,-103,2.5
2017,11,2017-11-19,Sunday,13:00,400951703,Baltimore Ravens,Green Bay Packers,23,0,2.5,38.5,-134,121,-108,-102,-107,-103,-2.5
2017,11,2017-11-19,Sunday,13:00,400951771,Arizona Cardinals,Houston Texans,21,31,-2.5,38,118,-130,-107,-103,-107,-103,2.5
2017,11,2017-11-19,Sunday,16:25,400951815,New England Patriots,Las Vegas Raiders,33,8,7,55,-290,256,-101,-109,-102,-108,-7
2017,11,2017-11-19,Sunday,16:05,400951807,Buffalo Bills,Los Angeles Chargers,24,54,-7,41.5,264,-300,-109,-101,-110,100,7
2017,11,2017-11-19,Sunday,13:00,400981391,Tampa Bay Buccaneers,Miami Dolphins,30,20,1,44,-119,108,-113,102,-110,100,-1
2017,11,2017-11-19,Sunday,13:00,400951775,Los Angeles Rams,Minnesota Vikings,7,24,-1,46,106,-117,-103,-107,102,-113,1
2017,11,2017-11-19,Sunday,13:00,400951780,Washington Commanders,New Orleans Saints,31,34,-9.5,52.5,314,-360,-113,102,-105,-105,9.5
2017,11,2017-11-19,Sunday,13:00,400951783,Kansas City Chiefs,New York Giants,9,12,10,44.5,-390,338,108,-119,-105,-105,-10
2017,11,2017-11-20,Monday,20:30,400951818,Atlanta Falcons,Seattle Seahawks,34,31,-1,46,103,-114,-104,-106,-102,-108,1
2017,12,2017-11-23,Thursday,16:30,400951573,Los Angeles Chargers,Dallas Cowboys,28,6,1,46.5,-117,106,-110,-100,-104,-106,-1
2017,12,2017-11-23,Thursday,12:30,400951569,Minnesota Vikings,Detroit Lions,30,23,2.5,46,-135,122,-110,100,-107,-103,-2.5
2017,12,2017-11-23,Thursday,20:30,400951577,New York Giants,Washington Commanders,10,20,-7,44,273,-310,-102,-108,-108,-102,7
2017,12,2017-11-26,Sunday,16:25,400951622,Jacksonville Jaguars,Arizona Cardinals,24,27,6.5,37.5,-260,231,100,-110,-119,108,-6.5
2017,12,2017-11-26,Sunday,13:00,400951586,Tampa Bay Buccaneers,Atlanta Falcons,20,34,-10.5,47,400,-470,-117,106,104,-115,10.5
2017,12,2017-11-26,Sunday,13:00,400951588,Cleveland Browns,Cincinnati Bengals,16,30,-7.5,39,277,-315,-113,102,100,-110,7.5
2017,12,2017-11-26,Sunday,13:00,400951591,Tennessee Titans,Indianapolis Colts,20,16,3,46.5,-174,157,-123,111,-113,102,-3
2017,12,2017-11-26,Sunday,13:00,400951595,Buffalo Bills,Kansas City Chiefs,16,10,-8.5,47.5,305,-350,-115,104,-100,-110,8.5
2017,12,2017-11-26,Sunday,16:25,400951629,Denver Broncos,Las Vegas Raiders,14,21,-3.5,41,186,-208,101,-111,-104,-106,3.5
2017,12,2017-11-26,Sunday,16:25,400951614,New Orleans Saints,Los Angeles Rams,20,26,-2.5,54,131,-145,107,-118,-107,-103,2.5
2017,12,2017-11-26,Sunday,13:00,400951600,Miami Dolphins,New England Patriots,17,35,-17,49,894,-1300,-125,113,-102,-108,17
2017,12,2017-11-26,Sunday,13:00,400951606,Carolina Panthers,New York Jets,35,27,5.5,39.5,-242,216,-110,-100,-109,-101,-5.5
2017,12,2017-11-26,Sunday,13:00,400951610,Chicago Bears,Philadelphia Eagles,3,31,-14,43.5,604,-750,-123,111,-114,103,14
2017,12,2017-11-26,Sunday,20:30,400951633,Green Bay Packers,Pittsburgh Steelers,28,31,-14,43,704,-900,-104,-106,-109,-101,14
2017,12,2017-11-26,Sunday,16:05,400951618,Seattle Seahawks,San Francisco 49ers,24,13,7,45,-285,252,106,-117,-103,-107,-7
2017,12,2017-11-27,Monday,20:30,400951640,Houston Texans,Baltimore Ravens,16,23,-7.5,39.5,311,-357,-103,-107,-108,-102,7.5
2017,13,2017-11-30,Thursday,20:25,400951672,Washington Commanders,Dallas Cowboys,14,38,1.5,47,-119,108,-107,-103,-114,103,-1.5
2017,13,2017-12-03,Sunday,16:25,400951733,Los Angeles Rams,Arizona Cardinals,32,16,7.5,43,-310,273,106,-117,-111,101,-7.5
2017,13,2017-12-03,Sunday,13:00,400951677,Minnesota Vikings,Atlanta Falcons,14,9,-2,48.5,110,-121,-110,100,-108,-102,2
2017,13,2017-12-03,Sunday,13:00,400951680,Detroit Lions,Baltimore Ravens,20,44,-2.5,43,117,-129,-106,-104,-110,-100,2.5
2017,13,2017-12-03,Sunday,13:00,400951684,New England Patriots,Buffalo Bills,23,3,7.5,48.5,-325,285,104,-115,102,-112,-7.5
2017,13,2017-12-03,Sunday,13:00,400951707,San Francisco 49ers,Chicago Bears,15,14,-2.5,42,125,-138,103,-114,-103,-107,2.5
2017,13,2017-12-03,Sunday,13:00,400951710,Tampa Bay Buccaneers,Green Bay Packers,20,26,-3,45,146,-162,104,-115,104,-115,3
2017,13,2017-12-03,Sunday,13:00,400951713,Indianapolis Colts,Jacksonville Jaguars,10,30,-10,41,377,-440,-114,103,-106,-104,10
2017,13,2017-12-03,Sunday,16:25,400951740,New York Giants,Las Vegas Raiders,17,24,-10,43,385,-450,-107,-103,-110,100,10
2017,13,2017-12-03,Sunday,16:05,400951731,Cleveland Browns,Los Angeles Chargers,10,19,-13.5,45,607,-754,-117,106,-123,111,13.5
2017,13,2017-12-03,Sunday,13:00,400951718,Denver Broncos,Miami Dolphins,9,35,1,41,-117,106,-110,100,-105,-105,-1
2017,13,2017-12-03,Sunday,16:25,400951722,Carolina Panthers,New Orleans Saints,21,31,-5.5,48,221,-248,-102,-108,-111,101,5.5
2017,13,2017-12-03,Sunday,13:00,400951726,Kansas City Chiefs,New York Jets,31,38,3.5,44,-190,171,-108,-102,-105,-105,-3.5
2017,13,2017-12-03,Sunday,20:30,400951746,Philadelphia Eagles,Seattle Seahawks,10,24,3.5,46.5,-190,171,-110,-100,-106,-104,-3.5
2017,13,2017-12-03,Sunday,13:00,400951728,Houston Texans,Tennessee Titans,13,24,-7,42.5,252,-285,-108,-102,-106,-104,7
2017,13,2017-12-04,Monday,20:30,400951754,Pittsburgh Steelers,Cincinnati Bengals,23,20,4.5,42.5,-213,191,-102,-108,-105,-105,-4.5
2017,14,2017-12-07,Thursday,20:25,400951557,New Orleans Saints,Atlanta Falcons,17,20,-2.5,51.5,121,-134,-105,-105,-102,-108,2.5
2017,14,2017-12-10,Sunday,16:05,400951662,Tennessee Titans,Arizona Cardinals,7,12,2.5,42,-143,129,-115,104,-107,-103,-2.5
2017,14,2017-12-10,Sunday,13:00,400951560,Indianapolis Colts,Buffalo Bills,7,13,-3.5,36.5,162,-180,-115,104,102,-113,3.5
2017,14,2017-12-10,Sunday,13:00,400951561,Minnesota Vikings,Carolina Panthers,24,31,2.5,40.5,-128,116,-102,-108,-108,-102,-2.5
2017,14,2017-12-10,Sunday,13:00,400951564,Chicago Bears,Cincinnati Bengals,33,7,-6,40.5,231,-260,-101,-109,-115,104,6
2017,14,2017-12-10,Sunday,13:00,400951647,Green Bay Packers,Cleveland Browns,27,21,2.5,38.5,-133,120,-106,-104,-100,-110,-2.5
2017,14,2017-12-10,Sunday,16:05,400951665,New York Jets,Denver Broncos,0,23,1,40.5,-104,-106,101,-111,-103,-107,-1
2017,14,2017-12-10,Sunday,13:00,400951649,San Francisco 49ers,Houston Texans,26,16,-1,45.5,111,-123,104,-115,-109,-101,1
2017,14,2017-12-10,Sunday,16:25,400951652,Seattle Seahawks,Jacksonville Jaguars,24,30,-3,41,129,-143,-125,113,-110,-100,3
2017,14,2017-12-10,Sunday,13:00,400951654,Las Vegas Raiders,Kansas City Chiefs,15,26,-4.5,48.5,187,-209,-113,102,-105,-105,4.5
2017,14,2017-12-10,Sunday,16:05,400951687,Washington Commanders,Los Angeles Chargers,13,30,-6,46.5,235,-265,-102,-108,-106,-104,6
2017,14,2017-12-10,Sunday,16:25,400951689,Philadelphia Eagles,Los Angeles Rams,43,35,1,47.5,-115,104,-108,-102,-104,-106,-1
2017,14,2017-12-10,Sunday,13:00,400951692,Dallas Cowboys,New York Giants,30,10,4,42,-195,175,-101,-109,-103,-107,-4
2017,14,2017-12-10,Sunday,20:30,400951694,Baltimore Ravens,Pittsburgh Steelers,38,39,-6,43,217,-244,-110,-100,-105,-105,6
2017,14,2017-12-10,Sunday,13:00,400951660,Detroit Lions,Tampa Bay Buccaneers,24,21,0,47.5,-123,111,-102,-108,106,-117,0
2017,14,2017-12-11,Monday,20:30,400951696,New England Patriots,Miami Dolphins,20,27,10,48,-485,412,-104,-106,-105,-105,-10
2017,15,2017-12-14,Thursday,20:25,400951705,Denver Broncos,Indianapolis Colts,25,13,3,40.5,-145,131,104,-115,-102,-108,-3
2017,15,2017-12-16,Saturday,16:30,400951768,Chicago Bears,Detroit Lions,10,20,-5,43.5,211,-236,-101,-109,-106,-104,5
2017,15,2017-12-16,Saturday,20:25,400951772,Los Angeles Chargers,Kansas City Chiefs,13,30,-1,47,102,-113,-104,-106,102,-113,1
2017,15,2017-12-17,Sunday,13:00,400951774,Miami Dolphins,Buffalo Bills,16,24,-3.5,39.5,166,-185,-107,-103,104,-115,3.5
2017,15,2017-12-17,Sunday,13:00,400951777,Green Bay Packers,Carolina Panthers,24,31,-3,46.5,136,-150,-110,-100,-107,-103,3
2017,15,2017-12-17,Sunday,13:00,400951778,Baltimore Ravens,Cleveland Browns,27,10,6.5,42,-260,231,-102,-108,102,-113,-6.5
2017,15,2017-12-17,Sunday,13:00,400951781,Houston Texans,Jacksonville Jaguars,7,45,-10.5,39,385,-450,-113,102,-102,-108,10.5
2017,15,2017-12-17,Sunday,20:30,400951814,Dallas Cowboys,Las Vegas Raiders,20,17,3,46,-143,129,104,-115,-108,-102,-3
2017,15,2017-12-17,Sunday,13:00,400951784,Cincinnati Bengals,Minnesota Vikings,7,34,-12.5,42.5,534,-650,-100,-110,104,-115,12.5
2017,15,2017-12-17,Sunday,13:00,400951806,New York Jets,New Orleans Saints,19,31,-16.5,47,789,-1100,-113,102,-107,-103,16.5
2017,15,2017-12-17,Sunday,13:00,400951808,Philadelphia Eagles,New York Giants,34,29,7.5,40.5,-300,264,108,-119,-103,-107,-7.5
2017,15,2017-12-17,Sunday,16:25,400951812,New England Patriots,Pittsburgh Steelers,27,24,2.5,53,-139,126,-113,102,104,-115,-2.5
2017,15,2017-12-17,Sunday,16:25,400951813,Tennessee Titans,San Francisco 49ers,23,25,-2.5,44.5,111,-123,-113,102,-108,-102,2.5
2017,15,2017-12-17,Sunday,16:05,400951811,Los Angeles Rams,Seattle Seahawks,42,7,1,47.5,-105,-105,-100,-110,100,-110,-1
2017,15,2017-12-17,Sunday,13:00,400951809,Arizona Cardinals,Washington Commanders,15,20,-4,40,181,-202,-100,-110,-108,-102,4
2017,15,2017-12-18,Monday,20:30,400951816,Atlanta Falcons,Tampa Bay Buccaneers,24,21,7,49.5,-320,281,-105,-105,-109,-101,-7
2017,16,2017-12-23,Saturday,16:30,400951596,Indianapolis Colts,Baltimore Ravens,16,23,-13.5,41,638,-800,-108,-102,-110,-100,13.5
2017,16,2017-12-23,Saturday,20:30,400951602,Minnesota Vikings,Green Bay Packers,16,0,8.5,41,-400,346,-100,-110,-104,-106,-8.5
2017,16,2017-12-24,Sunday,16:25,400951682,New York Giants,Arizona Cardinals,0,23,-3,39,156,-173,105,-116,-104,-106,3
2017,16,2017-12-24,Sunday,13:00,400951613,Tampa Bay Buccaneers,Carolina Panthers,19,22,-10,46.5,385,-450,-108,-102,104,-115,10
2017,16,2017-12-24,Sunday,13:00,400951617,Cleveland Browns,Chicago Bears,3,20,-5.5,37,205,-230,-104,-106,-110,-100,5.5
2017,16,2017-12-24,Sunday,13:00,400951621,Detroit Lions,Cincinnati Bengals,17,26,3,43.5,-154,139,-104,-106,-105,-105,-3
2017,16,2017-12-24,Sunday,16:25,400951709,Seattle Seahawks,Dallas Cowboys,21,12,-4.5,47,191,-213,-105,-105,106,-117,4.5
2017,16,2017-12-24,Sunday,13:00,400951625,Miami Dolphins,Kansas City Chiefs,13,29,-11,43.5,431,-510,-110,-100,-107,-103,11
2017,16,2017-12-24,Sunday,13:00,400951631,Buffalo Bills,New England Patriots,16,37,-11,47.5,431,-510,-103,-107,102,-112,11
2017,16,2017-12-24,Sunday,13:00,400951637,Atlanta Falcons,New Orleans Saints,13,23,-5.5,52,216,-242,-102,-108,-107,-103,5.5
2017,16,2017-12-24,Sunday,13:00,400951642,Los Angeles Chargers,New York Jets,14,7,7.5,42.5,-300,264,106,-117,-107,-103,-7.5
2017,16,2017-12-24,Sunday,16:05,400951675,Jacksonville Jaguars,San Francisco 49ers,33,44,4,43,-208,186,-102,-108,-106,-104,-4
2017,16,2017-12-24,Sunday,13:00,400951667,Los Angeles Rams,Tennessee Titans,27,23,5.5,46,-230,205,-105,-105,-105,-105,-5.5
2017,16,2017-12-24,Sunday,13:00,400951671,Denver Broncos,Washington Commanders,11,27,-3,39.5,144,-160,100,-110,-114,103,3
2017,16,2017-12-25,Monday,16:30,400951714,Pittsburgh Steelers,Houston Texans,34,6,8,45.5,-400,346,-103,-107,-106,-104,-8
2017,16,2017-12-25,Monday,20:30,400951719,Las Vegas Raiders,Philadelphia Eagles,10,19,-10,46,361,-420,-107,-103,-107,-103,10
2017,17,2017-12-31,Sunday,16:25,400951734,Carolina Panthers,Atlanta Falcons,10,22,-5,44.5,211,-236,-100,-110,-110,-100,5
2017,17,2017-12-31,Sunday,16:25,400951739,Cincinnati Bengals,Baltimore Ravens,31,27,-8,40,322,-370,-113,102,-106,-104,8
2017,17,2017-12-31,Sunday,16:25,400951789,Kansas City Chiefs,Denver Broncos,27,24,-3,37.5,154,-174,102,-112,-105,-105,3
2017,17,2017-12-31,Sunday,13:00,400951741,Green Bay Packers,Detroit Lions,11,35,-7.5,45,277,-315,-114,103,-105,-105,7.5
2017,17,2017-12-31,Sunday,13:00,400951745,Houston Texans,Indianapolis Colts,13,22,-5.5,42,201,-230,-108,-102,-108,-102,5.5
2017,17,2017-12-31,Sunday,16:25,400951791,Las Vegas Raiders,Los Angeles Chargers,10,30,-7,43,269,-305,-115,104,104,-115,7
2017,17,2017-12-31,Sunday,16:25,400951792,San Francisco 49ers,Los Angeles Rams,34,13,6.5,44.5,-278,241,-113,102,-110,100,-6.5
2017,17,2017-12-31,Sunday,16:25,400951748,Buffalo Bills,Miami Dolphins,22,16,2.5,41.5,-130,118,-102,-108,-113,102,-2.5
2017,17,2017-12-31,Sunday,13:00,400951750,Chicago Bears,Minnesota Vikings,10,23,-13.5,38,581,-750,-123,111,-110,-100,13.5
2017,17,2017-12-31,Sunday,13:00,400951756,New York Jets,New England Patriots,6,26,-17,43.5,851,-1400,-120,109,106,-117,17
2017,17,2017-12-31,Sunday,13:00,400951757,Washington Commanders,New York Giants,10,18,5,41,-230,201,-113,102,-102,-108,-5
2017,17,2017-12-31,Sunday,13:00,400951759,Dallas Cowboys,Philadelphia Eagles,6,0,3.5,41,-200,176,-113,102,-109,-101,-3.5
2017,17,2017-12-31,Sunday,13:00,400951762,Cleveland Browns,Pittsburgh Steelers,24,28,-5,38.5,184,-210,-113,102,-123,111,5
2017,17,2017-12-31,Sunday,16:25,400951793,Arizona Cardinals,Seattle Seahawks,26,24,-8,38,325,-374,-111,101,100,-110,8
2017,17,2017-12-31,Sunday,16:25,400951764,New Orleans Saints,Tampa Bay Buccaneers,24,31,6,49,-250,222,-102,-108,111,-123,-6
2017,17,2017-12-31,Sunday,16:25,400951788,Jacksonville Jaguars,Tennessee Titans,10,15,-2.5,40,125,-138,102,-113,-106,-104,2.5
2018,1,2018-09-06,Thursday,20:20,401030710,Atlanta Falcons,Philadelphia Eagles,12,18,-1,44.5,-104,-106,-111,101,-109,-101,1
2018,1,2018-09-09,Sunday,16:25,401030725,Washington Commanders,Arizona Cardinals,24,6,-2,43.5,117,-129,-104,-106,102,-112,2
2018,1,2018-09-09,Sunday,13:00,401030711,Buffalo Bills,Baltimore Ravens,3,47,-7.5,39,309,-355,-106,-104,-120,109,7.5
2018,1,2018-09-09,Sunday,16:25,401030723,Dallas Cowboys,Carolina Panthers,8,16,-2.5,42.5,134,-149,110,-121,-116,105,2.5
2018,1,2018-09-09,Sunday,13:00,401030718,Pittsburgh Steelers,Cleveland Browns,21,21,3.5,41,-173,156,105,-116,-108,-102,-3.5
2018,1,2018-09-09,Sunday,16:25,401030721,Seattle Seahawks,Denver Broncos,24,27,-3,42.5,157,-175,109,-120,-106,-104,3
2018,1,2018-09-09,Sunday,20:20,401030726,Chicago Bears,Green Bay Packers,23,24,-6.5,45,240,-271,-110,-100,-113,102,6.5
2018,1,2018-09-09,Sunday,13:00,401030717,Cincinnati Bengals,Indianapolis Colts,34,23,1,47.5,-105,-105,102,-113,-110,100,-1
2018,1,2018-09-09,Sunday,16:05,401030720,Kansas City Chiefs,Los Angeles Chargers,38,28,-3.5,48,166,-185,-104,-106,-105,-105,3.5
2018,1,2018-09-09,Sunday,13:00,401030716,Tennessee Titans,Miami Dolphins,20,27,1,43.5,-115,104,-107,-103,-109,-101,-1
2018,1,2018-09-09,Sunday,13:00,401030715,San Francisco 49ers,Minnesota Vikings,16,24,-6,46.5,238,-268,-102,-108,-104,-106,6
2018,1,2018-09-09,Sunday,13:00,401030714,Houston Texans,New England Patriots,20,27,-6,49.5,214,-240,-105,-105,-119,108,6
2018,1,2018-09-09,Sunday,13:00,401030713,Tampa Bay Buccaneers,New Orleans Saints,48,40,-10,50,385,-450,-108,-102,-113,102,10
2018,1,2018-09-09,Sunday,13:00,401030712,Jacksonville Jaguars,New York Giants,20,15,2.5,43,-141,127,-117,106,-114,103,-2.5
2018,1,2018-09-10,Monday,19:10,401030728,New York Jets,Detroit Lions,48,17,-7,44,297,-339,103,-114,-105,-105,7
2018,1,2018-09-10,Monday,22:20,401030751,Los Angeles Rams,Las Vegas Raiders,33,13,6,47.5,-238,212,-104,-106,-108,-102,-6
2018,2,2018-09-13,Thursday,20:20,401030690,Baltimore Ravens,Cincinnati Bengals,23,34,-1,43,104,-115,-101,-109,-103,-107,1
2018,2,2018-09-16,Sunday,13:00,401030691,Carolina Panthers,Atlanta Falcons,24,31,-5.5,44,214,-240,-102,-108,-108,-102,5.5
2018,2,2018-09-16,Sunday,13:00,401030704,Los Angeles Chargers,Buffalo Bills,31,20,7.5,41.5,-296,261,104,-115,-102,-108,-7.5
2018,2,2018-09-16,Sunday,20:20,401030738,New York Giants,Dallas Cowboys,13,20,-3,42,138,-152,-108,-102,-115,104,3
2018,2,2018-09-16,Sunday,16:25,401030736,Las Vegas Raiders,Denver Broncos,19,20,-5.5,44.5,207,-231,-104,-106,-105,-105,5.5
2018,2,2018-09-16,Sunday,13:00,401030705,Minnesota Vikings,Green Bay Packers,29,29,2,45,-121,110,100,-110,-100,-110,-2
2018,2,2018-09-16,Sunday,16:25,401030733,New England Patriots,Jacksonville Jaguars,20,31,2,44.5,-133,120,-110,-100,-106,-104,-2
2018,2,2018-09-16,Sunday,16:05,401030732,Arizona Cardinals,Los Angeles Rams,0,34,-13.5,43.5,621,-775,-110,-100,-101,-109,13.5
2018,2,2018-09-16,Sunday,13:00,401030708,Cleveland Browns,New Orleans Saints,18,21,-10,51,351,-407,-108,-102,-105,-105,10
2018,2,2018-09-16,Sunday,13:00,401030700,Miami Dolphins,New York Jets,20,12,-3,43,153,-170,103,-114,-106,-104,3
2018,2,2018-09-16,Sunday,13:00,401030698,Kansas City Chiefs,Pittsburgh Steelers,42,37,-4.5,52,179,-199,-108,-102,103,-114,4.5
2018,2,2018-09-16,Sunday,16:05,401030730,Detroit Lions,San Francisco 49ers,27,30,-6,48.5,210,-235,-111,101,-105,-105,6
2018,2,2018-09-16,Sunday,13:00,401030696,Philadelphia Eagles,Tampa Bay Buccaneers,21,27,3,46.5,-142,129,106,-117,-110,100,-3
2018,2,2018-09-16,Sunday,13:00,401030694,Houston Texans,Tennessee Titans,17,20,3.5,41,-176,159,103,-114,-100,-110,-3.5
2018,2,2018-09-16,Sunday,13:00,401030693,Indianapolis Colts,Washington Commanders,21,9,-6,48,213,-239,-108,-102,-100,-110,6
2018,2,2018-09-17,Monday,20:15,401030739,Seattle Seahawks,Chicago Bears,17,24,-5,42.5,206,-231,-102,-108,-105,-105,5
2018,3,2018-09-20,Thursday,20:20,401030775,New York Jets,Cleveland Browns,17,21,-3,41,153,-170,103,-115,-106,-104,3
2018,3,2018-09-23,Sunday,16:25,401030801,Chicago Bears,Arizona Cardinals,16,14,6,39,-252,224,-100,-111,-105,-105,-6
2018,3,2018-09-23,Sunday,13:00,401030777,New Orleans Saints,Atlanta Falcons,43,37,-1.5,54,113,-125,-101,-110,-106,-104,1.5
2018,3,2018-09-23,Sunday,13:00,401030788,Denver Broncos,Baltimore Ravens,14,27,-5.5,46,201,-225,-106,-104,-103,-108,5.5
2018,3,2018-09-23,Sunday,13:00,401030790,Cincinnati Bengals,Carolina Panthers,21,31,-2.5,44,128,-142,106,-118,-105,-105,2.5
2018,3,2018-09-23,Sunday,20:20,401030802,New England Patriots,Detroit Lions,10,26,7,55.5,-306,269,107,-120,-110,-101,-7
2018,3,2018-09-23,Sunday,13:00,401030791,New York Giants,Houston Texans,27,22,-6.5,44,230,-259,-109,-102,102,-114,6.5
2018,3,2018-09-23,Sunday,13:00,401030794,Tennessee Titans,Jacksonville Jaguars,9,6,-10,39,357,-415,-111,100,-109,-102,10
2018,3,2018-09-23,Sunday,13:00,401030795,San Francisco 49ers,Kansas City Chiefs,27,38,-6,53,222,-250,-103,-108,-105,-105,6
2018,3,2018-09-23,Sunday,16:05,401030798,Los Angeles Chargers,Los Angeles Rams,23,35,-7.5,49,254,-288,-125,111,-101,-110,7.5
2018,3,2018-09-23,Sunday,13:00,401030787,Las Vegas Raiders,Miami Dolphins,20,28,-3,46,125,-138,-125,111,-107,-103,3
2018,3,2018-09-23,Sunday,13:00,401030784,Buffalo Bills,Minnesota Vikings,27,6,-16.5,41,803,-1200,-108,-103,-104,-106,16.5
2018,3,2018-09-23,Sunday,13:00,401030782,Indianapolis Colts,Philadelphia Eagles,16,20,-6.5,45.5,243,-274,-103,-108,-115,103,6.5
2018,3,2018-09-23,Sunday,16:25,401030799,Dallas Cowboys,Seattle Seahawks,13,24,-1,40,106,-117,-103,-108,-108,-103,1
2018,3,2018-09-23,Sunday,13:00,401030781,Green Bay Packers,Washington Commanders,17,31,2.5,46.5,-135,122,-110,-101,109,-122,-2.5
2018,3,2018-09-24,Monday,20:15,401030805,Pittsburgh Steelers,Tampa Bay Buccaneers,30,27,-1,55,106,-117,101,-112,-105,-105,1
2018,4,2018-09-27,Thursday,20:20,401030839,Minnesota Vikings,Los Angeles Rams,31,38,-7.5,48.5,282,-321,-116,104,-105,-105,7.5
2018,4,2018-09-30,Sunday,16:05,401030848,Seattle Seahawks,Arizona Cardinals,20,17,3.5,40,-192,173,-111,100,-108,-103,-3.5
2018,4,2018-09-30,Sunday,13:00,401030847,Cincinnati Bengals,Atlanta Falcons,37,36,-3.5,52,161,-179,-114,102,-108,-103,3.5
2018,4,2018-09-30,Sunday,13:00,401030846,Tampa Bay Buccaneers,Chicago Bears,10,48,-3,46,126,-140,-127,113,-110,-101,3
2018,4,2018-09-30,Sunday,13:00,401030845,Detroit Lions,Dallas Cowboys,24,26,-2.5,44,127,-140,102,-113,-106,-104,2.5
2018,4,2018-09-30,Sunday,13:00,401030844,Buffalo Bills,Green Bay Packers,0,22,-8.5,44,317,-365,-103,-108,-105,-105,8.5
2018,4,2018-09-30,Sunday,13:00,401030843,Houston Texans,Indianapolis Colts,37,34,1,48,-115,104,-107,-103,-102,-109,-1
2018,4,2018-09-30,Sunday,13:00,401030840,New York Jets,Jacksonville Jaguars,12,31,-7.5,40.5,293,-335,-121,108,-103,-107,7.5
2018,4,2018-09-30,Sunday,16:05,401030930,Cleveland Browns,Las Vegas Raiders,42,45,-2.5,44.5,122,-135,100,-111,-109,-102,2.5
2018,4,2018-09-30,Sunday,16:25,401030932,San Francisco 49ers,Los Angeles Chargers,27,29,-10,46,368,-428,-118,106,101,-112,10
2018,4,2018-09-30,Sunday,13:00,401030841,Miami Dolphins,New England Patriots,7,38,-6.5,50.5,247,-279,-103,-108,-105,-105,6.5
2018,4,2018-09-30,Sunday,16:25,401030931,New Orleans Saints,New York Giants,33,18,3.5,51.5,-170,153,109,-122,-103,-108,-3.5
2018,4,2018-09-30,Sunday,20:20,401030933,Baltimore Ravens,Pittsburgh Steelers,26,14,-3,51,153,-170,103,-115,-103,-108,3
2018,4,2018-09-30,Sunday,13:00,401030842,Philadelphia Eagles,Tennessee Titans,23,26,3,41.5,-146,132,103,-115,-109,-102,-3
2018,4,2018-10-01,Monday,20:15,401030934,Kansas City Chiefs,Denver Broncos,27,23,3.5,53.5,-176,159,102,-113,-122,109,-3.5
2018,5,2018-10-04,Thursday,20:20,401030697,Indianapolis Colts,New England Patriots,24,38,-10.5,49.5,452,-537,-110,-101,-102,-109,10.5
2018,5,2018-10-07,Sunday,13:00,401030702,Tennessee Titans,Buffalo Bills,12,13,6,38,-269,238,-112,101,-119,106,-6
2018,5,2018-10-07,Sunday,13:00,401030778,New York Giants,Carolina Panthers,31,33,-7,43.5,234,-264,-125,111,-109,-102,7
2018,5,2018-10-07,Sunday,13:00,401030785,Miami Dolphins,Cincinnati Bengals,17,27,-6,47.5,227,-255,-107,-103,102,-114,6
2018,5,2018-10-07,Sunday,13:00,401030770,Baltimore Ravens,Cleveland Browns,9,12,3,44.5,-171,154,-119,106,-108,-103,-3
2018,5,2018-10-07,Sunday,13:00,401030745,Green Bay Packers,Detroit Lions,23,31,-1,50,114,-125,105,-117,-103,-108,1
2018,5,2018-10-07,Sunday,20:20,401030831,Dallas Cowboys,Houston Texans,16,19,-3.5,45,156,-173,-114,102,100,-111,3.5
2018,5,2018-10-07,Sunday,13:00,401030741,Jacksonville Jaguars,Kansas City Chiefs,14,30,-3,48,131,-144,-115,103,-108,-103,3
2018,5,2018-10-07,Sunday,16:05,401030793,Las Vegas Raiders,Los Angeles Chargers,10,26,-5.5,52,205,-230,-105,-105,-114,102,5.5
2018,5,2018-10-07,Sunday,13:00,401030734,Denver Broncos,New York Jets,16,34,1,42,-106,-104,-101,-110,-108,-103,-1
2018,5,2018-10-07,Sunday,16:25,401030803,Minnesota Vikings,Philadelphia Eagles,23,21,-3.5,48,162,-180,-106,-104,102,-114,3.5
2018,5,2018-10-07,Sunday,13:00,401030709,Atlanta Falcons,Pittsburgh Steelers,17,41,-3.5,57,162,-180,-108,-103,-101,-110,3.5
2018,5,2018-10-07,Sunday,16:25,401030797,Arizona Cardinals,San Francisco 49ers,28,18,-3,40.5,146,-161,-103,-108,-118,106,3
2018,5,2018-10-07,Sunday,16:25,401030808,Los Angeles Rams,Seattle Seahawks,33,31,7.5,50.5,-315,277,102,-113,-109,-102,-7.5
2018,5,2018-10-08,Monday,20:15,401030834,Washington Commanders,New Orleans Saints,19,43,-5.5,51.5,222,-250,-103,-108,-108,-103,5.5
2018,6,2018-10-11,Thursday,20:20,401030692,Philadelphia Eagles,New York Giants,34,13,1.5,45.5,-126,114,-111,-100,-109,-102,-1.5
2018,6,2018-10-14,Sunday,13:00,401030695,Tampa Bay Buccaneers,Atlanta Falcons,29,34,-3,57.5,144,-159,-103,-107,-103,-108,3
2018,6,2018-10-14,Sunday,13:00,401030743,Pittsburgh Steelers,Cincinnati Bengals,28,21,-1,49.5,103,-113,-103,-108,-103,-108,1
2018,6,2018-10-14,Sunday,13:00,401030746,Los Angeles Chargers,Cleveland Browns,38,14,-1,47,-105,-105,-112,101,-104,-106,1
2018,6,2018-10-14,Sunday,16:25,401030776,Jacksonville Jaguars,Dallas Cowboys,7,40,3,39.5,-173,156,-119,106,-102,-109,-3
2018,6,2018-10-14,Sunday,16:05,401030773,Los Angeles Rams,Denver Broncos,23,20,7,50,-300,264,-103,-108,100,-111,-7
2018,6,2018-10-14,Sunday,13:00,401030748,Buffalo Bills,Houston Texans,13,20,-10.5,40.5,376,-439,-119,106,-110,-101,10.5
2018,6,2018-10-14,Sunday,13:00,401030706,Seattle Seahawks,Las Vegas Raiders,27,3,3,47.5,-152,137,-101,-110,-111,100,-3
2018,6,2018-10-14,Sunday,13:00,401030771,Chicago Bears,Miami Dolphins,28,31,7.5,40.5,-287,254,110,-123,-102,-109,-7.5
2018,6,2018-10-14,Sunday,13:00,401030742,Arizona Cardinals,Minnesota Vikings,17,27,-10,43.5,350,-405,-126,112,-105,-105,10
2018,6,2018-10-14,Sunday,20:20,401030779,Kansas City Chiefs,New England Patriots,40,43,-4,59.5,171,-190,-103,-107,-115,103,4
2018,6,2018-10-14,Sunday,13:00,401030737,Indianapolis Colts,New York Jets,34,42,-2.5,47.5,131,-145,106,-119,101,-112,2.5
2018,6,2018-10-14,Sunday,16:25,401030774,Baltimore Ravens,Tennessee Titans,21,0,2.5,43.5,-137,124,-108,-103,-107,-103,-2.5
2018,6,2018-10-14,Sunday,13:00,401030701,Carolina Panthers,Washington Commanders,17,23,1,44.5,-115,104,-109,-102,-108,-103,-1
2018,6,2018-10-15,Monday,20:15,401030783,San Francisco 49ers,Green Bay Packers,30,33,-9,46.5,361,-420,-108,-103,-114,102,9
2018,7,2018-10-18,Thursday,20:20,401030800,Denver Broncos,Arizona Cardinals,45,10,1,42.5,-110,-101,-101,-110,-116,104,-1
2018,7,2018-10-21,Sunday,16:05,401030836,New Orleans Saints,Baltimore Ravens,24,23,-2.5,49,129,-143,102,-114,-103,-108,2.5
2018,7,2018-10-21,Sunday,13:00,401030832,New England Patriots,Chicago Bears,38,31,1,49,-128,116,-120,107,100,-111,-1
2018,7,2018-10-21,Sunday,13:00,401030833,Buffalo Bills,Indianapolis Colts,5,37,-7,43.5,258,-293,-112,101,-104,-106,7
2018,7,2018-10-21,Sunday,13:00,401030835,Houston Texans,Jacksonville Jaguars,20,7,-4,43,188,-210,-101,-110,-105,-105,4
2018,7,2018-10-21,Sunday,20:20,401030804,Cincinnati Bengals,Kansas City Chiefs,10,45,-6.5,56,240,-271,-104,-106,-109,-102,6.5
2018,7,2018-10-21,Sunday,21:30,401030792,Tennessee Titans,Los Angeles Chargers,19,20,-6.5,46,245,-277,-103,-108,-102,-109,6.5
2018,7,2018-10-21,Sunday,13:00,401030830,Detroit Lions,Miami Dolphins,32,21,3,47,-177,159,-124,110,-112,101,-3
2018,7,2018-10-21,Sunday,13:00,401030809,Minnesota Vikings,New York Jets,37,17,3.5,45,-175,157,106,-119,-116,104,-3.5
2018,7,2018-10-21,Sunday,13:00,401030807,Carolina Panthers,Philadelphia Eagles,21,17,-5,45,202,-226,-102,-109,-105,-105,5
2018,7,2018-10-21,Sunday,16:25,401030838,Los Angeles Rams,San Francisco 49ers,39,10,8,52,-390,338,-110,-101,-108,-103,-8
2018,7,2018-10-21,Sunday,13:00,401030806,Cleveland Browns,Tampa Bay Buccaneers,23,26,-3.5,52.5,163,-181,-105,-105,-110,-101,3.5
2018,7,2018-10-21,Sunday,16:25,401030837,Dallas Cowboys,Washington Commanders,17,20,1.5,40.5,-126,114,-112,101,-108,-103,-1.5
2018,7,2018-10-22,Monday,20:15,401030796,New York Giants,Atlanta Falcons,20,23,-4.5,52,187,-209,-110,-101,-108,-103,4.5
2018,8,2018-10-25,Thursday,20:20,401030703,Miami Dolphins,Houston Texans,23,42,-7.5,45,295,-337,-112,101,-102,-109,7.5
2018,8,2018-10-28,Sunday,16:25,401030772,San Francisco 49ers,Arizona Cardinals,15,18,2.5,40,-138,125,-116,104,-108,-103,-2.5
2018,8,2018-10-28,Sunday,13:00,401030849,Baltimore Ravens,Carolina Panthers,21,36,2.5,44,-143,129,-114,102,-101,-110,-2.5
2018,8,2018-10-28,Sunday,13:00,401030747,New York Jets,Chicago Bears,10,24,-8.5,42.5,305,-350,-119,106,-115,103,8.5
2018,8,2018-10-28,Sunday,13:00,401030744,Tampa Bay Buccaneers,Cincinnati Bengals,34,37,-3.5,55,173,-192,-103,-108,-108,-103,3.5
2018,8,2018-10-28,Sunday,13:00,401030740,Seattle Seahawks,Detroit Lions,28,14,-3,47.5,146,-162,-101,-110,-110,-101,3
2018,8,2018-10-28,Sunday,21:30,401030699,Philadelphia Eagles,Jacksonville Jaguars,24,18,4,44.5,-208,186,-103,-108,-102,-109,-4
2018,8,2018-10-28,Sunday,13:00,401030707,Denver Broncos,Kansas City Chiefs,23,30,-8.5,53,337,-389,-102,-109,103,-115,8.5
2018,8,2018-10-28,Sunday,16:05,401030749,Indianapolis Colts,Las Vegas Raiders,42,28,3.5,51,-183,165,-102,-109,-107,-103,-3.5
2018,8,2018-10-28,Sunday,16:25,401030780,Green Bay Packers,Los Angeles Rams,27,29,-7.5,57,297,-340,-105,-105,-102,-109,7.5
2018,8,2018-10-28,Sunday,20:20,401030786,New Orleans Saints,Minnesota Vikings,30,20,2.5,53.5,-130,118,-108,-103,-101,-110,-2.5
2018,8,2018-10-28,Sunday,13:00,401030735,Washington Commanders,New York Giants,20,13,1,43,-108,-102,-101,-110,-102,-109,-1
2018,8,2018-10-28,Sunday,13:00,401030731,Cleveland Browns,Pittsburgh Steelers,18,33,-8.5,47.5,328,-378,-108,-103,-108,-103,8.5
2018,8,2018-10-29,Monday,20:15,401030789,New England Patriots,Buffalo Bills,25,6,13.5,44,-1018,744,-107,-103,-108,-103,-13.5
2018,9,2018-11-01,Thursday,20:20,401030767,Las Vegas Raiders,San Francisco 49ers,3,34,1.5,44,-117,106,-103,-108,-111,100,-1.5
2018,9,2018-11-04,Sunday,13:00,401030819,Pittsburgh Steelers,Baltimore Ravens,23,16,-1.5,47,117,-129,102,-114,-110,-101,1.5
2018,9,2018-11-04,Sunday,13:00,401030769,Chicago Bears,Buffalo Bills,41,9,10.5,38,-400,346,111,-125,-104,-106,-10.5
2018,9,2018-11-04,Sunday,13:00,401030811,Tampa Bay Buccaneers,Carolina Panthers,28,42,-6,55.5,253,-286,100,-111,-113,102,6
2018,9,2018-11-04,Sunday,13:00,401030814,Kansas City Chiefs,Cleveland Browns,37,21,7.5,51,-380,330,-110,-101,-108,-103,-7.5
2018,9,2018-11-04,Sunday,16:05,401030829,Houston Texans,Denver Broncos,19,17,-1,46.5,108,-119,103,-115,-104,-106,1
2018,9,2018-11-04,Sunday,13:00,401030816,New York Jets,Miami Dolphins,6,13,-3,43.5,140,-155,-108,-103,-111,100,3
2018,9,2018-11-04,Sunday,13:00,401030822,Detroit Lions,Minnesota Vikings,9,24,-4.5,47,195,-218,-101,-110,-110,-101,4.5
2018,9,2018-11-04,Sunday,20:20,401030858,Green Bay Packers,New England Patriots,17,31,-5,56,198,-221,-103,-108,-108,-103,5
2018,9,2018-11-04,Sunday,16:25,401030855,Los Angeles Rams,New Orleans Saints,35,45,2.5,57.5,-133,120,-103,-108,-109,-102,-2.5
2018,9,2018-11-04,Sunday,16:05,401030852,Los Angeles Chargers,Seattle Seahawks,25,17,-1,48.5,-106,-104,-114,102,102,-113,1
2018,9,2018-11-04,Sunday,13:00,401030826,Atlanta Falcons,Washington Commanders,38,14,-1.5,46.5,116,-128,102,-114,-108,-103,1.5
2018,9,2018-11-05,Monday,20:15,401030862,Tennessee Titans,Dallas Cowboys,28,14,-4.5,40,203,-228,101,-112,-105,-105,4.5
2018,10,2018-11-08,Thursday,20:20,401030729,Carolina Panthers,Pittsburgh Steelers,21,52,-3.5,51,170,-189,-106,-104,-112,101,3.5
2018,10,2018-11-11,Sunday,13:00,401030810,Detroit Lions,Chicago Bears,22,34,-7.5,44.5,281,-320,-114,102,-103,-107,7.5
2018,10,2018-11-11,Sunday,13:00,401030752,New Orleans Saints,Cincinnati Bengals,51,14,5.5,53,-253,225,-108,-103,-107,-103,-5.5
2018,10,2018-11-11,Sunday,13:00,401030754,Atlanta Falcons,Cleveland Browns,16,28,5.5,49.5,-238,212,-103,-108,-111,100,-5.5
2018,10,2018-11-11,Sunday,16:25,401030756,Miami Dolphins,Green Bay Packers,12,31,-13,48.5,487,-585,-114,102,-103,-108,13
2018,10,2018-11-11,Sunday,13:00,401030766,Jacksonville Jaguars,Indianapolis Colts,26,29,-3,48,141,-156,-105,-105,-105,-105,3
2018,10,2018-11-11,Sunday,13:00,401030815,Arizona Cardinals,Kansas City Chiefs,14,26,-16.5,49.5,835,-1267,-106,-104,-110,-101,16.5
2018,10,2018-11-11,Sunday,16:05,401030859,Los Angeles Chargers,Las Vegas Raiders,20,6,10.5,50,-458,391,104,-116,104,-116,-10.5
2018,10,2018-11-11,Sunday,16:25,401030865,Seattle Seahawks,Los Angeles Rams,31,36,-10,51,361,-420,-114,102,-108,-103,10
2018,10,2018-11-11,Sunday,13:00,401030853,Buffalo Bills,New York Jets,41,10,-6.5,38,235,-265,-108,-103,-114,102,6.5
2018,10,2018-11-11,Sunday,20:20,401030869,Dallas Cowboys,Philadelphia Eagles,27,20,-7.5,45.5,310,-355,-108,-103,-114,102,7.5
2018,10,2018-11-11,Sunday,13:00,401030828,Washington Commanders,Tampa Bay Buccaneers,16,3,-3.5,51,165,-183,-108,-103,-105,-105,3.5
2018,10,2018-11-11,Sunday,13:00,401030821,New England Patriots,Tennessee Titans,10,34,6,47,-244,217,101,-112,-108,-103,-6
2018,10,2018-11-12,Monday,20:15,401030873,New York Giants,San Francisco 49ers,27,23,-3,45,161,-179,110,-123,-108,-103,3
2018,11,2018-11-15,Thursday,20:20,401030878,Green Bay Packers,Seattle Seahawks,24,27,-3,49,146,-162,-102,-109,-110,-101,3
2018,11,2018-11-18,Sunday,16:05,401030970,Las Vegas Raiders,Arizona Cardinals,23,21,-4.5,41,189,-211,-108,-103,-104,-106,4.5
2018,11,2018-11-18,Sunday,13:00,401030929,Dallas Cowboys,Atlanta Falcons,22,19,-3.5,50,168,-186,-108,-103,-114,102,3.5
2018,11,2018-11-18,Sunday,13:00,401030894,Cincinnati Bengals,Baltimore Ravens,21,24,-6.5,44,231,-260,-110,-101,-114,102,6.5
2018,11,2018-11-18,Sunday,20:20,401030903,Minnesota Vikings,Chicago Bears,20,25,-2.5,44,124,-137,-101,-110,-108,-103,2.5
2018,11,2018-11-18,Sunday,13:00,401030910,Carolina Panthers,Detroit Lions,19,20,4,48,-192,173,103,-115,100,-111,-4
2018,11,2018-11-18,Sunday,13:00,401030922,Tennessee Titans,Indianapolis Colts,10,38,-2,50,117,-129,-103,-108,-106,-104,2
2018,11,2018-11-18,Sunday,13:00,401030971,Pittsburgh Steelers,Jacksonville Jaguars,20,16,4,47,-202,181,-109,-102,-101,-110,-4
2018,11,2018-11-18,Sunday,16:05,401030969,Denver Broncos,Los Angeles Chargers,23,22,-7.5,47,288,-329,-116,104,-103,-108,7.5
2018,11,2018-11-18,Sunday,16:25,401030963,Philadelphia Eagles,New Orleans Saints,7,48,-7,56.5,290,-331,-105,-105,-103,-108,7
2018,11,2018-11-18,Sunday,13:00,401030952,Tampa Bay Buccaneers,New York Giants,35,38,-3,54.5,146,-162,102,-114,-101,-110,3
2018,11,2018-11-18,Sunday,13:00,401030966,Houston Texans,Washington Commanders,23,21,3,40.5,-160,144,-114,102,-110,-101,-3
2018,11,2018-11-19,Monday,20:15,401030972,Kansas City Chiefs,Los Angeles Rams,51,54,-3,63.5,153,-170,106,-119,-103,-107,3
2018,12,2018-11-22,Thursday,16:30,401030925,Washington Commanders,Dallas Cowboys,23,31,-7,40,279,-317,-108,-103,-103,-108,7
2018,12,2018-11-22,Thursday,12:30,401030905,Chicago Bears,Detroit Lions,23,16,3,43,-161,146,-114,102,-114,102,-3
2018,12,2018-11-22,Thursday,20:20,401030923,Atlanta Falcons,New Orleans Saints,17,31,-11.5,61,433,-550,-101,-110,-110,-101,11.5
2018,12,2018-11-25,Sunday,13:00,401030916,Las Vegas Raiders,Baltimore Ravens,17,34,-13,42,524,-691,-115,103,-112,101,13
2018,12,2018-11-25,Sunday,13:00,401030919,Jacksonville Jaguars,Buffalo Bills,21,24,3,36.5,-155,140,-104,-106,-103,-107,-3
2018,12,2018-11-25,Sunday,13:00,401030920,Seattle Seahawks,Carolina Panthers,30,27,-3,46.5,146,-162,101,-112,-105,-105,3
2018,12,2018-11-25,Sunday,13:00,401030921,Cleveland Browns,Cincinnati Bengals,35,20,1,46.5,-113,102,-105,-105,-101,-110,-1
2018,12,2018-11-25,Sunday,16:25,401030911,Pittsburgh Steelers,Denver Broncos,17,24,3,47.5,-164,148,-110,-101,-101,-110,-3
2018,12,2018-11-25,Sunday,16:25,401030906,Miami Dolphins,Indianapolis Colts,24,27,-9,52.5,341,-394,-103,-108,-101,-110,9
2018,12,2018-11-25,Sunday,16:05,401030912,Arizona Cardinals,Los Angeles Chargers,10,45,-14,43.5,612,-837,-103,-108,-101,-110,14
2018,12,2018-11-25,Sunday,20:20,401030908,Green Bay Packers,Minnesota Vikings,17,24,-4,48.5,184,-205,-108,-103,-101,-110,4
2018,12,2018-11-25,Sunday,13:00,401030904,New England Patriots,New York Jets,27,13,13,46.5,-585,487,108,-121,-101,-110,-13
2018,12,2018-11-25,Sunday,13:00,401030914,New York Giants,Philadelphia Eagles,22,25,-4.5,49,192,-215,-103,-108,102,-114,4.5
2018,12,2018-11-25,Sunday,13:00,401030902,San Francisco 49ers,Tampa Bay Buccaneers,9,27,-1.5,54.5,115,-127,-101,-110,-120,107,1.5
2018,12,2018-11-26,Monday,20:15,401030762,Tennessee Titans,Houston Texans,17,34,-3.5,42.5,171,-190,-114,102,-110,-101,3.5
2018,13,2018-11-29,Thursday,20:20,401030899,New Orleans Saints,Dallas Cowboys,10,13,7,51.5,-313,275,-108,-103,-114,102,-7
2018,13,2018-12-02,Sunday,13:00,401030928,Baltimore Ravens,Atlanta Falcons,26,16,-2.5,46.5,133,-147,102,-114,-110,-101,2.5
2018,13,2018-12-02,Sunday,13:00,401030955,Denver Broncos,Cincinnati Bengals,24,10,3.5,45,-178,160,102,-113,-108,-103,-3.5
2018,13,2018-12-02,Sunday,13:00,401030957,Los Angeles Rams,Detroit Lions,30,16,10.5,54,-450,385,102,-114,-108,-103,-10.5
2018,13,2018-12-02,Sunday,13:00,401030965,Arizona Cardinals,Green Bay Packers,20,17,-13.5,41,548,-729,-107,-103,-108,-103,13.5
2018,13,2018-12-02,Sunday,13:00,401030964,Cleveland Browns,Houston Texans,13,29,-5,47.5,219,-246,101,-112,-108,-103,5
2018,13,2018-12-02,Sunday,13:00,401030962,Indianapolis Colts,Jacksonville Jaguars,0,6,4,45.5,-199,179,-108,-103,-109,-102,-4
2018,13,2018-12-02,Sunday,16:05,401030935,Kansas City Chiefs,Las Vegas Raiders,40,33,14,53.5,-769,593,101,-112,-104,-106,-14
2018,13,2018-12-02,Sunday,13:00,401030954,Buffalo Bills,Miami Dolphins,17,21,-3.5,40,162,-180,-108,-103,-108,-103,3.5
2018,13,2018-12-02,Sunday,16:25,401030959,Minnesota Vikings,New England Patriots,10,24,-6,50,217,-244,-114,102,-103,-108,6
2018,13,2018-12-02,Sunday,13:00,401030953,Chicago Bears,New York Giants,27,30,3.5,44,-185,166,-102,-109,-110,-101,-3.5
2018,13,2018-12-02,Sunday,20:20,401030951,Los Angeles Chargers,Pittsburgh Steelers,33,30,-3.5,53.5,166,-185,-112,101,-101,-110,3.5
2018,13,2018-12-02,Sunday,16:25,401030958,San Francisco 49ers,Seattle Seahawks,16,43,-10,45.5,411,-500,-114,102,-108,-103,10
2018,13,2018-12-02,Sunday,13:00,401030968,Carolina Panthers,Tampa Bay Buccaneers,17,24,3.5,52,-185,166,-101,-110,-106,-104,-3.5
2018,13,2018-12-02,Sunday,16:05,401030960,New York Jets,Tennessee Titans,22,26,-10.5,40.5,370,-431,-127,113,-106,-104,10.5
2018,13,2018-12-03,Monday,20:15,401030871,Washington Commanders,Philadelphia Eagles,13,28,-5.5,45,213,-239,-105,-105,-100,-111,5.5
2018,14,2018-12-06,Thursday,20:20,401030724,Jacksonville Jaguars,Tennessee Titans,9,30,-5.5,36.5,221,-248,-103,-107,-103,-107,5.5
2018,14,2018-12-09,Sunday,16:25,401030860,Detroit Lions,Arizona Cardinals,17,3,2.5,40,-139,126,-110,-101,-110,-101,-2.5
2018,14,2018-12-09,Sunday,13:00,401030750,New York Jets,Buffalo Bills,27,23,-4.5,37,189,-211,-105,-105,-105,-105,4.5
2018,14,2018-12-09,Sunday,20:20,401030817,Los Angeles Rams,Chicago Bears,6,15,3,50.5,-139,126,107,-120,-110,-101,-3
2018,14,2018-12-09,Sunday,13:00,401030823,Carolina Panthers,Cleveland Browns,20,26,1,48,-117,106,-108,-103,-108,-103,-1
2018,14,2018-12-09,Sunday,16:25,401030854,Philadelphia Eagles,Dallas Cowboys,23,29,-3.5,46,166,-185,-110,-101,-107,-103,3.5
2018,14,2018-12-09,Sunday,13:00,401030825,Atlanta Falcons,Green Bay Packers,20,34,-4,51,166,-185,-116,104,-110,-101,4
2018,14,2018-12-09,Sunday,13:00,401030813,Indianapolis Colts,Houston Texans,24,21,-4,49.5,176,-196,-108,-103,-103,-108,4
2018,14,2018-12-09,Sunday,13:00,401030764,Baltimore Ravens,Kansas City Chiefs,24,27,-6.5,49,239,-269,-105,-105,-103,-108,6.5
2018,14,2018-12-09,Sunday,16:25,401030863,Pittsburgh Steelers,Las Vegas Raiders,21,24,10.5,51,-449,384,117,-133,-103,-108,-10.5
2018,14,2018-12-09,Sunday,16:05,401030851,Cincinnati Bengals,Los Angeles Chargers,21,26,-17,48.5,847,-1292,-109,-102,-103,-108,17
2018,14,2018-12-09,Sunday,13:00,401030761,New England Patriots,Miami Dolphins,33,34,8.5,49.5,-367,319,-103,-108,101,-112,-8.5
2018,14,2018-12-09,Sunday,16:05,401030827,Denver Broncos,San Francisco 49ers,14,20,3,45.5,-164,148,-112,101,-110,-101,-3
2018,14,2018-12-09,Sunday,13:00,401030758,New Orleans Saints,Tampa Bay Buccaneers,28,14,8.5,55,-380,330,-103,-108,-101,-110,-8.5
2018,14,2018-12-09,Sunday,13:00,401030753,New York Giants,Washington Commanders,40,16,3,40.5,-167,151,-119,106,-111,100,-3
2018,14,2018-12-10,Monday,20:15,401030867,Minnesota Vikings,Seattle Seahawks,7,21,-3,45.5,151,-171,105,-117,-108,-103,3
2018,15,2018-12-13,Thursday,20:20,401030874,Los Angeles Chargers,Kansas City Chiefs,29,28,-3.5,54,174,-194,-100,-111,-104,-106,3.5
2018,15,2018-12-15,Saturday,20:20,401030876,Cleveland Browns,Denver Broncos,17,16,-1,47,116,-128,106,-119,-104,-106,1
2018,15,2018-12-15,Saturday,16:30,401030891,Houston Texans,New York Jets,29,22,7,44,-286,253,106,-119,-105,-105,-7
2018,15,2018-12-16,Sunday,13:00,401030900,Arizona Cardinals,Atlanta Falcons,14,40,-10,43.5,332,-382,-129,114,-111,100,10
2018,15,2018-12-16,Sunday,13:00,401030898,Tampa Bay Buccaneers,Baltimore Ravens,12,20,-8.5,44.5,328,-378,-103,-107,-106,-104,8.5
2018,15,2018-12-16,Sunday,13:00,401030896,Detroit Lions,Buffalo Bills,13,14,-2.5,40,132,-146,106,-119,-111,100,2.5
2018,15,2018-12-16,Sunday,13:00,401030893,Green Bay Packers,Chicago Bears,17,24,-6,46.5,221,-248,102,-114,-108,-103,6
2018,15,2018-12-16,Sunday,13:00,401030909,Las Vegas Raiders,Cincinnati Bengals,16,30,-3,46,140,-155,-110,-101,-111,100,3
2018,15,2018-12-16,Sunday,13:00,401030927,Dallas Cowboys,Indianapolis Colts,0,23,-3,47,155,-172,106,-119,-109,-102,3
2018,15,2018-12-16,Sunday,13:00,401030924,Washington Commanders,Jacksonville Jaguars,16,13,-7.5,36,296,-338,-114,102,-110,-101,7.5
2018,15,2018-12-16,Sunday,20:20,401030961,Philadelphia Eagles,Los Angeles Rams,30,23,-13.5,52.5,590,-800,-103,-107,103,-115,13.5
2018,15,2018-12-16,Sunday,13:00,401030918,Miami Dolphins,Minnesota Vikings,17,41,-7.5,45,311,-356,-107,-103,103,-115,7.5
2018,15,2018-12-16,Sunday,13:00,401030915,Tennessee Titans,New York Giants,17,0,2.5,42,-123,112,-101,-110,100,-111,-2.5
2018,15,2018-12-16,Sunday,16:25,401030956,New England Patriots,Pittsburgh Steelers,10,17,2.5,55,-129,117,-105,-105,-120,107,-2.5
2018,15,2018-12-16,Sunday,16:05,401030950,Seattle Seahawks,San Francisco 49ers,23,26,3.5,44,-207,186,-112,101,-115,103,-3.5
2018,15,2018-12-17,Monday,20:15,401030967,New Orleans Saints,Carolina Panthers,12,9,6,50.5,-248,221,-104,-106,-114,102,-6
2018,16,2018-12-22,Saturday,20:20,401030897,Baltimore Ravens,Los Angeles Chargers,22,10,-4,42.5,178,-198,-110,-101,-110,-101,4
2018,16,2018-12-22,Saturday,16:30,401030868,Washington Commanders,Tennessee Titans,16,25,-12.5,38,481,-599,-110,-101,102,-114,12.5
2018,16,2018-12-23,Sunday,16:05,401030907,Los Angeles Rams,Arizona Cardinals,31,9,14.5,43,-679,516,115,-130,104,-116,-14.5
2018,16,2018-12-23,Sunday,13:00,401030895,Atlanta Falcons,Carolina Panthers,24,10,2.5,46.5,-147,133,-119,106,-103,-107,-2.5
2018,16,2018-12-23,Sunday,13:00,401030872,Cincinnati Bengals,Cleveland Browns,18,26,-10,44,334,-385,-113,102,-119,106,10
2018,16,2018-12-23,Sunday,13:00,401030875,Tampa Bay Buccaneers,Dallas Cowboys,20,27,-7,48,277,-315,-110,-101,-108,-103,7
2018,16,2018-12-23,Sunday,13:00,401030877,Minnesota Vikings,Detroit Lions,27,9,6.5,41.5,-266,236,102,-114,-109,-102,-6.5
2018,16,2018-12-23,Sunday,13:00,401030861,New York Giants,Indianapolis Colts,27,28,-10,48.5,346,-400,-115,103,-114,102,10
2018,16,2018-12-23,Sunday,13:00,401030866,Jacksonville Jaguars,Miami Dolphins,17,7,-3,39.5,139,-153,-105,-105,102,-114,3
2018,16,2018-12-23,Sunday,13:00,401030892,Buffalo Bills,New England Patriots,12,24,-14,46,560,-750,-114,102,-109,-102,14
2018,16,2018-12-23,Sunday,16:25,401030913,Pittsburgh Steelers,New Orleans Saints,28,31,-6.5,53,238,-269,-103,-108,-101,-110,6.5
2018,16,2018-12-23,Sunday,13:00,401030870,Green Bay Packers,New York Jets,44,38,3,47.5,-141,128,106,-119,-113,102,-3
2018,16,2018-12-23,Sunday,13:00,401030864,Houston Texans,Philadelphia Eagles,30,32,-1,47,111,-123,102,-114,-109,-102,1
2018,16,2018-12-23,Sunday,16:05,401030901,Chicago Bears,San Francisco 49ers,14,9,3.5,44,-190,171,-103,-108,-121,108,-3.5
2018,16,2018-12-23,Sunday,20:20,401030917,Kansas City Chiefs,Seattle Seahawks,31,38,1,54,-117,105,-110,-101,-108,-103,-1
2018,16,2018-12-24,Monday,20:15,401030926,Denver Broncos,Las Vegas Raiders,14,27,2.5,42.5,-130,118,-105,-105,-104,-106,-2.5
2018,17,2018-12-30,Sunday,16:25,401030719,Cleveland Browns,Baltimore Ravens,24,26,-7,41,285,-325,-103,-108,-108,-103,7
2018,17,2018-12-30,Sunday,13:00,401030722,Miami Dolphins,Buffalo Bills,17,42,-5.5,39.5,222,-250,-102,-109,-114,102,5.5
2018,17,2018-12-30,Sunday,16:25,401030824,Los Angeles Chargers,Denver Broncos,23,9,7,43.5,-270,239,106,-119,-108,-103,-7
2018,17,2018-12-30,Sunday,13:00,401030757,Detroit Lions,Green Bay Packers,31,0,-7.5,44.5,284,-324,-103,-108,102,-114,7.5
2018,17,2018-12-30,Sunday,13:00,401030759,Jacksonville Jaguars,Houston Texans,3,20,-7,39.5,274,-311,-107,-103,-102,-109,7
2018,17,2018-12-30,Sunday,16:25,401030760,Las Vegas Raiders,Kansas City Chiefs,3,35,-14.5,54,586,-794,-115,103,-101,-110,14.5
2018,17,2018-12-30,Sunday,16:25,401030850,San Francisco 49ers,Los Angeles Rams,32,48,-10.5,50.5,385,-450,-101,-110,-101,-110,10.5
2018,17,2018-12-30,Sunday,16:25,401030763,Chicago Bears,Minnesota Vikings,24,10,-6,39.5,205,-230,-119,106,-119,106,6
2018,17,2018-12-30,Sunday,13:00,401030765,New York Jets,New England Patriots,3,38,-14,47,618,-848,-101,-110,102,-114,14
2018,17,2018-12-30,Sunday,13:00,401030768,Carolina Panthers,New Orleans Saints,33,14,-8,42,276,-314,-115,103,-114,102,8
2018,17,2018-12-30,Sunday,13:00,401030812,Dallas Cowboys,New York Giants,36,35,-7.5,38.5,295,-338,102,-114,-102,-109,7.5
2018,17,2018-12-30,Sunday,16:25,401030818,Cincinnati Bengals,Pittsburgh Steelers,13,16,-14,45.5,512,-672,-114,102,102,-114,14
2018,17,2018-12-30,Sunday,16:25,401030856,Arizona Cardinals,Seattle Seahawks,24,27,-15.5,39.5,603,-822,101,-112,102,-114,15.5
2018,17,2018-12-30,Sunday,13:00,401030820,Atlanta Falcons,Tampa Bay Buccaneers,34,32,2.5,52,-142,129,-108,-103,-101,-110,-2.5
2018,17,2018-12-30,Sunday,20:20,401030755,Indianapolis Colts,Tennessee Titans,33,17,5,42.5,-212,190,102,-114,-103,-108,-5
2018,17,2018-12-30,Sunday,16:25,401030727,Philadelphia Eagles,Washington Commanders,24,0,6,43,-245,218,-101,-110,-117,105,-6
2019,1,2019-09-05,Thursday,20:20,401127913,Green Bay Packers,Chicago Bears,10,3,-3.5,47,160,-178,-113,103,-113,102,3.5
2019,1,2019-09-08,Sunday,16:25,401127999,Detroit Lions,Arizona Cardinals,27,27,2.5,45.5,-147,133,-121,108,104,-114,-2.5
2019,1,2019-09-08,Sunday,13:00,401127923,Los Angeles Rams,Carolina Panthers,30,27,1.5,49.5,-122,111,-106,-104,-110,-101,-1.5
2019,1,2019-09-08,Sunday,13:00,401127928,Tennessee Titans,Cleveland Browns,43,13,-5.5,44,206,-230,-113,103,-103,-107,5.5
2019,1,2019-09-08,Sunday,16:25,401128007,New York Giants,Dallas Cowboys,17,35,-7,44,271,-308,-111,100,-106,-104,7
2019,1,2019-09-08,Sunday,13:00,401127931,Kansas City Chiefs,Jacksonville Jaguars,40,26,3.5,49,-181,163,-101,-110,-113,102,-3.5
2019,1,2019-09-08,Sunday,16:05,401127972,Indianapolis Colts,Los Angeles Chargers,24,30,-6,44.5,235,-265,-107,-103,101,-112,6
2019,1,2019-09-08,Sunday,13:00,401127954,Baltimore Ravens,Miami Dolphins,59,10,7,41,-298,263,102,-112,-105,-105,-7
2019,1,2019-09-08,Sunday,13:00,401127961,Atlanta Falcons,Minnesota Vikings,12,28,-3.5,47,159,-176,-115,104,-112,101,3.5
2019,1,2019-09-08,Sunday,20:20,401127860,Pittsburgh Steelers,New England Patriots,3,33,-5.5,49,203,-228,-111,101,-107,-103,5.5
2019,1,2019-09-08,Sunday,13:00,401127963,Buffalo Bills,New York Jets,17,16,-2.5,41,135,-149,-101,-110,-100,-110,2.5
2019,1,2019-09-08,Sunday,13:00,401127968,Washington Commanders,Philadelphia Eagles,27,32,-10.5,44,395,-463,-114,103,-107,-103,10.5
2019,1,2019-09-08,Sunday,16:05,401127995,Cincinnati Bengals,Seattle Seahawks,20,21,-9.5,44,344,-398,-115,104,-106,-104,9.5
2019,1,2019-09-08,Sunday,16:25,401128010,San Francisco 49ers,Tampa Bay Buccaneers,31,17,-1,51,-102,-108,-106,-104,-110,-100,1
2019,1,2019-09-09,Monday,22:20,401128025,Denver Broncos,Las Vegas Raiders,16,24,3,42.5,-149,135,108,-121,-100,-110,-3
2019,1,2019-09-09,Monday,19:10,401128021,Houston Texans,New Orleans Saints,28,30,-6.5,52,273,-310,103,-113,-116,105,6.5
2019,2,2019-09-12,Thursday,20:20,401128054,Tampa Bay Buccaneers,Carolina Panthers,20,14,-6.5,48,240,-277,-110,-100,-105,-105,6.5
2019,2,2019-09-15,Sunday,20:20,401128124,Philadelphia Eagles,Atlanta Falcons,20,24,1,53,-105,-105,102,-112,-106,-105,-1
2019,2,2019-09-15,Sunday,13:00,401128061,Arizona Cardinals,Baltimore Ravens,17,23,-13,46,513,-665,-110,-100,-112,100,13
2019,2,2019-09-15,Sunday,13:00,401128066,San Francisco 49ers,Cincinnati Bengals,41,17,-1,46,-103,-107,-111,100,101,-113,1
2019,2,2019-09-15,Sunday,16:25,401128120,Chicago Bears,Denver Broncos,16,14,3,41,-147,132,103,-114,-123,111,-3
2019,2,2019-09-15,Sunday,13:00,401128072,Los Angeles Chargers,Detroit Lions,10,13,1,47,-107,-103,102,-113,-110,-101,-1
2019,2,2019-09-15,Sunday,13:00,401128098,Minnesota Vikings,Green Bay Packers,16,21,-3,43,148,-165,-102,-108,-101,-110,3
2019,2,2019-09-15,Sunday,13:00,401128101,Jacksonville Jaguars,Houston Texans,12,13,-7.5,43,286,-336,-122,111,-107,-104,7.5
2019,2,2019-09-15,Sunday,16:05,401128118,Kansas City Chiefs,Las Vegas Raiders,28,10,7,53.5,-293,252,108,-119,-119,107,-7
2019,2,2019-09-15,Sunday,16:25,401128122,New Orleans Saints,Los Angeles Rams,9,27,-2,52.5,107,-118,-114,103,-111,-100,2
2019,2,2019-09-15,Sunday,13:00,401127862,New England Patriots,Miami Dolphins,43,0,18,48.5,-1300,880,-101,-109,-113,101,-18
2019,2,2019-09-15,Sunday,13:00,401128106,Buffalo Bills,New York Giants,28,14,1,44.5,-113,102,-108,-103,-108,-103,-1
2019,2,2019-09-15,Sunday,13:00,401128110,Seattle Seahawks,Pittsburgh Steelers,28,26,-4,47,175,-197,-109,-101,101,-113,4
2019,2,2019-09-15,Sunday,13:00,401128114,Indianapolis Colts,Tennessee Titans,19,17,-3,43.5,160,-178,108,-120,-101,-111,3
2019,2,2019-09-15,Sunday,13:00,401128115,Dallas Cowboys,Washington Commanders,31,21,6,46.5,-268,233,-115,104,-115,104,-6
2019,2,2019-09-16,Monday,20:15,401128127,Cleveland Browns,New York Jets,23,3,6.5,45.5,-278,241,-105,-105,-115,103,-6.5
2019,3,2019-09-19,Thursday,20:20,401127859,Tennessee Titans,Jacksonville Jaguars,7,20,1.5,38,-125,113,-109,-101,-111,-100,-1.5
2019,3,2019-09-22,Sunday,16:05,401127962,Carolina Panthers,Arizona Cardinals,38,20,-2.5,46,118,-131,-114,103,-107,-104,2.5
2019,3,2019-09-22,Sunday,13:00,401127915,Cincinnati Bengals,Buffalo Bills,17,21,-5.5,43.5,220,-252,-104,-106,-104,-107,5.5
2019,3,2019-09-22,Sunday,20:20,401128125,Los Angeles Rams,Cleveland Browns,20,13,4,48,-215,190,-111,101,100,-112,-4
2019,3,2019-09-22,Sunday,13:00,401127921,Miami Dolphins,Dallas Cowboys,6,31,-22,46.5,1454,-2540,102,-112,-108,-103,22
2019,3,2019-09-22,Sunday,13:00,401127925,Denver Broncos,Green Bay Packers,16,27,-7,42,278,-327,-108,-102,-116,104,7
2019,3,2019-09-22,Sunday,13:00,401127929,Atlanta Falcons,Indianapolis Colts,24,27,-1,48,105,-116,100,-111,-104,-107,1
2019,3,2019-09-22,Sunday,13:00,401127953,Baltimore Ravens,Kansas City Chiefs,28,33,-4.5,52,191,-216,-108,-102,-108,-103,4.5
2019,3,2019-09-22,Sunday,16:25,401127970,Houston Texans,Los Angeles Chargers,27,20,-3,49,151,-168,104,-115,-112,101,3
2019,3,2019-09-22,Sunday,13:00,401127956,Las Vegas Raiders,Minnesota Vikings,14,34,-8.5,43,337,-405,-105,-105,102,-114,8.5
2019,3,2019-09-22,Sunday,13:00,401127861,New York Jets,New England Patriots,14,30,-20.5,43,1203,-1962,-109,-101,-107,-104,20.5
2019,3,2019-09-22,Sunday,13:00,401127959,Detroit Lions,Philadelphia Eagles,27,24,-4,45,188,-212,-104,-106,-115,103,4
2019,3,2019-09-22,Sunday,16:25,401127998,Pittsburgh Steelers,San Francisco 49ers,20,24,-6,44.5,239,-276,-104,-107,-108,-103,6
2019,3,2019-09-22,Sunday,16:25,401127993,New Orleans Saints,Seattle Seahawks,33,27,-5,44,199,-225,-106,-105,-101,-110,5
2019,3,2019-09-22,Sunday,16:05,401127966,New York Giants,Tampa Bay Buccaneers,32,31,-5,48,202,-230,-103,-107,-113,101,5
2019,3,2019-09-23,Monday,20:15,401128003,Chicago Bears,Washington Commanders,31,15,5,41,-232,204,-103,-107,-111,100,-5
2019,4,2019-09-26,Thursday,20:20,401127863,Philadelphia Eagles,Green Bay Packers,34,27,-3.5,46,169,-190,-110,-100,100,-112,3.5
2019,4,2019-09-29,Sunday,16:05,401128064,Seattle Seahawks,Arizona Cardinals,27,10,5.5,49,-238,209,-107,-103,-110,-101,-5.5
2019,4,2019-09-29,Sunday,13:00,401128016,Tennessee Titans,Atlanta Falcons,24,10,-3.5,46,156,-174,-113,102,101,-113,3.5
2019,4,2019-09-29,Sunday,13:00,401128018,Cleveland Browns,Baltimore Ravens,40,25,-7.5,47,279,-327,-117,106,-107,-104,7.5
2019,4,2019-09-29,Sunday,13:00,401127866,New England Patriots,Buffalo Bills,16,10,7,41.5,-321,274,-102,-108,-108,-103,-7
2019,4,2019-09-29,Sunday,16:25,401128093,Minnesota Vikings,Chicago Bears,6,16,1,38,-108,-102,-101,-109,-106,-105,-1
2019,4,2019-09-29,Sunday,16:25,401128097,Jacksonville Jaguars,Denver Broncos,26,24,-2.5,37,124,-137,-102,-109,-102,-109,2.5
2019,4,2019-09-29,Sunday,13:00,401128023,Kansas City Chiefs,Detroit Lions,34,30,7.5,54.5,-364,307,105,-116,-113,101,-7.5
2019,4,2019-09-29,Sunday,13:00,401128026,Carolina Panthers,Houston Texans,16,10,-5.5,47.5,224,-257,-100,-110,-105,-106,5.5
2019,4,2019-09-29,Sunday,13:00,401128030,Las Vegas Raiders,Indianapolis Colts,31,24,-5.5,46,212,-242,-106,-104,-103,-108,5.5
2019,4,2019-09-29,Sunday,16:05,401128069,Tampa Bay Buccaneers,Los Angeles Rams,55,40,-9,48.5,385,-473,-104,-106,-107,-104,9
2019,4,2019-09-29,Sunday,13:00,401128055,Los Angeles Chargers,Miami Dolphins,30,10,15,43.5,-806,602,-103,-107,101,-113,-15
2019,4,2019-09-29,Sunday,20:20,401128102,Dallas Cowboys,New Orleans Saints,10,12,2.5,47,-140,127,-105,-105,-108,-103,-2.5
2019,4,2019-09-29,Sunday,13:00,401128059,Washington Commanders,New York Giants,3,24,-3,48,146,-163,-101,-109,-106,-105,3
2019,4,2019-09-30,Monday,20:15,401128109,Cincinnati Bengals,Pittsburgh Steelers,3,27,-3.5,45.5,160,-179,-112,101,-118,106,3.5
2019,5,2019-10-03,Thursday,20:20,401127927,Los Angeles Rams,Seattle Seahawks,29,30,-1.5,49,111,-122,-104,-106,-113,102,1.5
2019,5,2019-10-06,Sunday,13:00,401127932,Jacksonville Jaguars,Carolina Panthers,27,34,-3,41,169,-189,119,-131,-101,-110,3
2019,5,2019-10-06,Sunday,13:00,401127958,Arizona Cardinals,Cincinnati Bengals,26,23,-3,45,139,-154,-106,-104,103,-115,3
2019,5,2019-10-06,Sunday,16:25,401128029,Green Bay Packers,Dallas Cowboys,34,24,-3.5,46.5,162,-181,-113,102,-104,-107,3.5
2019,5,2019-10-06,Sunday,13:00,401127960,Atlanta Falcons,Houston Texans,32,53,-4,49,184,-207,-101,-109,-101,-110,4
2019,5,2019-10-06,Sunday,20:20,401128053,Indianapolis Colts,Kansas City Chiefs,19,13,-10.5,55.5,407,-504,-111,101,-118,106,10.5
2019,5,2019-10-06,Sunday,13:00,401128001,Chicago Bears,Las Vegas Raiders,21,24,6.5,39.5,-266,232,-101,-110,-105,-106,-6.5
2019,5,2019-10-06,Sunday,16:05,401128019,Denver Broncos,Los Angeles Chargers,20,13,-4,46,199,-226,102,-113,-113,101,4
2019,5,2019-10-06,Sunday,13:00,401127965,Tampa Bay Buccaneers,New Orleans Saints,24,31,-3,46,133,-148,-118,107,-109,-102,3
2019,5,2019-10-06,Sunday,13:00,401127971,Minnesota Vikings,New York Giants,28,10,5.5,44,-243,213,-116,105,-106,-105,-5.5
2019,5,2019-10-06,Sunday,13:00,401128006,New York Jets,Philadelphia Eagles,6,31,-14,43,587,-782,-109,-101,-106,-105,14
2019,5,2019-10-06,Sunday,13:00,401128011,Baltimore Ravens,Pittsburgh Steelers,26,23,3.5,44,-179,160,102,-113,-103,-108,-3.5
2019,5,2019-10-06,Sunday,13:00,401128014,Buffalo Bills,Tennessee Titans,14,7,-3.5,39.5,162,-182,-110,-101,-111,-101,3.5
2019,5,2019-10-06,Sunday,13:00,401127864,New England Patriots,Washington Commanders,33,7,15.5,42,-963,695,-112,101,-102,-109,-15.5
2019,5,2019-10-07,Monday,20:15,401128062,Cleveland Browns,San Francisco 49ers,3,31,-5,47.5,199,-226,101,-111,-100,-111,5
2019,6,2019-10-10,Thursday,20:20,401127917,New York Giants,New England Patriots,14,35,-16.5,43,756,-1071,-106,-104,102,-113,16.5
2019,6,2019-10-13,Sunday,16:05,401128126,Atlanta Falcons,Arizona Cardinals,33,34,3,52.5,-161,145,-108,-102,-113,101,-3
2019,6,2019-10-13,Sunday,13:00,401128105,Cincinnati Bengals,Baltimore Ravens,17,23,-10.5,47,425,-531,-106,-104,-103,-108,10.5
2019,6,2019-10-13,Sunday,13:00,401128111,Seattle Seahawks,Cleveland Browns,32,28,-1,45.5,102,-113,-104,-106,-104,-107,1
2019,6,2019-10-13,Sunday,16:25,401128129,Tennessee Titans,Denver Broncos,0,16,-1,41,109,-121,103,-113,-109,-102,1
2019,6,2019-10-13,Sunday,13:00,401128116,New Orleans Saints,Jacksonville Jaguars,13,6,-2.5,42.5,126,-139,100,-110,-103,-108,2.5
2019,6,2019-10-13,Sunday,13:00,401128119,Houston Texans,Kansas City Chiefs,31,24,-3.5,54.5,166,-186,-108,-103,-103,-108,3.5
2019,6,2019-10-13,Sunday,20:20,401128131,Pittsburgh Steelers,Los Angeles Chargers,24,17,-6,42.5,220,-252,-115,104,-106,-105,6
2019,6,2019-10-13,Sunday,16:05,401128128,San Francisco 49ers,Los Angeles Rams,20,7,-3,49.5,133,-148,-110,-100,-100,-111,3
2019,6,2019-10-13,Sunday,13:00,401128121,Washington Commanders,Miami Dolphins,17,16,6,42,-240,210,-101,-109,-106,-105,-6
2019,6,2019-10-13,Sunday,13:00,401128123,Philadelphia Eagles,Minnesota Vikings,20,38,-3.5,44,157,-176,-115,105,-101,-110,3.5
2019,6,2019-10-13,Sunday,16:25,401128130,Dallas Cowboys,New York Jets,22,24,7,43.5,-316,270,-100,-110,-113,102,-7
2019,6,2019-10-13,Sunday,09:30,401128096,Carolina Panthers,Tampa Bay Buccaneers,37,26,2,48.5,-125,113,-100,-110,-107,-104,-2
2019,6,2019-10-14,Monday,20:15,401128132,Detroit Lions,Green Bay Packers,22,23,-3.5,47,176,-198,-102,-108,-111,100,3.5
2019,7,2019-10-17,Thursday,20:20,401127902,Kansas City Chiefs,Denver Broncos,30,6,3,49.5,-149,134,104,-115,100,-111,-3
2019,7,2019-10-20,Sunday,13:00,401127940,Los Angeles Rams,Atlanta Falcons,37,10,3,54.5,-154,139,-105,-105,-104,-107,-3
2019,7,2019-10-20,Sunday,13:00,401127942,Miami Dolphins,Buffalo Bills,21,31,-17,42.5,793,-1137,-103,-108,-111,-100,17
2019,7,2019-10-20,Sunday,16:25,401127982,New Orleans Saints,Chicago Bears,36,25,-4,37,188,-213,100,-110,-111,-101,4
2019,7,2019-10-20,Sunday,13:00,401127945,Jacksonville Jaguars,Cincinnati Bengals,27,17,4,44.5,-214,189,-116,105,-111,100,-4
2019,7,2019-10-20,Sunday,20:20,401127987,Philadelphia Eagles,Dallas Cowboys,10,37,-3,50,148,-165,101,-111,-105,-106,3
2019,7,2019-10-20,Sunday,13:00,401127947,Minnesota Vikings,Detroit Lions,42,30,2.5,43.5,-137,124,-110,-100,-114,102,-2.5
2019,7,2019-10-20,Sunday,13:00,401127949,Las Vegas Raiders,Green Bay Packers,24,42,-5.5,48,211,-241,-103,-107,-113,101,5.5
2019,7,2019-10-20,Sunday,13:00,401127951,Houston Texans,Indianapolis Colts,23,30,-1.5,46.5,109,-120,-104,-106,-111,100,1.5
2019,7,2019-10-20,Sunday,13:00,401127974,Arizona Cardinals,New York Giants,27,21,-3.5,49.5,168,-188,-106,-104,-110,-101,3.5
2019,7,2019-10-20,Sunday,16:25,401127985,Baltimore Ravens,Seattle Seahawks,30,16,-3,49,141,-157,-104,-106,-117,105,3
2019,7,2019-10-20,Sunday,16:05,401127979,Los Angeles Chargers,Tennessee Titans,20,23,-3,42.5,141,-157,-107,-103,-106,-105,3
2019,7,2019-10-20,Sunday,13:00,401127977,San Francisco 49ers,Washington Commanders,9,0,10,39,-424,350,-104,-106,-111,-100,-10
2019,7,2019-10-21,Monday,20:15,401127894,New England Patriots,New York Jets,33,0,9.5,43,-371,311,-106,-104,-112,100,-9.5
2019,8,2019-10-24,Thursday,20:20,401127905,Washington Commanders,Minnesota Vikings,9,19,-16.5,42,729,-1023,-104,-106,-112,100,16.5
2019,8,2019-10-27,Sunday,13:00,401128035,Seattle Seahawks,Atlanta Falcons,27,20,7.5,48.5,-323,275,106,-117,-110,-102,-7.5
2019,8,2019-10-27,Sunday,13:00,401128037,Philadelphia Eagles,Buffalo Bills,31,13,-1,39.5,111,-122,102,-113,-117,105,1
2019,8,2019-10-27,Sunday,13:00,401128039,Los Angeles Chargers,Chicago Bears,17,16,-3.5,41,163,-182,-107,-103,-107,-104,3.5
2019,8,2019-10-27,Sunday,13:00,401128042,New York Giants,Detroit Lions,26,31,-6.5,49,232,-267,-113,102,-112,100,6.5
2019,8,2019-10-27,Sunday,16:25,401128043,Las Vegas Raiders,Houston Texans,24,27,-5,52,207,-236,-107,-103,-101,-110,5
2019,8,2019-10-27,Sunday,13:00,401128051,Denver Broncos,Indianapolis Colts,13,15,-6,41,209,-238,-117,106,-100,-111,6
2019,8,2019-10-27,Sunday,13:00,401128045,New York Jets,Jacksonville Jaguars,15,29,-7,39.5,254,-295,-115,105,-109,-102,7
2019,8,2019-10-27,Sunday,20:20,401128073,Green Bay Packers,Kansas City Chiefs,31,24,5,48,-230,202,-108,-102,-108,103,-5
2019,8,2019-10-27,Sunday,13:00,401127912,Cincinnati Bengals,Los Angeles Rams,10,24,-12,48.5,467,-594,-112,102,-117,105,12
2019,8,2019-10-27,Sunday,16:25,401127895,Cleveland Browns,New England Patriots,13,27,-9.5,43,309,-367,-107,-103,-114,102,9.5
2019,8,2019-10-27,Sunday,13:00,401128046,Arizona Cardinals,New Orleans Saints,9,31,-12.5,47.5,467,-625,-108,-102,-101,-110,12.5
2019,8,2019-10-27,Sunday,16:05,401128050,Carolina Panthers,San Francisco 49ers,13,51,-4.5,41,184,-208,-112,102,-114,103,4.5
2019,8,2019-10-27,Sunday,13:00,401128048,Tampa Bay Buccaneers,Tennessee Titans,23,27,-2,45.5,110,-122,-110,-100,-114,102,2
2019,8,2019-10-28,Monday,20:15,401128074,Miami Dolphins,Pittsburgh Steelers,14,27,-14,44,491,-630,-107,-103,-105,-106,14
2019,9,2019-10-31,Thursday,20:20,401127908,San Francisco 49ers,Arizona Cardinals,28,25,10.5,43.5,-445,365,100,-111,-115,103,-10.5
2019,9,2019-11-03,Sunday,20:20,401127899,New England Patriots,Baltimore Ravens,20,37,3,44.5,-150,135,100,-110,-101,-111,-3
2019,9,2019-11-03,Sunday,13:00,401128076,Washington Commanders,Buffalo Bills,9,24,-10.5,37,368,-449,-112,102,-107,-104,10.5
2019,9,2019-11-03,Sunday,13:00,401128078,Tennessee Titans,Carolina Panthers,20,30,-3.5,43,160,-179,-109,-101,-107,-104,3.5
2019,9,2019-11-03,Sunday,16:25,401128088,Cleveland Browns,Denver Broncos,19,24,4,39,-194,173,-102,-108,-107,-104,-4
2019,9,2019-11-03,Sunday,09:30,401127936,Houston Texans,Jacksonville Jaguars,26,3,-1,46,103,-113,-104,-106,-105,-106,1
2019,9,2019-11-03,Sunday,13:00,401128079,Minnesota Vikings,Kansas City Chiefs,23,26,5.5,46,-225,198,-101,-109,-111,-100,-5.5
2019,9,2019-11-03,Sunday,16:05,401128085,Detroit Lions,Las Vegas Raiders,24,31,-2.5,51.5,129,-143,104,-115,-105,-106,2.5
2019,9,2019-11-03,Sunday,16:25,401128090,Green Bay Packers,Los Angeles Chargers,11,26,4,50,-208,184,-111,100,-103,-109,-4
2019,9,2019-11-03,Sunday,13:00,401128080,New York Jets,Miami Dolphins,18,26,3.5,42.5,-187,167,-103,-107,-103,-108,-3.5
2019,9,2019-11-03,Sunday,13:00,401128082,Chicago Bears,Philadelphia Eagles,14,22,-5,41,199,-226,-106,-104,-109,-102,5
2019,9,2019-11-03,Sunday,13:00,401128083,Indianapolis Colts,Pittsburgh Steelers,24,26,-1,39.5,107,-117,101,-111,-109,-102,1
2019,9,2019-11-03,Sunday,16:05,401128087,Tampa Bay Buccaneers,Seattle Seahawks,34,40,-4,51,185,-209,-105,-105,-119,107,4
2019,9,2019-11-04,Monday,20:15,401128091,Dallas Cowboys,New York Giants,37,18,6.5,48.5,-297,255,-101,-109,-114,102,-6.5
2019,10,2019-11-07,Thursday,20:20,401127907,Los Angeles Chargers,Las Vegas Raiders,24,26,1,49,-117,106,-110,-100,-108,-103,-1
2019,10,2019-11-10,Sunday,13:00,401127911,Detroit Lions,Chicago Bears,13,20,-6,38,235,-270,101,-111,103,-114,6
2019,10,2019-11-10,Sunday,13:00,401127934,Baltimore Ravens,Cincinnati Bengals,49,13,10.5,44,-435,358,104,-114,-107,-104,-10.5
2019,10,2019-11-10,Sunday,13:00,401127939,Buffalo Bills,Cleveland Browns,16,19,-3,42,136,-151,-108,-102,102,-113,3
2019,10,2019-11-10,Sunday,20:20,401128041,Minnesota Vikings,Dallas Cowboys,28,24,-3.5,48.5,160,-179,-113,103,-112,100,3.5
2019,10,2019-11-10,Sunday,16:25,401127944,Carolina Panthers,Green Bay Packers,16,24,-5,49,200,-227,-100,-110,-104,-107,5
2019,10,2019-11-10,Sunday,16:05,401127986,Miami Dolphins,Indianapolis Colts,16,12,-11,44.5,390,-481,-109,-101,-109,-102,11
2019,10,2019-11-10,Sunday,13:00,401127948,Atlanta Falcons,New Orleans Saints,26,9,-14,51.5,503,-649,-114,103,-101,-110,14
2019,10,2019-11-10,Sunday,13:00,401127952,New York Giants,New York Jets,27,34,3,43,-147,133,104,-115,-102,-109,-3
2019,10,2019-11-10,Sunday,16:25,401127989,Los Angeles Rams,Pittsburgh Steelers,12,17,4,43,-214,189,-113,103,103,-114,-4
2019,10,2019-11-10,Sunday,13:00,401127976,Arizona Cardinals,Tampa Bay Buccaneers,27,30,-5.5,51,207,-235,100,-110,101,-113,5.5
2019,10,2019-11-10,Sunday,13:00,401127981,Kansas City Chiefs,Tennessee Titans,32,35,5,49,-233,205,-108,-102,-107,-104,-5
2019,10,2019-11-11,Monday,20:15,401127992,Seattle Seahawks,San Francisco 49ers,27,24,-6.5,47,233,-268,-104,-106,-107,-104,6.5
2019,11,2019-11-14,Thursday,20:20,401128044,Pittsburgh Steelers,Cleveland Browns,7,21,-3,41.5,146,-163,101,-112,-103,-108,3
2019,11,2019-11-17,Sunday,13:00,401128047,Houston Texans,Baltimore Ravens,7,41,-4,51,192,-217,-102,-108,-106,-105,4
2019,11,2019-11-17,Sunday,13:00,401128049,Atlanta Falcons,Carolina Panthers,29,3,-3.5,49,177,-199,-100,-110,-103,-108,3.5
2019,11,2019-11-17,Sunday,13:00,401128052,Dallas Cowboys,Detroit Lions,35,27,7.5,46.5,-369,310,102,-113,-112,101,-7.5
2019,11,2019-11-17,Sunday,13:00,401128075,Jacksonville Jaguars,Indianapolis Colts,13,33,-2.5,41.5,121,-134,-103,-108,-115,103,2.5
2019,11,2019-11-17,Sunday,16:25,401128092,Cincinnati Bengals,Las Vegas Raiders,10,17,-13,48,474,-605,-108,-102,-105,-106,13
2019,11,2019-11-17,Sunday,20:20,401128133,Chicago Bears,Los Angeles Rams,7,17,-5,40,204,-233,-107,-103,-102,-109,5
2019,11,2019-11-17,Sunday,13:00,401128077,Buffalo Bills,Miami Dolphins,37,20,7,41.5,-307,263,-109,-101,-105,-106,-7
2019,11,2019-11-17,Sunday,13:00,401128081,Denver Broncos,Minnesota Vikings,23,27,-10,40.5,341,-412,-119,107,-111,-100,10
2019,11,2019-11-17,Sunday,16:25,401127897,New England Patriots,Philadelphia Eagles,17,10,4.5,45,-210,186,101,-112,-111,-100,-4.5
2019,11,2019-11-17,Sunday,16:05,401128089,Arizona Cardinals,San Francisco 49ers,26,36,-10,44,353,-429,-113,103,103,-114,10
2019,11,2019-11-17,Sunday,13:00,401128084,New Orleans Saints,Tampa Bay Buccaneers,34,17,5,50.5,-230,202,-108,-102,102,-114,-5
2019,11,2019-11-17,Sunday,13:00,401128086,New York Jets,Washington Commanders,34,17,-1,37.5,111,-122,104,-114,-108,-103,1
2019,11,2019-11-18,Monday,20:15,401128134,Kansas City Chiefs,Los Angeles Chargers,24,17,5.5,52.5,-243,213,-106,-104,-105,-106,-5.5
2019,12,2019-11-21,Thursday,20:20,401127865,Indianapolis Colts,Houston Texans,17,20,-3.5,46,164,-183,-105,-105,-105,-106,3.5
2019,12,2019-11-24,Sunday,13:00,401127870,Tampa Bay Buccaneers,Atlanta Falcons,35,22,-3.5,51.5,163,-183,-110,-100,100,-111,3.5
2019,12,2019-11-24,Sunday,13:00,401127872,Denver Broncos,Buffalo Bills,3,20,-3.5,37,170,-190,-106,-104,104,-115,3.5
2019,12,2019-11-24,Sunday,13:00,401127914,New York Giants,Chicago Bears,14,19,-6,41,220,-252,-110,-100,-115,103,6
2019,12,2019-11-24,Sunday,13:00,401127918,Pittsburgh Steelers,Cincinnati Bengals,16,10,5.5,37.5,-225,199,-106,-104,-109,-102,-5.5
2019,12,2019-11-24,Sunday,13:00,401127919,Miami Dolphins,Cleveland Browns,24,41,-11,45.5,365,-446,-113,103,-105,-106,11
2019,12,2019-11-24,Sunday,16:25,401127957,Dallas Cowboys,New England Patriots,9,13,-5.5,44.5,203,-231,-108,-102,-110,-101,5.5
2019,12,2019-11-24,Sunday,13:00,401127922,Carolina Panthers,New Orleans Saints,31,34,-10,46,374,-457,-108,-102,106,-118,10
2019,12,2019-11-24,Sunday,13:00,401127924,Las Vegas Raiders,New York Jets,3,34,3.5,45,-177,158,102,-112,-115,103,-3.5
2019,12,2019-11-24,Sunday,13:00,401128008,Seattle Seahawks,Philadelphia Eagles,17,9,1,45.5,-105,-105,102,-112,-104,-107,-1
2019,12,2019-11-24,Sunday,20:20,401128004,Green Bay Packers,San Francisco 49ers,8,37,-3,48,156,-175,111,-122,-109,-102,3
2019,12,2019-11-24,Sunday,16:05,401128000,Jacksonville Jaguars,Tennessee Titans,20,42,-4.5,42,198,-225,103,-114,-112,100,4.5
2019,12,2019-11-24,Sunday,13:00,401127996,Detroit Lions,Washington Commanders,16,19,4,39,-190,169,-102,-109,-102,-110,-4
2019,12,2019-11-25,Monday,20:15,401128012,Baltimore Ravens,Los Angeles Rams,45,6,3.5,47,-162,145,112,-124,-114,103,-3.5
2019,13,2019-11-28,Thursday,20:20,401128022,New Orleans Saints,Atlanta Falcons,26,18,7,48,-319,272,-106,-104,-108,-103,-7
2019,13,2019-11-28,Thursday,16:30,401128017,Buffalo Bills,Dallas Cowboys,26,15,-6.5,46.5,256,-298,104,-115,-102,-109,6.5
2019,13,2019-11-28,Thursday,12:30,401128015,Chicago Bears,Detroit Lions,24,20,5.5,37.5,-230,203,-104,-106,-108,-103,-5.5
2019,13,2019-12-01,Sunday,16:05,401128100,Los Angeles Rams,Arizona Cardinals,34,7,2.5,47,-139,125,-110,-100,103,-114,-2.5
2019,13,2019-12-01,Sunday,13:00,401128027,San Francisco 49ers,Baltimore Ravens,17,20,-5.5,45,212,-242,-100,-110,-108,-103,5.5
2019,13,2019-12-01,Sunday,13:00,401128032,Washington Commanders,Carolina Panthers,29,21,-10.5,38.5,391,-482,-110,-100,102,-113,10.5
2019,13,2019-12-01,Sunday,13:00,401128057,New York Jets,Cincinnati Bengals,6,22,2.5,43,-123,111,102,-112,-107,-104,-2.5
2019,13,2019-12-01,Sunday,16:25,401128104,Los Angeles Chargers,Denver Broncos,20,23,4.5,39,-207,183,-103,-107,-117,105,-4.5
2019,13,2019-12-01,Sunday,20:20,401127967,New England Patriots,Houston Texans,22,28,3.5,47,-172,154,106,-117,-107,-104,-3.5
2019,13,2019-12-01,Sunday,13:00,401128058,Tennessee Titans,Indianapolis Colts,31,17,1,41.5,-109,-101,-102,-108,-105,-106,-1
2019,13,2019-12-01,Sunday,13:00,401128063,Tampa Bay Buccaneers,Jacksonville Jaguars,28,11,3,46.5,-155,140,-105,-105,-106,-105,-3
2019,13,2019-12-01,Sunday,16:25,401128067,Las Vegas Raiders,Kansas City Chiefs,9,40,-11.5,49.5,369,-451,-116,106,-108,-103,11.5
2019,13,2019-12-01,Sunday,13:00,401128070,Philadelphia Eagles,Miami Dolphins,31,37,10.5,45,-469,382,-100,-110,-102,-109,-10.5
2019,13,2019-12-01,Sunday,13:00,401128095,Green Bay Packers,New York Giants,31,13,6.5,43.5,-256,223,103,-113,-104,-107,-6.5
2019,13,2019-12-01,Sunday,13:00,401128107,Cleveland Browns,Pittsburgh Steelers,13,20,1,40,-113,103,-107,-103,-102,-109,-1
2019,13,2019-12-02,Monday,20:15,401128112,Minnesota Vikings,Seattle Seahawks,30,37,-2.5,48,138,-154,112,-124,-109,-102,2.5
2019,14,2019-12-05,Thursday,20:20,401127871,Dallas Cowboys,Chicago Bears,24,31,3,43,-167,150,-109,-101,-108,-103,-3
2019,14,2019-12-08,Sunday,16:25,401128002,Pittsburgh Steelers,Arizona Cardinals,23,17,2.5,43.5,-130,117,-100,-110,-113,101,-2.5
2019,14,2019-12-08,Sunday,13:00,401127869,Carolina Panthers,Atlanta Falcons,20,40,-3.5,48,161,-180,-110,100,-104,-107,3.5
2019,14,2019-12-08,Sunday,13:00,401127868,Baltimore Ravens,Buffalo Bills,24,17,6.5,44,-264,230,100,-110,-107,-104,-6.5
2019,14,2019-12-08,Sunday,13:00,401127867,Cincinnati Bengals,Cleveland Browns,19,27,-6.5,43,234,-269,-112,101,106,-118,6.5
2019,14,2019-12-08,Sunday,13:00,401127916,Washington Commanders,Green Bay Packers,15,20,-13,42.5,568,-752,-106,-104,-110,-102,13
2019,14,2019-12-08,Sunday,13:00,401127920,Denver Broncos,Houston Texans,38,24,-8,42.5,325,-389,-103,-107,-106,-105,8
2019,14,2019-12-08,Sunday,16:05,401127997,Los Angeles Chargers,Jacksonville Jaguars,45,10,3.5,42,-179,160,-101,-110,-106,-105,-3.5
2019,14,2019-12-08,Sunday,16:25,401128005,Tennessee Titans,Las Vegas Raiders,42,21,3,47,-152,137,100,-111,-105,-106,-3
2019,14,2019-12-08,Sunday,20:20,401128009,Seattle Seahawks,Los Angeles Rams,12,28,-1,47.5,109,-120,102,-112,-106,-105,1
2019,14,2019-12-08,Sunday,13:00,401127926,Detroit Lions,Minnesota Vikings,7,20,-12,43.5,463,-587,-117,106,102,-113,12
2019,14,2019-12-08,Sunday,16:25,401127930,Kansas City Chiefs,New England Patriots,23,16,-3,49.5,135,-150,-107,-103,-115,103,3
2019,14,2019-12-08,Sunday,13:00,401127964,San Francisco 49ers,New Orleans Saints,48,46,-1,45,105,-116,-101,-109,-104,-107,1
2019,14,2019-12-08,Sunday,13:00,401127969,Miami Dolphins,New York Jets,21,22,-5,47,189,-213,-110,100,-109,-102,5
2019,14,2019-12-08,Sunday,13:00,401127994,Indianapolis Colts,Tampa Bay Buccaneers,35,38,-3,46.5,149,-166,101,-111,-106,-105,3
2019,14,2019-12-09,Monday,20:15,401128013,New York Giants,Philadelphia Eagles,17,23,-9.5,45.5,341,-411,-106,-104,-110,-101,9.5
2019,15,2019-12-12,Thursday,20:20,401128020,New York Jets,Baltimore Ravens,21,42,-17,44,775,-1105,-105,-105,-111,-100,17
2019,15,2019-12-15,Sunday,16:05,401128094,Cleveland Browns,Arizona Cardinals,24,38,3,49,-156,140,-107,-103,-113,102,-3
2019,15,2019-12-15,Sunday,13:00,401128024,Seattle Seahawks,Carolina Panthers,30,24,6,48.5,-250,218,-104,-106,-106,-105,-6
2019,15,2019-12-15,Sunday,13:00,401127955,New England Patriots,Cincinnati Bengals,34,13,10.5,42,-468,381,-101,-110,101,-112,-10.5
2019,15,2019-12-15,Sunday,16:25,401128103,Los Angeles Rams,Dallas Cowboys,21,44,1,48.5,-115,104,-108,-102,-114,102,-1
2019,15,2019-12-15,Sunday,13:00,401128028,Tampa Bay Buccaneers,Detroit Lions,38,17,5.5,46,-239,210,-111,101,-111,-100,-5.5
2019,15,2019-12-15,Sunday,13:00,401128031,Chicago Bears,Green Bay Packers,13,21,-4,40,192,-218,107,-118,-102,-109,4
2019,15,2019-12-15,Sunday,13:00,401128056,Denver Broncos,Kansas City Chiefs,3,23,-10,43,352,-426,-125,113,-104,-107,10
2019,15,2019-12-15,Sunday,16:05,401128099,Jacksonville Jaguars,Las Vegas Raiders,20,16,-7,47,255,-297,-114,103,-109,-102,7
2019,15,2019-12-15,Sunday,16:05,401128113,Minnesota Vikings,Los Angeles Chargers,39,10,1,45,-118,107,-111,101,-109,-102,-1
2019,15,2019-12-15,Sunday,13:00,401128060,Miami Dolphins,New York Giants,20,36,-3.5,47,165,-185,-108,-102,-109,-102,3.5
2019,15,2019-12-15,Sunday,20:20,401128065,Buffalo Bills,Pittsburgh Steelers,17,10,-1,37,101,-112,-105,-105,-106,-105,1
2019,15,2019-12-15,Sunday,16:25,401128108,Atlanta Falcons,San Francisco 49ers,29,22,-10.5,50,376,-460,-117,106,-108,-103,10.5
2019,15,2019-12-15,Sunday,13:00,401128068,Houston Texans,Tennessee Titans,24,21,-3,50,148,-165,103,-113,-104,-107,3
2019,15,2019-12-15,Sunday,13:00,401128071,Philadelphia Eagles,Washington Commanders,37,27,7,38,-286,247,105,-116,-100,-111,-7
2019,15,2019-12-16,Monday,20:15,401128117,Indianapolis Colts,New Orleans Saints,7,34,-8,48.5,315,-376,-106,-104,101,-112,8
2019,16,2019-12-21,Saturday,16:30,401127898,Buffalo Bills,New England Patriots,17,24,-7,39.5,250,-289,-111,101,-110,-101,7
2019,16,2019-12-21,Saturday,20:15,401127900,Los Angeles Rams,San Francisco 49ers,31,34,-7,45.5,274,-320,100,-110,-101,-110,7
2019,16,2019-12-21,Saturday,13:00,401127901,Houston Texans,Tampa Bay Buccaneers,23,20,3,50,-150,135,102,-112,-103,-108,-3
2019,16,2019-12-22,Sunday,13:00,401127903,Jacksonville Jaguars,Atlanta Falcons,12,24,-7.5,48,268,-313,-114,103,-110,-102,7.5
2019,16,2019-12-22,Sunday,20:20,401127943,Kansas City Chiefs,Chicago Bears,26,3,6.5,45.5,-295,254,-109,-101,103,-115,-6.5
2019,16,2019-12-22,Sunday,13:00,401127904,Baltimore Ravens,Cleveland Browns,31,15,9.5,48.5,-370,311,-104,-106,-105,-106,-9.5
2019,16,2019-12-22,Sunday,16:05,401127893,Detroit Lions,Denver Broncos,17,27,-9.5,40,333,-400,102,-112,-104,-107,9.5
2019,16,2019-12-22,Sunday,13:00,401127906,Carolina Panthers,Indianapolis Colts,6,38,-7.5,46,264,-308,-122,110,-106,-105,7.5
2019,16,2019-12-22,Sunday,16:05,401127896,Las Vegas Raiders,Los Angeles Chargers,24,17,-7.5,45,274,-321,-113,103,-103,-108,7.5
2019,16,2019-12-22,Sunday,13:00,401127910,Cincinnati Bengals,Miami Dolphins,35,38,1.5,46,-118,107,-106,-104,-110,-101,-1.5
2019,16,2019-12-22,Sunday,13:00,401127933,Pittsburgh Steelers,New York Jets,10,16,3,36.5,-171,153,-116,105,-101,-111,-3
2019,16,2019-12-22,Sunday,16:25,401127938,Dallas Cowboys,Philadelphia Eagles,9,17,2,47,-120,109,101,-112,-107,-104,-2
2019,16,2019-12-22,Sunday,16:25,401127941,Arizona Cardinals,Seattle Seahawks,27,13,-8,51,322,-385,-111,101,-105,-106,8
2019,16,2019-12-22,Sunday,13:00,401127935,New Orleans Saints,Tennessee Titans,38,28,3.5,49,-178,159,103,-113,-111,-101,-3.5
2019,16,2019-12-22,Sunday,13:00,401127937,New York Giants,Washington Commanders,41,35,1,42,-112,102,-106,-104,101,-113,-1
2019,16,2019-12-23,Monday,20:15,401127946,Green Bay Packers,Minnesota Vikings,23,10,-4,47,179,-202,-102,-108,-101,-110,4
2019,17,2019-12-29,Sunday,16:25,401127950,Pittsburgh Steelers,Baltimore Ravens,10,28,2,35,-135,122,-113,102,-104,-107,-2
2019,17,2019-12-29,Sunday,13:00,401127973,New York Jets,Buffalo Bills,13,6,1.5,37,-124,112,-110,-100,-106,-105,-1.5
2019,17,2019-12-29,Sunday,13:00,401127975,New Orleans Saints,Carolina Panthers,42,10,13.5,45,-660,510,-106,-104,-103,-108,-13.5
2019,17,2019-12-29,Sunday,13:00,401127978,Cleveland Browns,Cincinnati Bengals,23,33,2.5,44,-137,124,-107,-103,-103,-108,-2.5
2019,17,2019-12-29,Sunday,16:25,401127980,Washington Commanders,Dallas Cowboys,16,47,-13,47.5,485,-621,-105,-105,-106,-105,13
2019,17,2019-12-29,Sunday,16:25,401128036,Las Vegas Raiders,Denver Broncos,15,16,-5.5,41.5,195,-221,-110,-101,-105,-106,5.5
2019,17,2019-12-29,Sunday,13:00,401127983,Green Bay Packers,Detroit Lions,23,20,13.5,44,-656,508,103,-114,-101,-110,-13.5
2019,17,2019-12-29,Sunday,16:25,401127984,Tennessee Titans,Houston Texans,35,14,10,43,-366,308,106,-117,-107,-104,-10
2019,17,2019-12-29,Sunday,16:25,401127988,Indianapolis Colts,Jacksonville Jaguars,20,38,5,41.5,-232,204,-109,-101,-104,-107,-5
2019,17,2019-12-29,Sunday,13:00,401127990,Los Angeles Chargers,Kansas City Chiefs,21,31,-10,46,325,-389,-110,-100,-108,-103,10
2019,17,2019-12-29,Sunday,16:25,401128038,Arizona Cardinals,Los Angeles Rams,24,31,-7,46,235,-271,-118,107,-107,-104,7
2019,17,2019-12-29,Sunday,13:00,401127991,Chicago Bears,Minnesota Vikings,21,19,5.5,36.5,-230,203,-110,-100,-110,-101,-5.5
2019,17,2019-12-29,Sunday,13:00,401127909,Miami Dolphins,New England Patriots,27,24,-17.5,46,781,-1117,-109,-102,-107,-104,17.5
2019,17,2019-12-29,Sunday,16:25,401128033,Philadelphia Eagles,New York Giants,34,17,4,44,-198,176,-102,-108,-101,-110,-4
2019,17,2019-12-29,Sunday,20:20,401128040,San Francisco 49ers,Seattle Seahawks,26,21,3.5,47,-177,159,101,-112,-109,-102,-3.5
2019,17,2019-12-29,Sunday,13:00,401128034,Atlanta Falcons,Tampa Bay Buccaneers,28,22,-1,48,109,-120,101,-111,-104,-107,1
2020,1,2020-09-10,Thursday,20:20,401220225,Houston Texans,Kansas City Chiefs,20,34,-9.5,53.5,349,-423,-105,-105,-102,-109,9.5
2020,1,2020-09-13,Sunday,13:00,401220313,Seattle Seahawks,Atlanta Falcons,38,25,-1,49.5,102,-112,-105,-105,-103,-108,1
2020,1,2020-09-13,Sunday,13:00,401220147,Cleveland Browns,Baltimore Ravens,6,38,-7,47,260,-302,-107,-103,-112,100,7
2020,1,2020-09-13,Sunday,13:00,401220116,New York Jets,Buffalo Bills,17,27,-6.5,39.5,242,-279,-110,100,102,-114,6.5
2020,1,2020-09-13,Sunday,13:00,401220370,Las Vegas Raiders,Carolina Panthers,34,30,3,48,-124,134,-112,-113,-110,-101,-3
2020,1,2020-09-13,Sunday,16:05,401220161,Los Angeles Chargers,Cincinnati Bengals,16,13,2.5,41.5,-129,117,-100,-110,102,-114,-2.5
2020,1,2020-09-13,Sunday,13:00,401220282,Chicago Bears,Detroit Lions,27,23,-2.5,42.5,116,-128,-108,-102,-103,-108,2.5
2020,1,2020-09-13,Sunday,13:00,401220195,Indianapolis Colts,Jacksonville Jaguars,20,27,7,44,-309,265,-108,-102,-108,-103,-7
2020,1,2020-09-13,Sunday,20:20,401220347,Dallas Cowboys,Los Angeles Rams,17,20,-1,52,103,-114,-103,-107,-100,-111,1
2020,1,2020-09-13,Sunday,13:00,401220300,Green Bay Packers,Minnesota Vikings,43,34,-1,45,103,-114,-103,-107,-102,-110,1
2020,1,2020-09-13,Sunday,13:00,401220131,Miami Dolphins,New England Patriots,11,21,-7.5,41.5,278,-327,-112,102,-101,-110,7.5
2020,1,2020-09-13,Sunday,16:25,401220369,Tampa Bay Buccaneers,New Orleans Saints,23,34,-4,48.5,174,-196,102,-113,101,-112,4
2020,1,2020-09-13,Sunday,16:25,401220352,Arizona Cardinals,San Francisco 49ers,24,20,-7,48.5,242,-280,-123,111,-118,106,7
2020,1,2020-09-13,Sunday,13:00,401220268,Philadelphia Eagles,Washington Commanders,17,27,5.5,41.5,-227,200,-106,-104,-100,-111,-5.5
2020,1,2020-09-14,Monday,22:10,401220217,Tennessee Titans,Denver Broncos,16,14,3,41,-175,157,-121,109,-112,100,-3
2020,1,2020-09-14,Monday,19:15,401220256,Pittsburgh Steelers,New York Giants,26,16,6,44,-253,221,-105,-105,-106,-105,-6
2020,2,2020-09-17,Thursday,20:20,401220163,Cincinnati Bengals,Cleveland Browns,30,35,-6,44.5,213,-243,-111,100,-113,101,6
2020,2,2020-09-20,Sunday,16:05,401220340,Washington Commanders,Arizona Cardinals,15,30,-7.5,46.5,268,-313,-120,109,-101,-110,7.5
2020,2,2020-09-20,Sunday,13:00,401220281,New York Giants,Chicago Bears,13,17,-4.5,42.5,196,-222,-105,-105,-108,-103,4.5
2020,2,2020-09-20,Sunday,13:00,401220249,Atlanta Falcons,Dallas Cowboys,39,40,-3,53,131,-145,-119,108,-109,-102,3
2020,2,2020-09-20,Sunday,13:00,401220291,Detroit Lions,Green Bay Packers,21,42,-7,51,245,-284,-113,102,-110,-101,7
2020,2,2020-09-20,Sunday,16:25,401220181,Baltimore Ravens,Houston Texans,33,16,7.5,49.5,-344,292,-102,-108,106,-118,-7.5
2020,2,2020-09-20,Sunday,13:00,401220192,Minnesota Vikings,Indianapolis Colts,11,28,-3.5,49,158,-176,-111,101,-104,-107,3.5
2020,2,2020-09-20,Sunday,16:25,401220235,Kansas City Chiefs,Los Angeles Chargers,23,20,8.5,47,-370,311,-104,-106,-102,-110,-8.5
2020,2,2020-09-20,Sunday,13:00,401220122,Buffalo Bills,Miami Dolphins,31,28,5.5,42.5,-244,214,-109,-101,-109,-102,-5.5
2020,2,2020-09-20,Sunday,13:00,401220144,San Francisco 49ers,New York Jets,31,13,7,41.5,-301,259,101,-111,-103,-108,-7
2020,2,2020-09-20,Sunday,13:00,401220261,Los Angeles Rams,Philadelphia Eagles,37,19,-2,46,111,-123,-107,-103,-106,-105,2
2020,2,2020-09-20,Sunday,13:00,401220177,Denver Broncos,Pittsburgh Steelers,21,26,-6,41,232,-267,-100,-110,102,-114,6
2020,2,2020-09-20,Sunday,20:20,401220365,New England Patriots,Seattle Seahawks,30,35,-4,45,177,-199,-102,-108,101,-113,4
2020,2,2020-09-20,Sunday,13:00,401220329,Carolina Panthers,Tampa Bay Buccaneers,17,31,-7.5,47,290,-342,-106,-104,-103,-108,7.5
2020,2,2020-09-20,Sunday,13:00,401220204,Jacksonville Jaguars,Tennessee Titans,30,33,-7,44.5,254,-295,-116,105,-108,-103,7
2020,2,2020-09-21,Monday,20:15,401220231,New Orleans Saints,Las Vegas Raiders,24,34,4,47.5,-201,180,-102,-107,-102,-109,-4
2020,3,2020-09-24,Thursday,20:20,401220201,Miami Dolphins,Jacksonville Jaguars,31,13,-3,49,124,-138,-126,114,-106,-105,3
2020,3,2020-09-27,Sunday,16:25,401220343,Detroit Lions,Arizona Cardinals,26,23,-4.5,55.5,193,-218,-105,-105,101,-113,4.5
2020,3,2020-09-27,Sunday,13:00,401220309,Chicago Bears,Atlanta Falcons,30,26,-2.5,46,122,-135,101,-111,-109,-102,2.5
2020,3,2020-09-27,Sunday,13:00,401220119,Los Angeles Rams,Buffalo Bills,32,35,-1.5,46.5,114,-126,-100,-110,100,-112,1.5
2020,3,2020-09-27,Sunday,13:00,401220168,Washington Commanders,Cleveland Browns,20,34,-7.5,45,282,-331,-115,104,-110,-101,7.5
2020,3,2020-09-27,Sunday,16:25,401220216,Tampa Bay Buccaneers,Denver Broncos,28,10,6,42.5,-264,230,-105,-105,-108,-103,-6
2020,3,2020-09-27,Sunday,16:05,401220193,New York Jets,Indianapolis Colts,7,36,-12.5,44,491,-630,-109,-101,101,-113,12.5
2020,3,2020-09-27,Sunday,16:05,401220240,Carolina Panthers,Los Angeles Chargers,21,16,-6,43.5,230,-265,-107,-103,-111,100,6
2020,3,2020-09-27,Sunday,13:00,401220304,Tennessee Titans,Minnesota Vikings,31,30,3,49.5,-155,139,-101,-109,104,-116,-3
2020,3,2020-09-27,Sunday,13:00,401220134,Las Vegas Raiders,New England Patriots,20,36,-7,47,266,-311,-105,-105,-110,-102,7
2020,3,2020-09-27,Sunday,20:20,401220323,Green Bay Packers,New Orleans Saints,37,30,-3.5,52,154,-172,-112,102,-103,-108,3.5
2020,3,2020-09-27,Sunday,13:00,401220254,San Francisco 49ers,New York Giants,36,9,3,44,-149,134,-101,-109,-100,-111,-3
2020,3,2020-09-27,Sunday,13:00,401220264,Cincinnati Bengals,Philadelphia Eagles,23,23,-5.5,46.5,205,-233,-105,-105,-112,100,5.5
2020,3,2020-09-27,Sunday,13:00,401220173,Houston Texans,Pittsburgh Steelers,21,28,-4,46.5,174,-196,-110,-100,-102,-109,4
2020,3,2020-09-27,Sunday,16:25,401220363,Dallas Cowboys,Seattle Seahawks,31,38,-5.5,58,208,-237,-104,-106,104,-116,5.5
2020,3,2020-09-28,Monday,20:15,401220153,Kansas City Chiefs,Baltimore Ravens,34,20,-3.5,55,156,-174,-112,102,104,-115,3.5
2020,4,2020-10-01,Thursday,20:20,401220141,Denver Broncos,New York Jets,37,28,-1,41,104,-114,-102,-108,-110,-101,1
2020,4,2020-10-04,Sunday,13:00,401220320,Arizona Cardinals,Carolina Panthers,21,31,3,52.5,-157,141,-105,-105,104,-116,-3
2020,4,2020-10-04,Sunday,16:25,401220280,Indianapolis Colts,Chicago Bears,19,11,3.5,43.5,-174,156,102,-112,-101,-110,-3.5
2020,4,2020-10-04,Sunday,13:00,401220157,Jacksonville Jaguars,Cincinnati Bengals,25,33,-1,50,101,-112,-106,-104,-105,-106,1
2020,4,2020-10-04,Sunday,13:00,401220247,Cleveland Browns,Dallas Cowboys,49,38,-3.5,56.5,157,-175,-111,101,101,-112,3.5
2020,4,2020-10-04,Sunday,13:00,401220285,New Orleans Saints,Detroit Lions,35,29,3,51.5,-155,139,-103,-107,-109,-102,-3
2020,4,2020-10-04,Sunday,13:00,401220184,Minnesota Vikings,Houston Texans,31,23,-3.5,52.5,154,-172,-114,104,-112,100,3.5
2020,4,2020-10-04,Sunday,16:25,401220229,Buffalo Bills,Las Vegas Raiders,30,23,3,53,-172,154,-115,104,-103,-108,-3
2020,4,2020-10-04,Sunday,16:05,401220348,New York Giants,Los Angeles Rams,9,17,-13.5,49.5,652,-890,-103,-107,-112,101,13.5
2020,4,2020-10-04,Sunday,13:00,401220128,Seattle Seahawks,Miami Dolphins,31,23,4.5,55,-223,196,-106,-104,101,-113,-4.5
2020,4,2020-10-04,Sunday,20:20,401220355,Philadelphia Eagles,San Francisco 49ers,25,20,-8.5,45.5,273,-320,-116,105,-103,-108,8.5
2020,4,2020-10-04,Sunday,13:00,401220334,Los Angeles Chargers,Tampa Bay Buccaneers,31,38,-7.5,42.5,282,-331,-114,103,-100,-111,7.5
2020,4,2020-10-04,Sunday,13:00,401220271,Baltimore Ravens,Washington Commanders,31,17,14.5,45,-958,692,104,-115,102,-113,-14.5
2020,4,2020-10-05,Monday,21:00,401220293,Atlanta Falcons,Green Bay Packers,16,30,-5,56.5,195,-221,-110,-100,100,-112,5
2020,4,2020-10-05,Monday,19:05,401220221,New England Patriots,Kansas City Chiefs,10,26,-7,52.5,257,-299,-114,103,-105,-106,7
2020,5,2020-10-08,Thursday,20:20,401220278,Tampa Bay Buccaneers,Chicago Bears,19,20,3.5,44,-184,164,-102,-108,-102,-109,-3.5
2020,5,2020-10-11,Sunday,13:00,401220306,Carolina Panthers,Atlanta Falcons,23,16,-2.5,53.5,125,-139,-101,-109,-104,-107,2.5
2020,5,2020-10-11,Sunday,13:00,401220146,Cincinnati Bengals,Baltimore Ravens,3,27,-12.5,49,547,-718,-105,-105,-108,-103,12.5
2020,5,2020-10-11,Sunday,16:25,401220166,Indianapolis Colts,Cleveland Browns,23,32,-1,48.5,-101,-110,-107,-103,101,-112,1
2020,5,2020-10-11,Sunday,16:25,401220242,New York Giants,Dallas Cowboys,34,37,-7.5,52,293,-347,-114,103,-104,-107,7.5
2020,5,2020-10-11,Sunday,13:00,401220179,Jacksonville Jaguars,Houston Texans,14,30,-6.5,55,243,-281,100,-110,-103,-108,6.5
2020,5,2020-10-11,Sunday,13:00,401220219,Las Vegas Raiders,Kansas City Chiefs,40,32,-11,54.5,387,-476,-114,104,-109,-102,11
2020,5,2020-10-11,Sunday,13:00,401220143,Arizona Cardinals,New York Jets,30,10,7,48.5,-295,254,106,-117,100,-112,-7
2020,5,2020-10-11,Sunday,13:00,401220175,Philadelphia Eagles,Pittsburgh Steelers,29,38,-7.5,44,312,-372,-103,-107,-104,-107,7.5
2020,5,2020-10-11,Sunday,16:05,401220358,Miami Dolphins,San Francisco 49ers,43,17,-8.5,50.5,301,-357,-119,108,-101,-110,8.5
2020,5,2020-10-11,Sunday,20:20,401220367,Minnesota Vikings,Seattle Seahawks,26,27,-6.5,54,245,-284,-105,-105,100,-112,6.5
2020,5,2020-10-11,Sunday,13:00,401220269,Los Angeles Rams,Washington Commanders,30,10,7,45,-305,262,-101,-109,-103,-108,-7
2020,5,2020-10-12,Monday,20:15,401220326,Los Angeles Chargers,New Orleans Saints,27,30,-7,49.5,288,-339,-106,-104,106,-118,7
2020,5,2020-10-13,Tuesday,19:00,401220209,Buffalo Bills,Tennessee Titans,16,42,3,52,-168,150,-108,-102,-105,-106,-3
2020,6,2020-10-18,Sunday,13:00,401220317,Chicago Bears,Carolina Panthers,23,16,-2,45,112,-124,-107,-103,-111,-100,2
2020,6,2020-10-18,Sunday,13:00,401220190,Cincinnati Bengals,Indianapolis Colts,27,31,-7.5,46,288,-340,-108,-102,-106,-105,7.5
2020,6,2020-10-18,Sunday,13:00,401220200,Detroit Lions,Jacksonville Jaguars,34,16,3,52.5,-154,139,-105,-105,-112,100,-3
2020,6,2020-10-18,Sunday,16:05,401220124,New York Jets,Miami Dolphins,0,24,-9.5,46,340,-410,103,-113,-116,104,9.5
2020,6,2020-10-18,Sunday,13:00,401220301,Atlanta Falcons,Minnesota Vikings,40,23,-3.5,53,167,-188,-102,-108,-115,103,3.5
2020,6,2020-10-18,Sunday,13:00,401220133,Denver Broncos,New England Patriots,18,12,-7,43.5,280,-328,-103,-107,-113,101,7
2020,6,2020-10-18,Sunday,13:00,401220252,Washington Commanders,New York Giants,19,20,-2,42.5,116,-128,-103,-107,103,-114,2
2020,6,2020-10-18,Sunday,13:00,401220263,Baltimore Ravens,Philadelphia Eagles,30,28,10.5,46.5,-422,348,108,-119,-107,-104,-10.5
2020,6,2020-10-18,Sunday,13:00,401220172,Cleveland Browns,Pittsburgh Steelers,7,38,-3,50,143,-159,-102,-108,-105,-106,3
2020,6,2020-10-18,Sunday,20:20,401220353,Los Angeles Rams,San Francisco 49ers,16,24,2,51,-124,112,-103,-107,-110,-102,-2
2020,6,2020-10-18,Sunday,16:25,401220331,Green Bay Packers,Tampa Bay Buccaneers,10,38,3,55,-145,131,109,-121,102,-114,-3
2020,6,2020-10-18,Sunday,13:00,401220202,Houston Texans,Tennessee Titans,36,42,-4,52,169,-190,-110,100,104,-116,4
2020,6,2020-10-19,Monday,17:00,401220117,Kansas City Chiefs,Buffalo Bills,26,17,5.5,55,-230,203,-104,-106,-102,-109,-5.5
2020,6,2020-10-19,Monday,20:15,401220245,Arizona Cardinals,Dallas Cowboys,38,10,-1,55.5,103,-114,-104,-106,-114,102,1
2020,7,2020-10-22,Thursday,20:20,401220259,New York Giants,Philadelphia Eagles,21,22,-5,44.5,197,-223,-109,-101,-104,-107,5
2020,7,2020-10-25,Sunday,20:20,401220338,Seattle Seahawks,Arizona Cardinals,34,37,3.5,55.5,-186,166,-102,-108,-103,-108,-3.5
2020,7,2020-10-25,Sunday,13:00,401220310,Detroit Lions,Atlanta Falcons,23,22,-1,54,102,-113,-106,-104,-106,-105,1
2020,7,2020-10-25,Sunday,13:00,401220155,Cleveland Browns,Cincinnati Bengals,37,34,4.5,50,-201,179,103,-114,102,-114,-4.5
2020,7,2020-10-25,Sunday,16:25,401220210,Kansas City Chiefs,Denver Broncos,43,16,7,46,-302,260,103,-113,-100,-111,-7
2020,7,2020-10-25,Sunday,13:00,401220183,Green Bay Packers,Houston Texans,35,20,2.5,55.5,-140,127,-113,102,-101,-110,-2.5
2020,7,2020-10-25,Sunday,16:05,401220232,Tampa Bay Buccaneers,Las Vegas Raiders,45,20,3.5,51.5,-192,171,-108,-102,-105,-106,-3.5
2020,7,2020-10-25,Sunday,16:25,401220241,Jacksonville Jaguars,Los Angeles Chargers,29,39,-8,48,325,-389,-108,-102,102,-113,8
2020,7,2020-10-25,Sunday,16:25,401220136,San Francisco 49ers,New England Patriots,33,6,-3,44,150,-167,102,-113,101,-113,3
2020,7,2020-10-25,Sunday,13:00,401220322,Carolina Panthers,New Orleans Saints,24,27,-7,49.5,271,-317,-107,-103,-101,-110,7
2020,7,2020-10-25,Sunday,13:00,401220138,Buffalo Bills,New York Jets,18,10,9.5,47,-391,327,101,-111,103,-115,-9.5
2020,7,2020-10-25,Sunday,13:00,401249063,Pittsburgh Steelers,Tennessee Titans,27,24,-1,51,103,-114,-102,-108,-100,-111,1
2020,7,2020-10-25,Sunday,13:00,401220266,Dallas Cowboys,Washington Commanders,3,25,1,44.5,-110,100,-103,-107,-107,-104,-1
2020,7,2020-10-26,Monday,20:15,401220351,Chicago Bears,Los Angeles Rams,10,24,-6.5,44,251,-291,101,-112,-102,-109,6.5
2020,8,2020-10-29,Thursday,20:20,401220314,Atlanta Falcons,Carolina Panthers,25,17,-1.5,52,104,-115,-109,-102,-101,-110,1.5
2020,8,2020-11-01,Sunday,13:00,401220148,Pittsburgh Steelers,Baltimore Ravens,28,24,-4,44,178,-200,-109,-102,-103,-108,4
2020,8,2020-11-01,Sunday,13:00,401220115,New England Patriots,Buffalo Bills,21,24,-4,41,175,-197,-105,-105,-109,-102,4
2020,8,2020-11-01,Sunday,16:25,401220277,New Orleans Saints,Chicago Bears,26,23,5.5,41,-229,202,100,-110,-102,-109,-5.5
2020,8,2020-11-01,Sunday,13:00,401220158,Tennessee Titans,Cincinnati Bengals,20,31,7.5,49.5,-321,274,107,-118,103,-115,-7.5
2020,8,2020-11-01,Sunday,13:00,401220169,Las Vegas Raiders,Cleveland Browns,16,6,-1,48,117,-130,111,-123,105,-117,1
2020,8,2020-11-01,Sunday,16:05,401220212,Los Angeles Chargers,Denver Broncos,30,31,3,44.5,-146,132,103,-114,-105,-106,-3
2020,8,2020-11-01,Sunday,13:00,401220288,Indianapolis Colts,Detroit Lions,41,21,3.5,49,-185,165,-103,-107,-109,-102,-3.5
2020,8,2020-11-01,Sunday,13:00,401220292,Minnesota Vikings,Green Bay Packers,28,22,-5.5,47,218,-249,-101,-109,-109,-102,5.5
2020,8,2020-11-01,Sunday,13:00,401220222,New York Jets,Kansas City Chiefs,9,35,-20,49,1204,-1965,-102,-108,-106,-105,20
2020,8,2020-11-01,Sunday,13:00,401220127,Los Angeles Rams,Miami Dolphins,17,28,3.5,46.5,-176,157,101,-111,-111,-100,-3.5
2020,8,2020-11-01,Sunday,20:20,401220258,Dallas Cowboys,Philadelphia Eagles,9,23,-10,43,335,-403,-100,-110,-106,-105,10
2020,8,2020-11-01,Sunday,16:25,401220361,San Francisco 49ers,Seattle Seahawks,27,37,-1,54.5,-100,-110,-108,-102,-108,-103,1
2020,8,2020-11-02,Monday,20:15,401220257,Tampa Bay Buccaneers,New York Giants,25,23,13,47,-598,470,105,-115,103,-115,-13
2020,9,2020-11-05,Thursday,20:20,401220359,Green Bay Packers,San Francisco 49ers,34,17,6,48.5,-246,215,100,-110,101,-113,-6
2020,9,2020-11-08,Sunday,16:25,401220342,Miami Dolphins,Arizona Cardinals,34,31,-6,49,211,-241,-112,102,-103,-108,6
2020,9,2020-11-08,Sunday,13:00,401220311,Denver Broncos,Atlanta Falcons,27,34,-4.5,50,193,-218,-108,-102,-110,-101,4.5
2020,9,2020-11-08,Sunday,13:00,401220120,Seattle Seahawks,Buffalo Bills,34,44,3,55,-164,147,-109,-101,-110,-101,-3
2020,9,2020-11-08,Sunday,16:25,401220248,Pittsburgh Steelers,Dallas Cowboys,24,19,14,44,-789,591,-100,-110,-108,-103,-14
2020,9,2020-11-08,Sunday,13:00,401220189,Baltimore Ravens,Indianapolis Colts,24,10,-1,48,-106,-104,-113,102,102,-114,1
2020,9,2020-11-08,Sunday,13:00,401220194,Houston Texans,Jacksonville Jaguars,27,25,7,49,-289,249,106,-117,-104,-107,-7
2020,9,2020-11-08,Sunday,13:00,401220224,Carolina Panthers,Kansas City Chiefs,31,33,-10,51.5,365,-445,-106,-104,-109,-102,10
2020,9,2020-11-08,Sunday,16:05,401220236,Las Vegas Raiders,Los Angeles Chargers,31,26,1,52.5,-112,102,-105,-105,-109,-102,-1
2020,9,2020-11-08,Sunday,13:00,401220299,Detroit Lions,Minnesota Vikings,20,34,-3,51.5,155,-173,106,-117,-104,-108,3
2020,9,2020-11-08,Sunday,20:20,401220330,New Orleans Saints,Tampa Bay Buccaneers,38,3,-3,51,160,-179,107,-118,-105,-106,3
2020,9,2020-11-08,Sunday,13:00,401220207,Chicago Bears,Tennessee Titans,17,24,-6.5,46.5,243,-280,-107,-103,-105,-106,6.5
2020,9,2020-11-08,Sunday,13:00,401220267,New York Giants,Washington Commanders,23,20,-3,43,145,-162,-105,-105,-109,-102,3
2020,9,2020-11-09,Monday,20:15,401220140,New England Patriots,New York Jets,30,27,9.5,41.5,-372,312,102,-113,-106,-105,-9.5
2020,10,2020-11-12,Thursday,20:20,401220203,Indianapolis Colts,Tennessee Titans,34,17,1,49,-115,105,-107,-103,-111,-100,-1
2020,10,2020-11-15,Sunday,16:05,401220341,Buffalo Bills,Arizona Cardinals,30,32,-3,55.5,138,-153,-108,-102,-105,-106,3
2020,10,2020-11-15,Sunday,13:00,401220368,Tampa Bay Buccaneers,Carolina Panthers,46,23,6,49.5,-259,226,-108,-102,-106,-105,-6
2020,10,2020-11-15,Sunday,13:00,401220165,Houston Texans,Cleveland Browns,7,10,-4.5,46,192,-217,-106,-104,-107,-104,4.5
2020,10,2020-11-15,Sunday,13:00,401220289,Washington Commanders,Detroit Lions,27,30,-2.5,46,123,-136,100,-110,100,-111,2.5
2020,10,2020-11-15,Sunday,13:00,401220295,Jacksonville Jaguars,Green Bay Packers,20,24,-13.5,47,653,-893,-105,-105,-107,-104,13.5
2020,10,2020-11-15,Sunday,16:05,401220226,Denver Broncos,Las Vegas Raiders,12,37,-3.5,50.5,168,-188,-106,-104,-101,-110,3.5
2020,10,2020-11-15,Sunday,16:25,401220346,Seattle Seahawks,Los Angeles Rams,16,23,-3,55,132,-146,-115,104,-111,-100,3
2020,10,2020-11-15,Sunday,16:05,401220126,Los Angeles Chargers,Miami Dolphins,21,29,-1,48.5,104,-115,-100,-110,-104,-107,1
2020,10,2020-11-15,Sunday,20:20,401220137,Baltimore Ravens,New England Patriots,17,23,7,44,-318,272,100,-110,-107,-104,-7
2020,10,2020-11-15,Sunday,16:25,401220327,San Francisco 49ers,New Orleans Saints,13,27,-9.5,49.5,323,-387,-110,-101,-105,-106,9.5
2020,10,2020-11-15,Sunday,13:00,401220251,Philadelphia Eagles,New York Giants,17,27,4.5,45,-219,194,-106,-104,-113,102,-4.5
2020,10,2020-11-15,Sunday,16:25,401220171,Cincinnati Bengals,Pittsburgh Steelers,10,36,-6.5,45.5,255,-297,-101,-109,-112,101,6.5
2020,10,2020-11-16,Monday,20:15,401220276,Minnesota Vikings,Chicago Bears,19,13,3.5,44,-170,152,108,-119,-111,100,-3.5
2020,11,2020-11-19,Thursday,20:20,401220360,Arizona Cardinals,Seattle Seahawks,21,28,-3,56.5,147,-164,-105,-105,-110,-101,3
2020,11,2020-11-22,Sunday,13:00,401220150,Tennessee Titans,Baltimore Ravens,30,24,-6,50.5,221,-253,-103,-107,-109,-102,6
2020,11,2020-11-22,Sunday,13:00,401220318,Detroit Lions,Carolina Panthers,0,20,3,47,-169,152,-119,108,-106,-105,-3
2020,11,2020-11-22,Sunday,13:00,401220167,Philadelphia Eagles,Cleveland Browns,17,22,-2.5,45.5,122,-135,-104,-106,-103,-109,2.5
2020,11,2020-11-22,Sunday,16:05,401220214,Miami Dolphins,Denver Broncos,13,20,4,46,-196,174,-105,-105,-103,-108,-4
2020,11,2020-11-22,Sunday,13:00,401220185,New England Patriots,Houston Texans,20,27,2.5,49.5,-147,132,-117,106,-108,-103,-2.5
2020,11,2020-11-22,Sunday,16:25,401220191,Green Bay Packers,Indianapolis Colts,31,34,-1.5,52,109,-120,-104,-106,-114,102,1.5
2020,11,2020-11-22,Sunday,13:00,401220198,Pittsburgh Steelers,Jacksonville Jaguars,27,3,11,47,-475,386,-103,-107,-113,101,-11
2020,11,2020-11-22,Sunday,20:20,401220227,Kansas City Chiefs,Las Vegas Raiders,35,31,7.5,56.5,-351,296,-108,-102,-107,-104,-7.5
2020,11,2020-11-22,Sunday,16:05,401220238,New York Jets,Los Angeles Chargers,28,34,-10,47,351,-425,-110,-101,-107,-104,10
2020,11,2020-11-22,Sunday,16:25,401220305,Dallas Cowboys,Minnesota Vikings,31,28,-7,50,261,-304,-110,-100,-101,-111,7
2020,11,2020-11-22,Sunday,13:00,401220321,Atlanta Falcons,New Orleans Saints,9,24,-3.5,49.5,162,-181,-109,-101,-108,-103,3.5
2020,11,2020-11-22,Sunday,13:00,401220272,Cincinnati Bengals,Washington Commanders,9,20,-2,48,110,-121,-109,-101,-105,-106,2
2020,11,2020-11-23,Monday,20:15,401220335,Los Angeles Rams,Tampa Bay Buccaneers,27,24,-4,47.5,173,-195,-109,-102,-102,-109,4
2020,12,2020-11-26,Thursday,16:30,401220244,Washington Commanders,Dallas Cowboys,41,16,-2.5,46,122,-135,-104,-106,-106,-105,2.5
2020,12,2020-11-26,Thursday,12:30,401220287,Houston Texans,Detroit Lions,41,25,3,52.5,-155,139,-104,-106,-101,-110,-3
2020,12,2020-11-29,Sunday,13:00,401220312,Las Vegas Raiders,Atlanta Falcons,6,43,3.5,53,-184,164,-105,-105,-102,-109,-3.5
2020,12,2020-11-29,Sunday,13:00,401220118,Los Angeles Chargers,Buffalo Bills,17,27,-4.5,51,189,-214,-107,-103,-114,103,4.5
2020,12,2020-11-29,Sunday,13:00,401220160,New York Giants,Cincinnati Bengals,19,17,6.5,45,-260,227,-103,-107,-102,-109,-6.5
2020,12,2020-11-29,Sunday,16:05,401220215,New Orleans Saints,Denver Broncos,31,3,17,36.5,-1350,906,-103,-107,-102,-109,-17
2020,12,2020-11-29,Sunday,20:20,401220290,Chicago Bears,Green Bay Packers,25,41,-7.5,44,293,-346,-116,105,-106,-105,7.5
2020,12,2020-11-29,Sunday,13:00,401220188,Tennessee Titans,Indianapolis Colts,45,26,-3,51.5,133,-147,-114,103,-104,-107,3
2020,12,2020-11-29,Sunday,13:00,401220197,Cleveland Browns,Jacksonville Jaguars,27,25,7.5,48.5,-334,284,102,-112,100,-112,-7.5
2020,12,2020-11-29,Sunday,16:05,401220345,San Francisco 49ers,Los Angeles Rams,23,20,-5,44.5,190,-215,-112,101,-110,-101,5
2020,12,2020-11-29,Sunday,13:00,401220302,Carolina Panthers,Minnesota Vikings,27,28,-3,50,131,-145,-115,104,-107,-104,3
2020,12,2020-11-29,Sunday,13:00,401220135,Arizona Cardinals,New England Patriots,17,20,1,51,-115,104,-107,-103,-105,-106,-1
2020,12,2020-11-29,Sunday,13:00,401220139,Miami Dolphins,New York Jets,20,3,7.5,46,-350,296,-106,-104,-112,100,-7.5
2020,12,2020-11-29,Sunday,16:25,401220333,Kansas City Chiefs,Tampa Bay Buccaneers,27,24,3.5,56,-166,149,112,-124,-108,-103,-3.5
2020,12,2020-11-30,Monday,20:15,401220262,Seattle Seahawks,Philadelphia Eagles,23,17,6.5,50,-274,237,-106,-104,-103,-108,-6.5
2020,12,2020-12-02,Wednesday,15:40,401220170,Baltimore Ravens,Pittsburgh Steelers,14,19,-10.5,41.5,416,-518,-109,-101,-107,-104,10.5
2020,13,2020-12-06,Sunday,16:05,401220336,Los Angeles Rams,Arizona Cardinals,38,28,2.5,49,-144,130,-114,103,-107,-104,-2.5
2020,13,2020-12-06,Sunday,13:00,401220307,New Orleans Saints,Atlanta Falcons,21,16,2.5,46,-141,127,-113,102,-110,-101,-2.5
2020,13,2020-12-06,Sunday,13:00,401220274,Detroit Lions,Chicago Bears,34,30,-3,44,145,-161,-100,-110,-104,-108,3
2020,13,2020-12-06,Sunday,16:25,401220297,Philadelphia Eagles,Green Bay Packers,16,30,-8,50,328,-393,-102,-108,-104,-107,8
2020,13,2020-12-06,Sunday,13:00,401220178,Indianapolis Colts,Houston Texans,26,20,3.5,50,-176,157,101,-112,-106,-105,-3.5
2020,13,2020-12-06,Sunday,20:20,401220218,Denver Broncos,Kansas City Chiefs,16,22,-13,51,510,-660,-120,108,-111,-101,13
2020,13,2020-12-06,Sunday,16:25,401220237,New England Patriots,Los Angeles Chargers,45,0,-2.5,47,117,-129,-109,-102,100,-112,2.5
2020,13,2020-12-06,Sunday,13:00,401220129,Cincinnati Bengals,Miami Dolphins,7,19,-10.5,43,397,-491,-115,105,-109,-103,10.5
2020,13,2020-12-06,Sunday,13:00,401220303,Jacksonville Jaguars,Minnesota Vikings,24,27,-10.5,51,365,-445,-118,107,-114,103,10.5
2020,13,2020-12-06,Sunday,13:00,401220142,Las Vegas Raiders,New York Jets,31,28,7.5,48,-349,295,103,-113,-116,104,-7.5
2020,13,2020-12-06,Sunday,16:05,401220364,New York Giants,Seattle Seahawks,17,12,-11,48.5,413,-514,-114,104,-110,-102,11
2020,13,2020-12-06,Sunday,13:00,401220205,Cleveland Browns,Tennessee Titans,41,35,-4,54,178,-200,-111,101,-104,-107,4
2020,13,2020-12-07,Monday,17:00,401220176,Washington Commanders,Pittsburgh Steelers,23,17,-5.5,43.5,231,-265,-100,-110,-110,-101,5.5
2020,13,2020-12-07,Monday,20:15,401220357,Buffalo Bills,San Francisco 49ers,34,24,-1.5,48,110,-122,-103,-107,-108,-103,1.5
2020,13,2020-12-08,Tuesday,20:05,401220151,Dallas Cowboys,Baltimore Ravens,17,34,-8.5,46,326,-390,-103,-108,-103,-108,8.5
2020,14,2020-12-10,Thursday,20:20,401220349,New England Patriots,Los Angeles Rams,3,24,-5,43.5,201,-228,-103,-107,-110,-102,5
2020,14,2020-12-13,Sunday,20:20,401220121,Pittsburgh Steelers,Buffalo Bills,15,26,-2,48.5,112,-124,-109,-102,-105,-106,2
2020,14,2020-12-13,Sunday,13:00,401220319,Denver Broncos,Carolina Panthers,32,27,-4,46,177,-199,-101,-109,-110,-101,4
2020,14,2020-12-13,Sunday,13:00,401220279,Houston Texans,Chicago Bears,7,36,1,46,-114,104,-107,-103,-112,101,-1
2020,14,2020-12-13,Sunday,13:00,401220159,Dallas Cowboys,Cincinnati Bengals,30,7,3,44,-164,148,-114,103,-105,-106,-3
2020,14,2020-12-13,Sunday,16:25,401220283,Green Bay Packers,Detroit Lions,31,24,9.5,55.5,-345,292,106,-117,-106,-105,-9.5
2020,14,2020-12-13,Sunday,13:00,401220196,Tennessee Titans,Jacksonville Jaguars,31,10,7.5,53,-364,307,-106,-104,101,-112,-7.5
2020,14,2020-12-13,Sunday,16:05,401220233,Indianapolis Colts,Las Vegas Raiders,44,27,2.5,51.5,-130,118,-104,-106,-108,-103,-2.5
2020,14,2020-12-13,Sunday,16:25,401220239,Atlanta Falcons,Los Angeles Chargers,17,20,-1,49,107,-118,100,-110,-111,-101,1
2020,14,2020-12-13,Sunday,13:00,401220125,Kansas City Chiefs,Miami Dolphins,33,27,7.5,51.5,-330,281,109,-121,-109,-102,-7.5
2020,14,2020-12-13,Sunday,13:00,401220253,Arizona Cardinals,New York Giants,26,7,3,47,-154,139,-106,-104,-111,-101,-3
2020,14,2020-12-13,Sunday,16:25,401220265,New Orleans Saints,Philadelphia Eagles,21,24,7.5,43,-335,284,-104,-106,-105,-106,-7.5
2020,14,2020-12-13,Sunday,16:25,401220356,Washington Commanders,San Francisco 49ers,23,15,-3,43.5,134,-149,-111,101,-107,-104,3
2020,14,2020-12-13,Sunday,16:05,401220366,New York Jets,Seattle Seahawks,3,40,-16.5,49.5,734,-1032,-110,-100,-117,105,16.5
2020,14,2020-12-13,Sunday,13:00,401220332,Minnesota Vikings,Tampa Bay Buccaneers,14,26,-7,52.5,271,-317,-106,-104,104,-116,7
2020,14,2020-12-14,Monday,20:15,401220162,Baltimore Ravens,Cleveland Browns,47,42,3,45.5,-174,156,-116,105,-111,-100,-3
2020,15,2020-12-17,Thursday,20:20,401220228,Los Angeles Chargers,Las Vegas Raiders,30,27,-3.5,52,156,-174,-123,111,-110,-101,3.5
2020,15,2020-12-19,Saturday,16:30,401220213,Buffalo Bills,Denver Broncos,48,19,5.5,49,-242,212,-105,-105,-108,-103,-5.5
2020,15,2020-12-19,Saturday,20:15,401220294,Carolina Panthers,Green Bay Packers,16,24,-9.5,53,346,-419,-103,-107,-107,-104,9.5
2020,15,2020-12-20,Sunday,16:05,401220339,Philadelphia Eagles,Arizona Cardinals,26,33,-6.5,49.5,226,-259,-114,103,-108,-103,6.5
2020,15,2020-12-20,Sunday,13:00,401220308,Tampa Bay Buccaneers,Atlanta Falcons,31,27,6,49.5,-258,225,-104,-106,-108,-103,-6
2020,15,2020-12-20,Sunday,13:00,401220149,Jacksonville Jaguars,Baltimore Ravens,14,40,-13,49.5,564,-746,-118,107,-101,-110,13
2020,15,2020-12-20,Sunday,13:00,401220246,San Francisco 49ers,Dallas Cowboys,33,41,4,46,-202,180,-106,-104,-105,-106,-4
2020,15,2020-12-20,Sunday,13:00,401220186,Houston Texans,Indianapolis Colts,20,27,-7.5,52.5,311,-370,-108,-102,-105,-106,7.5
2020,15,2020-12-20,Sunday,16:05,401220350,New York Jets,Los Angeles Rams,23,20,-17.5,44.5,957,-1601,-115,104,-110,-102,17.5
2020,15,2020-12-20,Sunday,13:00,401220123,New England Patriots,Miami Dolphins,12,22,1.5,40,-120,109,-106,-104,-112,100,-1.5
2020,15,2020-12-20,Sunday,13:00,401220298,Chicago Bears,Minnesota Vikings,33,27,-2.5,47.5,137,-152,111,-123,-101,-111,2.5
2020,15,2020-12-20,Sunday,16:25,401220325,Kansas City Chiefs,New Orleans Saints,32,29,2.5,53.5,-137,124,-113,102,-112,101,-2.5
2020,15,2020-12-20,Sunday,20:20,401220255,Cleveland Browns,New York Giants,20,6,6,44.5,-271,235,-108,-102,-111,-100,-6
2020,15,2020-12-20,Sunday,13:00,401220208,Detroit Lions,Tennessee Titans,25,46,-9.5,54.5,325,-389,-113,102,-103,-109,9.5
2020,15,2020-12-20,Sunday,13:00,401220270,Seattle Seahawks,Washington Commanders,20,15,6,44.5,-251,219,-103,-107,-108,-103,-6
2020,15,2020-12-21,Monday,20:15,401220156,Pittsburgh Steelers,Cincinnati Bengals,17,27,14.5,40.5,-942,682,-101,-109,-104,-107,-14.5
2020,16,2020-12-25,Friday,16:30,401220324,Minnesota Vikings,New Orleans Saints,33,52,-6.5,49,260,-302,-109,-102,-102,-109,6.5
2020,16,2020-12-26,Saturday,16:30,401220337,San Francisco 49ers,Arizona Cardinals,20,12,-6,49,242,-280,-108,-102,-107,-104,6
2020,16,2020-12-26,Saturday,13:00,401220286,Tampa Bay Buccaneers,Detroit Lions,47,7,12,55,-591,455,101,-111,-104,-107,-12
2020,16,2020-12-26,Saturday,20:15,401220230,Miami Dolphins,Las Vegas Raiders,26,25,2,50,-125,113,-104,-106,-112,101,-2
2020,16,2020-12-27,Sunday,13:00,401220152,New York Giants,Baltimore Ravens,13,27,-10,43.5,348,-420,-116,105,-101,-110,10
2020,16,2020-12-27,Sunday,16:25,401220243,Philadelphia Eagles,Dallas Cowboys,17,37,3,50,-166,149,-115,104,-108,-103,-3
2020,16,2020-12-27,Sunday,20:20,401220296,Tennessee Titans,Green Bay Packers,14,40,-3,52.5,159,-177,107,-118,-107,-104,3
2020,16,2020-12-27,Sunday,13:00,401220182,Cincinnati Bengals,Houston Texans,37,31,-7.5,46,276,-324,-113,102,-106,-105,7.5
2020,16,2020-12-27,Sunday,13:00,401220199,Chicago Bears,Jacksonville Jaguars,41,17,9.5,47,-452,370,-108,-103,-106,-105,-9.5
2020,16,2020-12-27,Sunday,13:00,401220223,Atlanta Falcons,Kansas City Chiefs,14,17,-11,54,409,-508,-110,-100,-105,-106,11
2020,16,2020-12-27,Sunday,16:05,401220234,Denver Broncos,Los Angeles Chargers,16,19,-2.5,47.5,113,-125,-111,100,-108,-104,2.5
2020,16,2020-12-27,Sunday,13:00,401220145,Cleveland Browns,New York Jets,16,23,6.5,45,-303,260,-114,103,-106,-105,-6.5
2020,16,2020-12-27,Sunday,13:00,401220174,Indianapolis Colts,Pittsburgh Steelers,24,28,1,43,-106,-104,100,-111,-106,-105,-1
2020,16,2020-12-27,Sunday,16:25,401220362,Los Angeles Rams,Seattle Seahawks,9,20,-1.5,48,115,-127,103,-114,100,-111,1.5
2020,16,2020-12-27,Sunday,16:05,401220273,Carolina Panthers,Washington Commanders,20,13,1,41,-112,102,-105,-105,-114,102,-1
2020,16,2020-12-28,Monday,20:15,401220130,Buffalo Bills,New England Patriots,38,9,7,47,-313,268,-102,-108,-112,100,-7
2020,17,2021-01-03,Sunday,13:00,401220114,Miami Dolphins,Buffalo Bills,26,56,3.5,42.5,-153,138,113,-125,-114,102,-3.5
2020,17,2021-01-03,Sunday,16:25,401220315,New Orleans Saints,Carolina Panthers,33,7,6,47,-250,219,100,-110,-104,-108,-6
2020,17,2021-01-03,Sunday,16:25,401220275,Green Bay Packers,Chicago Bears,35,16,4.5,48.5,-207,184,-103,-107,100,-112,-4.5
2020,17,2021-01-03,Sunday,13:00,401220154,Baltimore Ravens,Cincinnati Bengals,38,3,13.5,46,-799,597,106,-117,-102,-109,-13.5
2020,17,2021-01-03,Sunday,13:00,401220164,Pittsburgh Steelers,Cleveland Browns,22,24,-10.5,45,376,-460,-111,100,101,-112,10.5
2020,17,2021-01-03,Sunday,16:25,401220211,Las Vegas Raiders,Denver Broncos,32,31,2.5,50.5,-144,130,-115,104,-108,-103,-2.5
2020,17,2021-01-03,Sunday,13:00,401220284,Minnesota Vikings,Detroit Lions,37,35,3,54,-161,145,-110,-100,101,-112,-3
2020,17,2021-01-03,Sunday,16:25,401220180,Tennessee Titans,Houston Texans,41,38,7,55.5,-301,259,101,-111,101,-113,-7
2020,17,2021-01-03,Sunday,16:25,401220187,Jacksonville Jaguars,Indianapolis Colts,14,28,-15.5,48,906,-1350,104,-115,100,-112,15.5
2020,17,2021-01-03,Sunday,16:25,401220220,Los Angeles Chargers,Kansas City Chiefs,38,21,7,43,-282,244,106,-117,-108,-103,-7
2020,17,2021-01-03,Sunday,16:25,401220344,Arizona Cardinals,Los Angeles Rams,7,18,-1,42,113,-125,105,-116,-104,-107,1
2020,17,2021-01-03,Sunday,13:00,401220132,New York Jets,New England Patriots,14,28,-3,41,145,-161,-101,-110,-109,-102,3
2020,17,2021-01-03,Sunday,13:00,401220250,Dallas Cowboys,New York Giants,19,23,1.5,44.5,-121,109,-106,-104,-103,-109,-1.5
2020,17,2021-01-03,Sunday,20:20,401220260,Washington Commanders,Philadelphia Eagles,20,14,6.5,43.5,-283,245,-109,-101,-112,101,-6.5
2020,17,2021-01-03,Sunday,16:25,401220354,Seattle Seahawks,San Francisco 49ers,26,23,7,45,-310,266,101,-112,102,-113,-7
2020,17,2021-01-03,Sunday,13:00,401220328,Atlanta Falcons,Tampa Bay Buccaneers,27,44,-7.5,51,276,-323,-123,111,-111,-100,7.5
2021,1,2021-09-09,Thursday,20:20,401326322,Dallas Cowboys,Tampa Bay Buccaneers,29,31,-10,52.5,351,-425,-121,110,-103,-108,10
2021,1,2021-09-12,Sunday,13:00,401326315,Philadelphia Eagles,Atlanta Falcons,32,6,-3.5,49,161,-180,-109,-101,-103,-108,3.5
2021,1,2021-09-12,Sunday,13:00,401326308,Pittsburgh Steelers,Buffalo Bills,23,16,-6.5,48,232,-267,-110,-100,103,-114,6.5
2021,1,2021-09-12,Sunday,13:00,401326309,New York Jets,Carolina Panthers,14,19,-3.5,44.5,164,-184,-108,-102,-104,-107,3.5
2021,1,2021-09-12,Sunday,13:00,401326316,Minnesota Vikings,Cincinnati Bengals,24,27,3,47,-135,122,109,-120,-114,102,-3
2021,1,2021-09-12,Sunday,13:00,401326317,San Francisco 49ers,Detroit Lions,41,33,9.5,46,-415,344,-105,-105,-108,-103,-9.5
2021,1,2021-09-12,Sunday,13:00,401326310,Jacksonville Jaguars,Houston Texans,21,37,3.5,45.5,-172,154,103,-113,-104,-107,-3.5
2021,1,2021-09-12,Sunday,13:00,401326318,Seattle Seahawks,Indianapolis Colts,28,16,3,49,-146,132,106,-117,-106,-105,-3
2021,1,2021-09-12,Sunday,16:25,401326314,Cleveland Browns,Kansas City Chiefs,29,33,-5.5,54.5,211,-241,-101,-110,-105,-107,5.5
2021,1,2021-09-12,Sunday,20:20,401326323,Chicago Bears,Los Angeles Rams,14,34,-9.5,46,324,-387,-108,-102,-104,-107,9.5
2021,1,2021-09-12,Sunday,16:25,401326313,Miami Dolphins,New England Patriots,17,16,-3.5,43.5,155,-173,-113,102,103,-114,3.5
2021,1,2021-09-12,Sunday,16:25,401326319,Green Bay Packers,New Orleans Saints,3,38,4,49,-181,162,103,-114,-102,-110,-4
2021,1,2021-09-12,Sunday,16:25,401326320,Denver Broncos,New York Giants,27,13,3,41.5,-139,125,109,-120,-106,-105,-3
2021,1,2021-09-12,Sunday,13:00,401326311,Arizona Cardinals,Tennessee Titans,38,13,-2.5,54,131,-146,105,-116,-108,-103,2.5
2021,1,2021-09-12,Sunday,13:00,401326312,Los Angeles Chargers,Washington Commanders,20,16,-2.5,45.5,117,-129,-109,-101,103,-115,2.5
2021,1,2021-09-13,Monday,20:15,401326321,Baltimore Ravens,Las Vegas Raiders,27,33,3,50.5,-167,149,-116,105,-100,-111,-3
2021,2,2021-09-16,Thursday,20:20,401326127,New York Giants,Washington Commanders,29,30,-4,42,176,-198,-103,-107,100,-112,4
2021,2,2021-09-19,Sunday,16:05,401326357,Minnesota Vikings,Arizona Cardinals,33,34,-4,51,170,-191,-111,101,-101,-111,4
2021,2,2021-09-19,Sunday,20:20,401326361,Kansas City Chiefs,Baltimore Ravens,35,36,3.5,53.5,-171,153,107,-118,-101,-110,-3.5
2021,2,2021-09-19,Sunday,13:00,401326128,New Orleans Saints,Carolina Panthers,7,26,3,45,-145,131,102,-113,-105,-106,-3
2021,2,2021-09-19,Sunday,13:00,401326129,Cincinnati Bengals,Chicago Bears,17,20,-2,44.5,114,-126,-105,-105,-104,-107,2
2021,2,2021-09-19,Sunday,13:00,401326130,Houston Texans,Cleveland Browns,21,31,-13.5,48.5,521,-675,-103,-107,-115,103,13.5
2021,2,2021-09-19,Sunday,13:00,401326131,Los Angeles Rams,Indianapolis Colts,27,24,4,48,-205,182,-110,-100,103,-115,-4
2021,2,2021-09-19,Sunday,13:00,401326132,Denver Broncos,Jacksonville Jaguars,23,13,6,45,-241,211,104,-115,-104,-107,-6
2021,2,2021-09-19,Sunday,16:25,401326359,Dallas Cowboys,Los Angeles Chargers,20,17,-3,55,135,-150,-109,-101,-110,-101,3
2021,2,2021-09-19,Sunday,13:00,401326353,Buffalo Bills,Miami Dolphins,35,0,3.5,48,-179,160,103,-113,-109,-103,-3.5
2021,2,2021-09-19,Sunday,13:00,401326354,New England Patriots,New York Jets,25,6,5.5,43,-235,207,-105,-105,-113,102,-5.5
2021,2,2021-09-19,Sunday,13:00,401326355,San Francisco 49ers,Philadelphia Eagles,17,11,3,49,-144,130,104,-115,-102,-109,-3
2021,2,2021-09-19,Sunday,13:00,401326356,Las Vegas Raiders,Pittsburgh Steelers,26,17,-5.5,46.5,201,-228,-109,-102,-116,104,5.5
2021,2,2021-09-19,Sunday,16:25,401326360,Tennessee Titans,Seattle Seahawks,33,30,-6.5,53.5,247,-286,-100,-110,-109,-102,6.5
2021,2,2021-09-19,Sunday,16:05,401326358,Atlanta Falcons,Tampa Bay Buccaneers,25,48,-13.5,52,582,-772,-108,-102,-108,-103,13.5
2021,2,2021-09-20,Monday,20:15,401326362,Detroit Lions,Green Bay Packers,17,35,-11.5,49.5,400,-494,-112,102,-110,-101,11.5
2021,3,2021-09-23,Thursday,20:20,401326363,Carolina Panthers,Houston Texans,24,9,8,43,-420,348,-115,104,-110,-101,-8
2021,3,2021-09-26,Sunday,13:00,401326364,Washington Commanders,Buffalo Bills,21,43,-7.5,45.5,281,-330,-114,103,-106,-105,7.5
2021,3,2021-09-26,Sunday,13:00,401326365,Chicago Bears,Cleveland Browns,6,26,-7.5,45,315,-375,-102,-108,-105,-106,7.5
2021,3,2021-09-26,Sunday,16:05,401326373,New York Jets,Denver Broncos,0,26,-10.5,42,470,-597,-109,-101,-104,-107,10.5
2021,3,2021-09-26,Sunday,13:00,401326366,Baltimore Ravens,Detroit Lions,19,17,7.5,51,-344,292,-100,-110,-106,-105,-7.5
2021,3,2021-09-26,Sunday,13:00,401326367,Arizona Cardinals,Jacksonville Jaguars,31,19,8,51.5,-360,304,-101,-110,-107,-104,-8
2021,3,2021-09-26,Sunday,13:00,401326368,Los Angeles Chargers,Kansas City Chiefs,30,24,-6.5,55,237,-273,-100,-110,-103,-108,6.5
2021,3,2021-09-26,Sunday,16:05,401326374,Miami Dolphins,Las Vegas Raiders,28,31,-4,45,173,-194,-107,-103,-111,-100,4
2021,3,2021-09-26,Sunday,16:25,401326375,Tampa Bay Buccaneers,Los Angeles Rams,24,34,1,55,-106,-104,100,-110,-109,-102,-1
2021,3,2021-09-26,Sunday,16:25,401326376,Seattle Seahawks,Minnesota Vikings,17,30,2,53.5,-120,109,-101,-109,-107,-104,-2
2021,3,2021-09-26,Sunday,13:00,401326369,New Orleans Saints,New England Patriots,28,13,-3,44,130,-144,-117,106,102,-114,3
2021,3,2021-09-26,Sunday,13:00,401326370,Atlanta Falcons,New York Giants,17,14,-3,48,129,-143,-115,105,-101,-110,3
2021,3,2021-09-26,Sunday,13:00,401326371,Cincinnati Bengals,Pittsburgh Steelers,24,10,-2.5,42.5,126,-140,103,-114,101,-112,2.5
2021,3,2021-09-26,Sunday,20:20,401326377,Green Bay Packers,San Francisco 49ers,30,28,-3.5,50.5,160,-179,-113,103,-108,-103,3.5
2021,3,2021-09-26,Sunday,13:00,401326372,Indianapolis Colts,Tennessee Titans,16,25,-4.5,47,175,-196,-113,103,-107,-104,4.5
2021,3,2021-09-27,Monday,20:15,401326378,Philadelphia Eagles,Dallas Cowboys,21,41,-3.5,51.5,168,-189,-103,-107,-101,-110,3.5
2021,4,2021-09-30,Thursday,20:20,401326379,Jacksonville Jaguars,Cincinnati Bengals,21,24,-7.5,46,313,-373,105,-116,-113,101,7.5
2021,4,2021-10-03,Sunday,13:00,401326380,Washington Commanders,Atlanta Falcons,34,30,1,47.5,-117,106,-111,100,102,-114,-1
2021,4,2021-10-03,Sunday,13:00,401326381,Houston Texans,Buffalo Bills,0,40,-19,47.5,988,-1500,-108,-102,-105,-106,19
2021,4,2021-10-03,Sunday,13:00,401326382,Detroit Lions,Chicago Bears,14,24,-3,42,134,-148,-109,-101,-101,-110,3
2021,4,2021-10-03,Sunday,13:00,401326383,Carolina Panthers,Dallas Cowboys,28,36,-4.5,51.5,186,-210,-106,-104,102,-114,4.5
2021,4,2021-10-03,Sunday,16:25,401326391,Baltimore Ravens,Denver Broncos,23,7,-1,44,107,-118,101,-111,-105,-106,1
2021,4,2021-10-03,Sunday,16:25,401326392,Pittsburgh Steelers,Green Bay Packers,17,27,-6.5,45,239,-276,-104,-106,-108,-103,6.5
2021,4,2021-10-03,Sunday,16:05,401326389,Arizona Cardinals,Los Angeles Rams,37,20,-3.5,53.5,178,-200,100,-111,-110,-101,3.5
2021,4,2021-10-03,Sunday,13:00,401326384,Indianapolis Colts,Miami Dolphins,27,17,-2.5,41.5,130,-144,102,-113,-107,-104,2.5
2021,4,2021-10-03,Sunday,13:00,401326385,Cleveland Browns,Minnesota Vikings,14,7,1,52,-105,-106,102,-113,-114,102,-1
2021,4,2021-10-03,Sunday,20:20,401326393,Tampa Bay Buccaneers,New England Patriots,19,17,6,49.5,-255,223,-105,-105,-101,-110,-6
2021,4,2021-10-03,Sunday,13:00,401326386,New York Giants,New Orleans Saints,27,21,-7.5,43,286,-337,-118,107,-115,103,7.5
2021,4,2021-10-03,Sunday,13:00,401326387,Tennessee Titans,New York Jets,24,27,5.5,44.5,-234,206,-104,-106,-105,-106,-5.5
2021,4,2021-10-03,Sunday,13:00,401326388,Kansas City Chiefs,Philadelphia Eagles,42,30,7.5,53.5,-349,296,101,-112,-106,-105,-7.5
2021,4,2021-10-03,Sunday,16:05,401326390,Seattle Seahawks,San Francisco 49ers,28,21,-2.5,52,120,-133,-103,-107,-103,-108,2.5
2021,4,2021-10-04,Monday,20:15,401326394,Las Vegas Raiders,Los Angeles Chargers,14,28,-3,52,144,-161,-101,-109,-103,-108,3
2021,5,2021-10-07,Thursday,20:20,401326395,Los Angeles Rams,Seattle Seahawks,26,17,2.5,53.5,-135,122,-116,105,-105,-106,-2.5
2021,5,2021-10-10,Sunday,16:25,401326406,San Francisco 49ers,Arizona Cardinals,10,17,-6,48.5,231,-266,-110,-100,-106,-105,6
2021,5,2021-10-10,Sunday,09:30,401326324,New York Jets,Atlanta Falcons,20,27,-3,45.5,138,-153,-107,-103,-113,102,3
2021,5,2021-10-10,Sunday,13:00,401326396,Philadelphia Eagles,Carolina Panthers,21,18,-2.5,46,126,-139,104,-114,-105,-106,2.5
2021,5,2021-10-10,Sunday,13:00,401326397,Green Bay Packers,Cincinnati Bengals,25,22,2,50,-123,111,-104,-106,-104,-108,-2
2021,5,2021-10-10,Sunday,16:25,401326407,New York Giants,Dallas Cowboys,20,44,-7.5,53,285,-335,-112,102,-116,104,7.5
2021,5,2021-10-10,Sunday,13:00,401326398,New England Patriots,Houston Texans,25,22,8,39.5,-339,288,102,-112,101,-112,-8
2021,5,2021-10-10,Sunday,13:00,401326399,Tennessee Titans,Jacksonville Jaguars,37,19,4,49,-191,170,-100,-110,-109,-102,-4
2021,5,2021-10-10,Sunday,20:20,401326408,Buffalo Bills,Kansas City Chiefs,38,20,-2.5,57,121,-134,-101,-109,-114,103,2.5
2021,5,2021-10-10,Sunday,16:05,401326405,Chicago Bears,Las Vegas Raiders,20,9,-5.5,46,215,-245,-102,-108,-101,-111,5.5
2021,5,2021-10-10,Sunday,16:05,401326404,Cleveland Browns,Los Angeles Chargers,42,47,-2.5,46.5,117,-129,-106,-104,-114,102,2.5
2021,5,2021-10-10,Sunday,13:00,401326400,Detroit Lions,Minnesota Vikings,17,19,-10,49.5,346,-418,-110,-100,-113,102,10
2021,5,2021-10-10,Sunday,13:00,401326401,Denver Broncos,Pittsburgh Steelers,19,27,2,40,-124,113,-106,-104,-113,101,-2
2021,5,2021-10-10,Sunday,13:00,401326402,Miami Dolphins,Tampa Bay Buccaneers,17,45,-11,48,448,-564,-100,-110,-107,-104,11
2021,5,2021-10-10,Sunday,13:00,401326403,New Orleans Saints,Washington Commanders,33,22,2.5,43.5,-130,117,-106,-104,-110,-101,-2.5
2021,5,2021-10-11,Monday,20:15,401326409,Indianapolis Colts,Baltimore Ravens,25,31,-7.5,46.5,301,-356,-105,-105,-108,-103,7.5
2021,6,2021-10-14,Thursday,20:20,401326410,Tampa Bay Buccaneers,Philadelphia Eagles,28,22,7,53,-274,238,103,-114,-104,-107,-7
2021,6,2021-10-17,Sunday,13:00,401326411,Los Angeles Chargers,Baltimore Ravens,6,34,-3,50.5,149,-166,106,-116,-117,105,3
2021,6,2021-10-17,Sunday,13:00,401326412,Minnesota Vikings,Carolina Panthers,34,28,2.5,45.5,-134,121,-110,-100,-101,-110,-2.5
2021,6,2021-10-17,Sunday,13:00,401326413,Green Bay Packers,Chicago Bears,24,14,5.5,44,-228,201,-106,-104,-106,-105,-5.5
2021,6,2021-10-17,Sunday,16:05,401326418,Arizona Cardinals,Cleveland Browns,37,14,-3,48,129,-143,-117,106,-114,102,3
2021,6,2021-10-17,Sunday,16:25,401326419,Las Vegas Raiders,Denver Broncos,34,24,-5,45.5,182,-205,-111,101,-100,-111,5
2021,6,2021-10-17,Sunday,13:00,401326414,Cincinnati Bengals,Detroit Lions,34,11,3.5,46.5,-192,171,-110,-100,-101,-110,-3.5
2021,6,2021-10-17,Sunday,13:00,401326415,Houston Texans,Indianapolis Colts,3,31,-10.5,43.5,363,-442,-117,106,-100,-111,10.5
2021,6,2021-10-17,Sunday,09:30,401326325,Miami Dolphins,Jacksonville Jaguars,20,23,2.5,47.5,-122,110,104,-115,-105,-107,-2.5
2021,6,2021-10-17,Sunday,16:25,401326420,Dallas Cowboys,New England Patriots,35,29,3.5,50.5,-189,169,-108,-102,-105,-106,-3.5
2021,6,2021-10-17,Sunday,13:00,401326416,Los Angeles Rams,New York Giants,38,11,7.5,49.5,-328,280,107,-118,101,-113,-7.5
2021,6,2021-10-17,Sunday,20:20,401326421,Seattle Seahawks,Pittsburgh Steelers,20,23,-5.5,43,189,-213,-104,-106,-107,-104,5.5
2021,6,2021-10-17,Sunday,13:00,401326417,Kansas City Chiefs,Washington Commanders,31,13,6,54,-255,223,-105,-105,-105,-106,-6
2021,6,2021-10-18,Monday,20:15,401326422,Buffalo Bills,Tennessee Titans,31,34,6,53.5,-239,210,-102,-108,101,-113,-6
2021,7,2021-10-21,Thursday,20:20,401326423,Denver Broncos,Cleveland Browns,14,17,-2,40.5,110,-121,-107,-103,-105,-106,2
2021,7,2021-10-24,Sunday,16:25,401326432,Houston Texans,Arizona Cardinals,5,31,-20.5,47,1119,-1766,-111,100,-112,101,20.5
2021,7,2021-10-24,Sunday,13:00,401326424,Cincinnati Bengals,Baltimore Ravens,41,17,-6.5,45.5,236,-272,-109,-101,-109,-102,6.5
2021,7,2021-10-24,Sunday,13:00,401326425,Washington Commanders,Green Bay Packers,10,24,-8.5,48,331,-397,-105,-105,105,-117,8.5
2021,7,2021-10-24,Sunday,16:05,401326431,Philadelphia Eagles,Las Vegas Raiders,22,33,-1,48,-102,-108,-109,-101,-105,-106,1
2021,7,2021-10-24,Sunday,16:05,401326430,Detroit Lions,Los Angeles Rams,19,28,-17,51,860,-1256,-116,105,-101,-110,17
2021,7,2021-10-24,Sunday,13:00,401326426,Atlanta Falcons,Miami Dolphins,30,28,1.5,48.5,-129,117,-113,103,101,-113,-1.5
2021,7,2021-10-24,Sunday,13:00,401326427,New York Jets,New England Patriots,13,54,-7,43,261,-303,-108,-102,100,-112,7
2021,7,2021-10-24,Sunday,13:00,401326428,Carolina Panthers,New York Giants,3,25,3,42.5,-154,139,-103,-107,-106,-105,-3
2021,7,2021-10-24,Sunday,20:20,401326434,Indianapolis Colts,San Francisco 49ers,30,18,-3.5,41.5,152,-169,-117,106,-110,-102,3.5
2021,7,2021-10-24,Sunday,16:25,401326433,Chicago Bears,Tampa Bay Buccaneers,3,38,-12.5,47,501,-644,-114,103,-101,-110,12.5
2021,7,2021-10-24,Sunday,13:00,401326429,Kansas City Chiefs,Tennessee Titans,3,27,4,57.5,-209,185,-110,-100,-101,-111,-4
2021,7,2021-10-25,Monday,20:15,401326435,New Orleans Saints,Seattle Seahawks,13,10,6,42,-237,208,-104,-106,-109,-102,-6
2021,8,2021-10-28,Thursday,20:20,401326436,Green Bay Packers,Arizona Cardinals,24,21,-6.5,51,242,-279,-104,-106,-106,-105,6.5
2021,8,2021-10-31,Sunday,13:00,401326437,Carolina Panthers,Atlanta Falcons,19,13,-2.5,47,117,-129,-109,-101,100,-111,2.5
2021,8,2021-10-31,Sunday,13:00,401326438,Miami Dolphins,Buffalo Bills,11,26,-15,48.5,709,-983,-108,-102,-108,-103,15
2021,8,2021-10-31,Sunday,13:00,401326439,San Francisco 49ers,Chicago Bears,33,22,4.5,40,-210,186,-103,-107,-114,102,-4.5
2021,8,2021-10-31,Sunday,13:00,401326440,Pittsburgh Steelers,Cleveland Browns,15,10,-5.5,43,196,-222,-108,-102,-106,-105,5.5
2021,8,2021-10-31,Sunday,16:25,401326447,Washington Commanders,Denver Broncos,10,17,-4,45,170,-191,-108,-102,104,-116,4
2021,8,2021-10-31,Sunday,13:00,401326441,Philadelphia Eagles,Detroit Lions,44,6,3,48.5,-168,151,-116,105,-101,-110,-3
2021,8,2021-10-31,Sunday,13:00,401326442,Los Angeles Rams,Houston Texans,38,22,17,47,-1010,724,107,-118,-103,-108,-17
2021,8,2021-10-31,Sunday,13:00,401326443,Tennessee Titans,Indianapolis Colts,34,31,-3,51,144,-160,-102,-108,101,-112,3
2021,8,2021-10-31,Sunday,16:05,401326445,New England Patriots,Los Angeles Chargers,27,24,-3.5,50.5,163,-183,-101,-109,-105,-106,3.5
2021,8,2021-10-31,Sunday,20:20,401326449,Dallas Cowboys,Minnesota Vikings,20,16,-4.5,49.5,193,-219,-109,-101,-101,-110,4.5
2021,8,2021-10-31,Sunday,16:25,401326448,Tampa Bay Buccaneers,New Orleans Saints,27,36,4,48.5,-188,168,-101,-109,-102,-109,-4
2021,8,2021-10-31,Sunday,13:00,401326444,Cincinnati Bengals,New York Jets,31,34,11.5,43.5,-510,411,-105,-105,-102,-109,-11.5
2021,8,2021-10-31,Sunday,16:05,401326446,Jacksonville Jaguars,Seattle Seahawks,7,31,-4,44,171,-192,-105,-105,-111,-101,4
2021,8,2021-11-01,Monday,20:15,401326450,New York Giants,Kansas City Chiefs,17,20,-10.5,53,425,-530,-107,-103,-110,-101,10.5
2021,9,2021-11-04,Thursday,20:20,401326451,New York Jets,Indianapolis Colts,30,45,-10.5,46,410,-509,-108,-102,-101,-111,10.5
2021,9,2021-11-07,Sunday,13:00,401326452,Minnesota Vikings,Baltimore Ravens,31,34,-7.5,51,262,-305,-117,106,-102,-109,7.5
2021,9,2021-11-07,Sunday,13:00,401326453,New England Patriots,Carolina Panthers,24,6,3.5,41.5,-176,157,-101,-109,-111,100,-3.5
2021,9,2021-11-07,Sunday,13:00,401326454,Cleveland Browns,Cincinnati Bengals,41,16,-2.5,47.5,117,-129,-105,-105,-105,-106,2.5
2021,9,2021-11-07,Sunday,13:00,401326455,Denver Broncos,Dallas Cowboys,30,16,-10.5,50,378,-462,-107,-103,-108,-103,10.5
2021,9,2021-11-07,Sunday,13:00,401326456,Buffalo Bills,Jacksonville Jaguars,6,9,14.5,48,-1101,776,-120,109,-108,-103,-14.5
2021,9,2021-11-07,Sunday,16:25,401326461,Green Bay Packers,Kansas City Chiefs,7,13,-7,48,275,-322,-107,-104,-109,-102,7
2021,9,2021-11-07,Sunday,20:20,401326463,Tennessee Titans,Los Angeles Rams,28,16,-7,53.5,296,-350,103,-114,-100,-111,7
2021,9,2021-11-07,Sunday,13:00,401326457,Houston Texans,Miami Dolphins,9,17,-4,45,166,-185,-112,101,-102,-109,4
2021,9,2021-11-07,Sunday,13:00,401326458,Atlanta Falcons,New Orleans Saints,27,25,-7,43,240,-277,-117,106,-110,-101,7
2021,9,2021-11-07,Sunday,13:00,401326459,Las Vegas Raiders,New York Giants,16,23,3,47,-152,137,-102,-108,-103,-108,-3
2021,9,2021-11-07,Sunday,16:05,401326460,Los Angeles Chargers,Philadelphia Eagles,27,24,1,49.5,-106,-104,-101,-110,-106,-105,-1
2021,9,2021-11-07,Sunday,16:25,401326462,Arizona Cardinals,San Francisco 49ers,31,17,-5.5,44.5,207,-235,-105,-105,-102,-109,5.5
2021,9,2021-11-08,Monday,20:15,401326464,Chicago Bears,Pittsburgh Steelers,27,29,-7,40,263,-306,-109,-101,-108,-103,7
2021,10,2021-11-11,Thursday,20:20,401326465,Baltimore Ravens,Miami Dolphins,10,22,8.5,46.5,-390,326,-106,-104,-105,-106,-8.5
2021,10,2021-11-14,Sunday,16:05,401326473,Carolina Panthers,Arizona Cardinals,34,10,-7,42,280,-329,-103,-107,101,-113,7
2021,10,2021-11-14,Sunday,13:00,401326466,Atlanta Falcons,Dallas Cowboys,3,43,-8,55,328,-392,-105,-105,-103,-108,8
2021,10,2021-11-14,Sunday,16:25,401326475,Philadelphia Eagles,Denver Broncos,30,13,-1,44.5,101,-111,-108,-102,-108,-103,1
2021,10,2021-11-14,Sunday,16:25,401326476,Seattle Seahawks,Green Bay Packers,0,17,-3,49.5,151,-168,104,-115,105,-117,3
2021,10,2021-11-14,Sunday,13:00,401326467,Jacksonville Jaguars,Indianapolis Colts,17,23,-10.5,47.5,358,-434,-115,104,-103,-108,10.5
2021,10,2021-11-14,Sunday,20:20,401326477,Kansas City Chiefs,Las Vegas Raiders,41,14,2.5,53.5,-147,133,-123,111,-103,-108,-2.5
2021,10,2021-11-14,Sunday,16:05,401326474,Minnesota Vikings,Los Angeles Chargers,27,20,-3,53.5,160,-179,111,-123,-107,-104,3
2021,10,2021-11-14,Sunday,13:00,401326468,Cleveland Browns,New England Patriots,7,45,-2.5,45.5,119,-132,-104,-106,-103,-108,2.5
2021,10,2021-11-14,Sunday,13:00,401326469,Buffalo Bills,New York Jets,45,17,13,47,-685,527,101,-111,-116,104,-13
2021,10,2021-11-14,Sunday,13:00,401326470,Detroit Lions,Pittsburgh Steelers,16,16,-9,43,303,-359,-121,110,102,-114,9
2021,10,2021-11-14,Sunday,13:00,401326471,New Orleans Saints,Tennessee Titans,21,23,-3,44,133,-147,-114,103,-102,-109,3
2021,10,2021-11-14,Sunday,13:00,401326472,Tampa Bay Buccaneers,Washington Commanders,19,29,10,51,-435,359,106,-117,-102,-109,-10
2021,10,2021-11-15,Monday,20:15,401326478,Los Angeles Rams,San Francisco 49ers,10,31,3.5,50,-177,158,-100,-110,-102,-110,-3.5
2021,11,2021-11-18,Thursday,20:20,401326479,New England Patriots,Atlanta Falcons,25,0,7,47.5,-329,280,-111,101,-103,-108,-7
2021,11,2021-11-21,Sunday,13:00,401326480,Indianapolis Colts,Buffalo Bills,41,15,-7.5,49.5,274,-320,-116,105,100,-111,7.5
2021,11,2021-11-21,Sunday,13:00,401326481,Washington Commanders,Carolina Panthers,27,21,-3.5,43,154,-172,-114,103,-103,-108,3.5
2021,11,2021-11-21,Sunday,13:00,401326482,Baltimore Ravens,Chicago Bears,16,13,5,43,-226,199,-103,-107,-107,-104,-5
2021,11,2021-11-21,Sunday,13:00,401326483,Detroit Lions,Cleveland Browns,10,13,-13,42.5,465,-590,-106,-104,-108,-103,13
2021,11,2021-11-21,Sunday,13:00,401326484,San Francisco 49ers,Jacksonville Jaguars,30,10,6.5,45,-281,243,-106,-104,-108,-103,-6.5
2021,11,2021-11-21,Sunday,16:25,401326490,Dallas Cowboys,Kansas City Chiefs,9,19,-2.5,56,122,-134,-101,-110,103,-115,2.5
2021,11,2021-11-21,Sunday,16:05,401326489,Cincinnati Bengals,Las Vegas Raiders,32,13,1,50.5,-123,112,-115,105,-101,-110,-1
2021,11,2021-11-21,Sunday,20:20,401326492,Pittsburgh Steelers,Los Angeles Chargers,37,41,-5.5,47.5,220,-251,103,-114,-106,-105,5.5
2021,11,2021-11-21,Sunday,13:00,401326485,Green Bay Packers,Minnesota Vikings,31,34,1,48,-111,101,-105,-105,102,-113,-1
2021,11,2021-11-21,Sunday,13:00,401326486,Miami Dolphins,New York Jets,24,17,3.5,44.5,-181,162,-103,-107,-112,101,-3.5
2021,11,2021-11-21,Sunday,13:00,401326487,New Orleans Saints,Philadelphia Eagles,29,40,-2.5,42.5,130,-144,106,-117,-100,-111,2.5
2021,11,2021-11-21,Sunday,16:25,401326491,Arizona Cardinals,Seattle Seahawks,23,13,-2.5,46,135,-150,111,-122,101,-113,2.5
2021,11,2021-11-21,Sunday,13:00,401326488,Houston Texans,Tennessee Titans,22,13,-10.5,44.5,377,-462,-110,-100,-101,-110,10.5
2021,11,2021-11-22,Monday,20:15,401326493,New York Giants,Tampa Bay Buccaneers,10,30,-11.5,49.5,423,-527,-113,102,-109,-102,11.5
2021,12,2021-11-25,Thursday,16:30,401326495,Las Vegas Raiders,Dallas Cowboys,36,33,-7,51,269,-314,-106,-105,-108,-103,7
2021,12,2021-11-25,Thursday,12:30,401326494,Chicago Bears,Detroit Lions,16,14,2,41.5,-129,115,-107,-104,-108,-103,-2
2021,12,2021-11-25,Thursday,20:20,401326496,Buffalo Bills,New Orleans Saints,31,6,7,45,-270,235,100,-112,-101,-110,-7
2021,12,2021-11-28,Sunday,20:20,401326507,Cleveland Browns,Baltimore Ravens,10,16,-3,47,140,-156,-110,-102,-110,-101,3
2021,12,2021-11-28,Sunday,13:00,401326497,Pittsburgh Steelers,Cincinnati Bengals,10,41,-3.5,43.5,154,-172,-111,-100,-110,-102,3.5
2021,12,2021-11-28,Sunday,16:05,401326504,Los Angeles Chargers,Denver Broncos,13,28,2.5,47.5,-141,127,-114,103,-100,-111,-2.5
2021,12,2021-11-28,Sunday,16:25,401326505,Los Angeles Rams,Green Bay Packers,28,36,2,47,-120,108,-100,-110,-102,-109,-2
2021,12,2021-11-28,Sunday,13:00,401326498,New York Jets,Houston Texans,21,14,-3,44.5,125,-138,-124,111,-108,-103,3
2021,12,2021-11-28,Sunday,13:00,401326499,Tampa Bay Buccaneers,Indianapolis Colts,38,31,3,53,-149,135,101,-112,-102,-109,-3
2021,12,2021-11-28,Sunday,13:00,401326500,Atlanta Falcons,Jacksonville Jaguars,21,14,1.5,46,-115,105,-102,-108,-103,-108,-1.5
2021,12,2021-11-28,Sunday,13:00,401326501,Carolina Panthers,Miami Dolphins,10,33,1,41,-119,108,-110,-101,-113,102,-1
2021,12,2021-11-28,Sunday,13:00,401326502,Tennessee Titans,New England Patriots,13,36,-7.5,43,262,-305,-118,106,-108,-103,7.5
2021,12,2021-11-28,Sunday,13:00,401326503,Philadelphia Eagles,New York Giants,7,13,4,45.5,-192,171,100,-110,-104,-107,-4
2021,12,2021-11-28,Sunday,16:25,401326506,Minnesota Vikings,San Francisco 49ers,26,34,-3.5,49,164,-183,-108,-102,-110,-101,3.5
2021,12,2021-11-29,Monday,20:15,401326508,Seattle Seahawks,Washington Commanders,15,17,1,47,-128,116,-121,108,104,-116,-1
2021,13,2021-12-02,Thursday,20:20,401326509,Dallas Cowboys,New Orleans Saints,27,17,6,46,-254,222,-110,100,-105,-106,-6
2021,13,2021-12-05,Sunday,13:00,401326510,Tampa Bay Buccaneers,Atlanta Falcons,30,17,11,51,-475,387,-103,-108,-104,-107,-11
2021,13,2021-12-05,Sunday,13:00,401326511,Arizona Cardinals,Chicago Bears,33,22,7.5,43.5,-373,314,-116,104,-110,-101,-7.5
2021,13,2021-12-05,Sunday,13:00,401326512,Los Angeles Chargers,Cincinnati Bengals,41,22,-2.5,49.5,127,-141,104,-116,-111,-101,2.5
2021,13,2021-12-05,Sunday,13:00,401326513,Minnesota Vikings,Detroit Lions,27,29,7,47.5,-296,255,-104,-107,-104,-107,-7
2021,13,2021-12-05,Sunday,13:00,401326514,Indianapolis Colts,Houston Texans,31,0,10,45.5,-408,339,-105,-106,-104,-107,-10
2021,13,2021-12-05,Sunday,20:20,401326515,Denver Broncos,Kansas City Chiefs,9,22,-8.5,46.5,323,-387,-106,-105,-103,-108,8.5
2021,13,2021-12-05,Sunday,16:05,401326518,Washington Commanders,Las Vegas Raiders,17,15,-1,47.5,116,-128,108,-121,103,-114,1
2021,13,2021-12-05,Sunday,16:05,401326519,Jacksonville Jaguars,Los Angeles Rams,7,37,-14,48,597,-796,-103,-108,-102,-109,14
2021,13,2021-12-05,Sunday,13:00,401326516,New York Giants,Miami Dolphins,9,20,-6.5,40,253,-293,108,-120,-111,100,6.5
2021,13,2021-12-05,Sunday,13:00,401326517,Philadelphia Eagles,New York Jets,33,18,5,44,-199,177,102,-113,-109,-102,-5
2021,13,2021-12-05,Sunday,16:25,401326520,Baltimore Ravens,Pittsburgh Steelers,19,20,4,44,-195,174,-104,-107,-102,-109,-4
2021,13,2021-12-05,Sunday,16:25,401326521,San Francisco 49ers,Seattle Seahawks,23,30,3,44.5,-138,125,108,-120,-108,-103,-3
2021,13,2021-12-06,Monday,20:15,401326522,New England Patriots,Buffalo Bills,14,10,-3,40,132,-146,-116,104,-109,-102,3
2021,14,2021-12-09,Thursday,20:20,401326523,Pittsburgh Steelers,Minnesota Vikings,28,36,-3.5,45,157,-175,-117,105,-107,-104,3.5
2021,14,2021-12-12,Sunday,13:00,401326524,Atlanta Falcons,Carolina Panthers,29,21,-2.5,41,123,-136,-104,-107,-116,105,2.5
2021,14,2021-12-12,Sunday,16:25,401326525,San Francisco 49ers,Cincinnati Bengals,26,23,2.5,49,-130,117,-103,-108,-108,-103,-2.5
2021,14,2021-12-12,Sunday,13:00,401326526,Baltimore Ravens,Cleveland Browns,22,24,-3,44,135,-150,-104,-107,-108,-103,3
2021,14,2021-12-12,Sunday,16:05,401326532,Detroit Lions,Denver Broncos,10,38,-13,42,495,-635,-109,-102,-105,-106,13
2021,14,2021-12-12,Sunday,20:20,401326535,Chicago Bears,Green Bay Packers,30,45,-11.5,43,498,-639,-102,-109,-114,103,11.5
2021,14,2021-12-12,Sunday,13:00,401326527,Seattle Seahawks,Houston Texans,33,13,10,40.5,-401,334,104,-116,-117,105,-10
2021,14,2021-12-12,Sunday,13:00,401326528,Las Vegas Raiders,Kansas City Chiefs,9,48,-10,48,365,-444,-108,-103,-108,-103,10
2021,14,2021-12-12,Sunday,16:05,401326533,New York Giants,Los Angeles Chargers,21,37,-9.5,44,329,-395,-118,106,-103,-108,9.5
2021,14,2021-12-12,Sunday,13:00,401326529,New Orleans Saints,New York Jets,30,9,4.5,42,-194,173,103,-114,100,-112,-4.5
2021,14,2021-12-12,Sunday,16:25,401326534,Buffalo Bills,Tampa Bay Buccaneers,27,33,-3.5,52.5,161,-181,-106,-105,-110,-101,3.5
2021,14,2021-12-12,Sunday,13:00,401326530,Jacksonville Jaguars,Tennessee Titans,0,20,-8.5,44.5,321,-384,-108,-103,-103,-108,8.5
2021,14,2021-12-12,Sunday,13:00,401326531,Dallas Cowboys,Washington Commanders,27,20,6.5,48,-284,246,-115,103,-103,-108,-6.5
2021,14,2021-12-13,Monday,20:15,401326536,Los Angeles Rams,Arizona Cardinals,30,23,-3,51,154,-172,104,-116,-105,-106,3
2021,15,2021-12-16,Thursday,20:20,401326537,Kansas City Chiefs,Los Angeles Chargers,34,28,3,54,-173,155,-117,105,101,-113,-3
2021,15,2021-12-18,Saturday,20:20,401326540,New England Patriots,Indianapolis Colts,17,27,1,46,-102,-109,-101,-110,-115,103,-1
2021,15,2021-12-19,Sunday,16:25,401326543,Green Bay Packers,Baltimore Ravens,31,30,9.5,45.5,-354,299,104,-116,-102,-109,-9.5
2021,15,2021-12-19,Sunday,13:00,401326538,Carolina Panthers,Buffalo Bills,14,31,-14,43,562,-739,102,-114,-104,-107,14
2021,15,2021-12-19,Sunday,16:05,401326548,Cincinnati Bengals,Denver Broncos,15,10,-3,45,140,-155,-110,-101,110,-123,3
2021,15,2021-12-19,Sunday,13:00,401326544,Arizona Cardinals,Detroit Lions,12,30,13,48,-634,495,-102,-109,-104,-107,-13
2021,15,2021-12-19,Sunday,13:00,401326545,Houston Texans,Jacksonville Jaguars,30,16,-6,40,224,-257,-111,-101,-106,-105,6
2021,15,2021-12-19,Sunday,13:00,401326541,New York Jets,Miami Dolphins,24,31,-10.5,42,366,-445,-114,102,-107,-104,10.5
2021,15,2021-12-19,Sunday,13:00,401326546,Dallas Cowboys,New York Giants,21,6,11.5,43,-534,428,-120,108,-116,104,-11.5
2021,15,2021-12-19,Sunday,13:00,401326547,Tennessee Titans,Pittsburgh Steelers,13,19,-1,44,109,-121,102,-114,-106,-105,1
2021,15,2021-12-19,Sunday,16:05,401326549,Atlanta Falcons,San Francisco 49ers,13,31,-9.5,48,319,-380,-114,102,-105,-106,9.5
2021,15,2021-12-19,Sunday,20:20,401326551,New Orleans Saints,Tampa Bay Buccaneers,9,0,-11.5,45.5,417,-518,-101,-110,-110,-101,11.5
2021,15,2021-12-20,Monday,20:15,401326552,Minnesota Vikings,Chicago Bears,17,9,7,48,-320,274,-114,102,103,-114,-7
2021,15,2021-12-20,Monday,17:00,401326539,Las Vegas Raiders,Cleveland Browns,16,14,3,41,-147,131,-102,-109,-111,-100,-3
2021,15,2021-12-21,Tuesday,19:00,401326550,Seattle Seahawks,Los Angeles Rams,10,20,-7.5,47,298,-352,-120,108,-110,-101,7.5
2021,15,2021-12-21,Tuesday,19:00,401326542,Washington Commanders,Philadelphia Eagles,17,27,-10,39.5,380,-465,-101,-110,-101,-110,10
2021,16,2021-12-23,Thursday,20:20,401326553,San Francisco 49ers,Tennessee Titans,17,20,3.5,45.5,-171,154,108,-120,104,-116,-3.5
2021,16,2021-12-25,Saturday,20:15,401326555,Indianapolis Colts,Arizona Cardinals,22,16,-3,48,143,-161,102,-114,-105,-106,3
2021,16,2021-12-25,Saturday,16:30,401326554,Cleveland Browns,Green Bay Packers,22,24,-7.5,46.5,343,-430,101,-112,-111,-100,7.5
2021,16,2021-12-26,Sunday,13:00,401326556,Detroit Lions,Atlanta Falcons,16,20,-7.5,42.5,309,-373,-106,-105,-113,102,7.5
2021,16,2021-12-26,Sunday,13:00,401326557,Tampa Bay Buccaneers,Carolina Panthers,32,6,11.5,44.5,-503,399,105,-117,101,-113,-11.5
2021,16,2021-12-26,Sunday,13:00,401326558,Baltimore Ravens,Cincinnati Bengals,21,41,-7.5,43,306,-369,-102,-109,-114,102,7.5
2021,16,2021-12-26,Sunday,20:20,401326567,Washington Commanders,Dallas Cowboys,14,56,-10.5,45.5,367,-457,-113,101,-112,101,10.5
2021,16,2021-12-26,Sunday,13:00,401326559,Los Angeles Chargers,Houston Texans,29,41,13.5,46,-661,500,102,-114,-103,-108,-13.5
2021,16,2021-12-26,Sunday,16:25,401326565,Pittsburgh Steelers,Kansas City Chiefs,10,36,-10.5,44,328,-400,-114,102,-109,-103,10.5
2021,16,2021-12-26,Sunday,16:25,401326566,Denver Broncos,Las Vegas Raiders,13,17,1,42,-109,-102,-101,-110,101,-113,-1
2021,16,2021-12-26,Sunday,13:00,401326560,Los Angeles Rams,Minnesota Vikings,30,23,3.5,48.5,-177,158,-103,-108,-111,-100,-3.5
2021,16,2021-12-26,Sunday,13:00,401326561,Buffalo Bills,New England Patriots,33,21,-1,43.5,102,-114,-106,-105,-106,-105,1
2021,16,2021-12-26,Sunday,13:00,401326562,Jacksonville Jaguars,New York Jets,21,26,-2.5,42.5,114,-125,-111,100,-118,106,2.5
2021,16,2021-12-26,Sunday,13:00,401326563,New York Giants,Philadelphia Eagles,10,34,-11,41,416,-529,-108,-103,-106,-105,11
2021,16,2021-12-26,Sunday,16:05,401326564,Chicago Bears,Seattle Seahawks,25,24,-7,41,268,-313,-103,-108,-102,-109,7
2021,16,2021-12-27,Monday,20:15,401326568,Miami Dolphins,New Orleans Saints,20,3,3,37.5,-160,143,-110,-101,-106,-105,-3
2021,17,2022-01-02,Sunday,13:00,401326581,Los Angeles Rams,Baltimore Ravens,20,19,7,47,-313,264,-110,-101,-103,-108,-7
2021,17,2022-01-02,Sunday,13:00,401326569,Atlanta Falcons,Buffalo Bills,15,29,-14,46.5,625,-871,-101,-111,-108,-103,14
2021,17,2022-01-02,Sunday,13:00,401326570,New York Giants,Chicago Bears,3,29,-7,36.5,245,-287,-115,104,-109,-102,7
2021,17,2022-01-02,Sunday,13:00,401326571,Kansas City Chiefs,Cincinnati Bengals,31,34,3.5,51,-178,157,-103,-108,-110,-102,-3.5
2021,17,2022-01-02,Sunday,16:25,401326572,Arizona Cardinals,Dallas Cowboys,25,22,-6.5,53,225,-262,-103,-108,-107,-104,6.5
2021,17,2022-01-02,Sunday,20:20,401326583,Minnesota Vikings,Green Bay Packers,10,37,-13,42,525,-702,-116,105,-111,-100,13
2021,17,2022-01-02,Sunday,13:00,401326573,Las Vegas Raiders,Indianapolis Colts,23,20,-8.5,46.5,325,-397,100,-112,-113,101,8.5
2021,17,2022-01-02,Sunday,16:05,401326579,Denver Broncos,Los Angeles Chargers,13,34,-8,45.5,285,-340,-117,105,-103,-108,8
2021,17,2022-01-02,Sunday,13:00,401326574,Jacksonville Jaguars,New England Patriots,10,50,-17.5,42,727,-1056,-109,-102,-103,-108,17.5
2021,17,2022-01-02,Sunday,16:25,401326575,Carolina Panthers,New Orleans Saints,10,18,-7,37,238,-279,-110,-101,-112,100,7
2021,17,2022-01-02,Sunday,13:00,401326576,Tampa Bay Buccaneers,New York Jets,28,24,14.5,48,-868,623,-101,-110,-107,-104,-14.5
2021,17,2022-01-02,Sunday,16:05,401326580,Houston Texans,San Francisco 49ers,7,23,-14,44,463,-602,-113,101,-109,-102,14
2021,17,2022-01-02,Sunday,16:25,401326582,Detroit Lions,Seattle Seahawks,29,51,-8.5,41.5,327,-399,103,-114,-101,-111,8.5
2021,17,2022-01-02,Sunday,13:00,401326577,Miami Dolphins,Tennessee Titans,3,34,-3,41,151,-170,106,-118,-107,-104,3
2021,17,2022-01-02,Sunday,13:00,401326578,Philadelphia Eagles,Washington Commanders,20,16,6.5,44.5,-238,206,103,-115,-113,102,-6.5
2021,17,2022-01-03,Monday,20:15,401326584,Cleveland Browns,Pittsburgh Steelers,14,26,1,43.5,-117,105,-110,-101,-100,-111,-1
2021,18,2022-01-08,Saturday,16:30,401326598,Kansas City Chiefs,Denver Broncos,28,24,11.5,44.5,-600,435,-110,-110,-110,-110,-11.5
2021,18,2022-01-08,Saturday,20:15,401326595,Dallas Cowboys,Philadelphia Eagles,51,26,6.5,46,-300,235,-110,-110,-110,-110,-6.5
2021,18,2022-01-09,Sunday,16:25,401326597,Seattle Seahawks,Arizona Cardinals,38,30,-5.5,48,190,-235,-110,-110,-120,100,5.5
2021,18,2022-01-09,Sunday,16:25,401326585,New Orleans Saints,Atlanta Falcons,30,20,4.5,40,-213,186,-111,-100,-113,102,-4.5
2021,18,2022-01-09,Sunday,13:00,401326586,Pittsburgh Steelers,Baltimore Ravens,16,13,-3,41,135,-155,-110,-110,-105,-115,3
2021,18,2022-01-09,Sunday,16:25,401326587,New York Jets,Buffalo Bills,10,27,-16,43,750,-1250,-110,-110,-110,-110,16
2021,18,2022-01-09,Sunday,13:00,401326588,Cincinnati Bengals,Cleveland Browns,16,21,-6.5,38,215,-265,-110,-110,-110,-110,6.5
2021,18,2022-01-09,Sunday,13:00,401326589,Green Bay Packers,Detroit Lions,30,37,4,45,-195,165,-110,-110,-105,-115,-4
2021,18,2022-01-09,Sunday,13:00,401326590,Tennessee Titans,Houston Texans,28,25,10.5,43,-575,410,-105,-115,-110,-110,-10.5
2021,18,2022-01-09,Sunday,13:00,401326591,Indianapolis Colts,Jacksonville Jaguars,11,26,14,43,-1000,650,-110,-110,-110,-110,-14
2021,18,2022-01-09,Sunday,20:20,401326600,Los Angeles Chargers,Las Vegas Raiders,32,35,3.5,48,-180,155,-110,-110,-110,-110,-3.5
2021,18,2022-01-09,Sunday,16:25,401326599,San Francisco 49ers,Los Angeles Rams,27,24,-3,46.5,150,-170,-105,-115,-105,-115,3
2021,18,2022-01-09,Sunday,16:25,401326592,New England Patriots,Miami Dolphins,24,33,6,41,-250,200,-110,-110,-110,-110,-6
2021,18,2022-01-09,Sunday,13:00,401326593,Chicago Bears,Minnesota Vikings,17,31,-3.5,45.5,160,-190,-110,-110,-110,-110,3.5
2021,18,2022-01-09,Sunday,13:00,401326594,Washington Commanders,New York Giants,22,7,6,36,-238,206,-102,-109,-111,-100,-6
2021,18,2022-01-09,Sunday,16:25,401326596,Carolina Panthers,Tampa Bay Buccaneers,17,41,-11,43,375,-510,-110,-110,-115,-105,11
2022,1,2022-09-08,Thursday,20:20,401437654,Buffalo Bills,Los Angeles Rams,31,10,1,51.5,-117,106,-112,101,-111,-101,-1
2022,1,2022-09-11,Sunday,16:25,401437653,Kansas City Chiefs,Arizona Cardinals,44,21,6,54,-252,221,-107,-104,-102,-110,-6
2022,1,2022-09-11,Sunday,13:00,401437650,New Orleans Saints,Atlanta Falcons,27,26,6,43.5,-228,201,-103,-107,-108,-104,-6
2022,1,2022-09-11,Sunday,13:00,401437651,Cleveland Browns,Carolina Panthers,26,24,-2.5,42.5,114,-125,-112,102,100,-113,2.5
2022,1,2022-09-11,Sunday,13:00,401437647,San Francisco 49ers,Chicago Bears,10,19,6.5,38,-248,217,100,-111,-109,-103,-6.5
2022,1,2022-09-11,Sunday,13:00,401437634,Pittsburgh Steelers,Cincinnati Bengals,23,20,-7.5,44.5,264,-308,-119,107,-113,101,7.5
2022,1,2022-09-11,Sunday,20:20,401437644,Tampa Bay Buccaneers,Dallas Cowboys,19,3,2.5,49.5,-133,120,-108,-102,-110,-102,-2.5
2022,1,2022-09-11,Sunday,13:00,401437648,Philadelphia Eagles,Detroit Lions,38,35,6,49,-240,211,-110,-100,104,-117,-6
2022,1,2022-09-11,Sunday,13:00,401437637,Indianapolis Colts,Houston Texans,20,20,7,46,-290,250,-103,-107,-102,-110,-7
2022,1,2022-09-11,Sunday,16:25,401437643,Las Vegas Raiders,Los Angeles Chargers,19,24,-3.5,52.5,161,-180,-106,-104,-109,-103,3.5
2022,1,2022-09-11,Sunday,13:00,401437630,New England Patriots,Miami Dolphins,7,20,-3,47,140,-155,-104,-106,-103,-109,3
2022,1,2022-09-11,Sunday,16:25,401437649,Green Bay Packers,Minnesota Vikings,7,23,-2.5,47,113,-125,-116,105,101,-114,2.5
2022,1,2022-09-11,Sunday,13:00,401437632,Baltimore Ravens,New York Jets,24,9,6.5,44,-265,231,-103,-107,-103,-109,-6.5
2022,1,2022-09-11,Sunday,16:25,401437640,New York Giants,Tennessee Titans,21,20,-5.5,43.5,209,-239,-108,-102,-111,-101,5.5
2022,1,2022-09-11,Sunday,13:00,401437646,Jacksonville Jaguars,Washington Commanders,22,28,-3,43.5,143,-159,-101,-110,-102,-110,3
2022,1,2022-09-12,Monday,20:15,401437655,Denver Broncos,Seattle Seahawks,16,17,6,44,-253,221,-107,-103,102,-115,-6
2022,2,2022-09-15,Thursday,20:15,401434030,Los Angeles Chargers,Kansas City Chiefs,24,27,-4,52.5,167,-188,-113,102,-111,-101,4
2022,2,2022-09-18,Sunday,13:00,401437633,Miami Dolphins,Baltimore Ravens,42,38,-3,44,148,-164,103,-114,101,-114,3
2022,2,2022-09-18,Sunday,13:00,401437635,New York Jets,Cleveland Browns,31,30,-6.5,38.5,207,-235,-111,100,-105,-107,6.5
2022,2,2022-09-18,Sunday,16:25,401437734,Cincinnati Bengals,Dallas Cowboys,17,20,7.5,42,-303,260,110,-122,-108,-104,-7.5
2022,2,2022-09-18,Sunday,16:25,401437641,Houston Texans,Denver Broncos,9,16,-10.5,46,391,-481,-114,103,-102,-110,10.5
2022,2,2022-09-18,Sunday,13:00,401437732,Washington Commanders,Detroit Lions,27,36,1,48.5,-114,103,-107,-103,101,-114,-1
2022,2,2022-09-18,Sunday,20:20,401437606,Chicago Bears,Green Bay Packers,10,27,-10.5,42,348,-420,-111,100,-108,-104,10.5
2022,2,2022-09-18,Sunday,13:00,401437639,Indianapolis Colts,Jacksonville Jaguars,0,24,3,43.5,-157,142,-107,-103,-108,-104,-3
2022,2,2022-09-18,Sunday,16:25,401437642,Arizona Cardinals,Las Vegas Raiders,29,23,-5.5,51.5,197,-223,-110,100,-107,-105,5.5
2022,2,2022-09-18,Sunday,16:05,401437733,Atlanta Falcons,Los Angeles Rams,27,31,-10.5,46.5,385,-473,-113,103,103,-116,10.5
2022,2,2022-09-18,Sunday,13:00,401437652,Tampa Bay Buccaneers,New Orleans Saints,20,10,2.5,44,-138,124,-109,-102,104,-117,-2.5
2022,2,2022-09-18,Sunday,13:00,401437645,Carolina Panthers,New York Giants,16,19,1,44,-114,103,-106,-104,-110,-102,-1
2022,2,2022-09-18,Sunday,13:00,401437636,New England Patriots,Pittsburgh Steelers,17,14,3,40,-150,135,-102,-109,-111,-101,-3
2022,2,2022-09-18,Sunday,16:05,401437605,Seattle Seahawks,San Francisco 49ers,7,27,-8.5,40,318,-379,-113,102,-100,-112,8.5
2022,2,2022-09-19,Monday,19:15,401436831,Tennessee Titans,Buffalo Bills,7,41,-10,47.5,329,-395,-115,104,-104,-108,10
2022,2,2022-09-19,Monday,20:30,401436832,Minnesota Vikings,Philadelphia Eagles,7,24,-2.5,49.5,127,-141,106,-117,102,-115,2.5
2022,3,2022-09-22,Thursday,20:15,401437735,Pittsburgh Steelers,Cleveland Browns,17,29,-4.5,38,183,-206,-111,101,-105,-107,4.5
2022,3,2022-09-25,Sunday,16:25,401437744,Los Angeles Rams,Arizona Cardinals,20,12,3.5,49,-171,153,104,-115,102,-114,-3.5
2022,3,2022-09-25,Sunday,13:00,401437736,New Orleans Saints,Carolina Panthers,14,22,2,41,-123,112,-102,-109,-100,-112,-2
2022,3,2022-09-25,Sunday,13:00,401437737,Houston Texans,Chicago Bears,20,23,-3,40,141,-156,-107,-103,-105,-107,3
2022,3,2022-09-25,Sunday,20:20,401437746,San Francisco 49ers,Denver Broncos,10,11,1,44,-110,-101,-102,-108,-114,101,-1
2022,3,2022-09-25,Sunday,13:00,401437638,Kansas City Chiefs,Indianapolis Colts,17,20,4.5,51,-199,177,103,-114,-107,-105,-4.5
2022,3,2022-09-25,Sunday,16:05,401437743,Jacksonville Jaguars,Los Angeles Chargers,38,10,-6.5,46,220,-252,-106,-104,-100,-112,6.5
2022,3,2022-09-25,Sunday,13:00,401437738,Buffalo Bills,Miami Dolphins,19,21,4,54,-196,175,-104,-106,-109,-103,-4
2022,3,2022-09-25,Sunday,13:00,401437739,Detroit Lions,Minnesota Vikings,24,28,-6.5,52,232,-266,-101,-110,104,-117,6.5
2022,3,2022-09-25,Sunday,13:00,401437631,Baltimore Ravens,New England Patriots,37,26,2.5,45.5,-143,129,-114,104,-103,-109,-2.5
2022,3,2022-09-25,Sunday,13:00,401437740,Cincinnati Bengals,New York Jets,27,12,6.5,46,-247,220,104,-115,-106,-106,-6.5
2022,3,2022-09-25,Sunday,16:25,401437745,Atlanta Falcons,Seattle Seahawks,27,23,-1,43,-104,-106,-112,102,-115,103,1
2022,3,2022-09-25,Sunday,16:25,401437607,Green Bay Packers,Tampa Bay Buccaneers,14,12,-1,41.5,112,-123,105,-115,-109,-103,1
2022,3,2022-09-25,Sunday,13:00,401437741,Las Vegas Raiders,Tennessee Titans,22,24,1.5,45.5,-130,117,-113,103,-103,-109,-1.5
2022,3,2022-09-25,Sunday,13:00,401437742,Philadelphia Eagles,Washington Commanders,24,8,6,47,-240,210,102,-112,-111,-101,-6
2022,3,2022-09-26,Monday,20:15,401437747,Dallas Cowboys,New York Giants,23,16,-1,38.5,109,-120,103,-113,-110,-102,1
2022,4,2022-09-29,Thursday,20:15,401437748,Miami Dolphins,Cincinnati Bengals,15,27,-4,48.5,169,-190,-107,-103,-109,-103,4
2022,4,2022-10-02,Sunday,13:00,401437749,Cleveland Browns,Atlanta Falcons,20,23,1,48,-107,-103,-101,-109,-112,-100,-1
2022,4,2022-10-02,Sunday,13:00,401437750,Buffalo Bills,Baltimore Ravens,23,20,3,50,-172,154,-117,106,-109,-103,-3
2022,4,2022-10-02,Sunday,16:05,401437758,Arizona Cardinals,Carolina Panthers,26,16,-1,44,102,-113,-104,-106,100,-113,1
2022,4,2022-10-02,Sunday,13:00,401437751,Washington Commanders,Dallas Cowboys,10,25,-3,40.5,140,-155,-110,-101,-111,-101,3
2022,4,2022-10-02,Sunday,13:00,401437752,Seattle Seahawks,Detroit Lions,48,45,-3,48.5,151,-169,103,-113,-101,-112,3
2022,4,2022-10-02,Sunday,16:25,401437759,New England Patriots,Green Bay Packers,24,27,-10,40.5,358,-435,-120,109,-101,-111,10
2022,4,2022-10-02,Sunday,13:00,401437753,Los Angeles Chargers,Houston Texans,34,24,5.5,45,-234,205,-106,-104,-115,102,-5.5
2022,4,2022-10-02,Sunday,13:00,401437754,Tennessee Titans,Indianapolis Colts,24,17,-4.5,43,182,-205,-105,-105,-110,-102,4.5
2022,4,2022-10-02,Sunday,16:25,401437760,Denver Broncos,Las Vegas Raiders,23,32,-2.5,45.5,124,-137,-101,-109,-102,-110,2.5
2022,4,2022-10-02,Sunday,09:30,401435639,Minnesota Vikings,New Orleans Saints,28,25,4,42,-199,177,-103,-107,-102,-110,-4
2022,4,2022-10-02,Sunday,13:00,401437755,Chicago Bears,New York Giants,12,20,-3,39,130,-144,-120,109,-110,-103,3
2022,4,2022-10-02,Sunday,13:00,401437756,Jacksonville Jaguars,Philadelphia Eagles,21,29,-6.5,44,223,-256,-109,-102,-111,-102,6.5
2022,4,2022-10-02,Sunday,13:00,401437757,New York Jets,Pittsburgh Steelers,24,20,-3,41,145,-161,-102,-108,-115,102,3
2022,4,2022-10-02,Sunday,20:20,401437470,Kansas City Chiefs,Tampa Bay Buccaneers,41,31,-1,46.5,113,-125,107,-118,-115,102,1
2022,4,2022-10-03,Monday,20:15,401437761,Los Angeles Rams,San Francisco 49ers,9,24,-1,42,112,-124,106,-116,-103,-109,1
2022,5,2022-10-06,Thursday,20:15,401437762,Indianapolis Colts,Denver Broncos,12,9,-3.5,42,159,-178,-114,104,-106,-106,3.5
2022,5,2022-10-09,Sunday,16:25,401437773,Philadelphia Eagles,Arizona Cardinals,20,17,5.5,48.5,-222,196,101,-111,-113,101,-5.5
2022,5,2022-10-09,Sunday,20:20,401437775,Cincinnati Bengals,Baltimore Ravens,17,19,-3,47.5,151,-168,103,-114,-108,-104,3
2022,5,2022-10-09,Sunday,13:00,401437763,Pittsburgh Steelers,Buffalo Bills,3,38,-14,44,568,-749,-108,-102,-110,-103,14
2022,5,2022-10-09,Sunday,16:05,401437772,San Francisco 49ers,Carolina Panthers,37,15,6,40,-234,206,-102,-109,-108,-104,-6
2022,5,2022-10-09,Sunday,13:00,401437764,Los Angeles Chargers,Cleveland Browns,30,28,1,47,-114,103,-106,-104,102,-114,-1
2022,5,2022-10-09,Sunday,09:30,401435640,New York Giants,Green Bay Packers,27,22,-8.5,42,331,-397,104,-115,-102,-110,8.5
2022,5,2022-10-09,Sunday,13:00,401437765,Houston Texans,Jacksonville Jaguars,13,6,-7,44,261,-304,-113,102,-101,-112,7
2022,5,2022-10-09,Sunday,16:25,401437774,Dallas Cowboys,Los Angeles Rams,22,10,-5.5,42,195,-220,-112,102,-106,-106,5.5
2022,5,2022-10-09,Sunday,13:00,401437766,Chicago Bears,Minnesota Vikings,22,29,-10,44,322,-385,-116,105,-106,-106,10
2022,5,2022-10-09,Sunday,13:00,401437767,Detroit Lions,New England Patriots,0,29,-3,46.5,133,-148,-113,102,-114,101,3
2022,5,2022-10-09,Sunday,13:00,401437768,Seattle Seahawks,New Orleans Saints,32,39,-5.5,45.5,201,-229,-106,-104,100,-113,5.5
2022,5,2022-10-09,Sunday,13:00,401437769,Miami Dolphins,New York Jets,17,40,3,46,-162,146,-110,100,-111,-101,-3
2022,5,2022-10-09,Sunday,13:00,401437770,Atlanta Falcons,Tampa Bay Buccaneers,15,21,-10.5,46,355,-430,-113,102,-113,101,10.5
2022,5,2022-10-09,Sunday,13:00,401437771,Tennessee Titans,Washington Commanders,21,17,1,43,-110,-100,-102,-108,-106,-106,-1
2022,5,2022-10-10,Monday,20:15,401437776,Las Vegas Raiders,Kansas City Chiefs,29,30,-7.5,51.5,275,-321,-125,113,-103,-109,7.5
2022,6,2022-10-13,Thursday,20:15,401437777,Washington Commanders,Chicago Bears,12,7,1,38.5,-120,109,-112,102,-107,-105,-1
2022,6,2022-10-16,Sunday,13:00,401437778,San Francisco 49ers,Atlanta Falcons,14,28,3.5,46,-185,166,-100,-110,-103,-109,-3.5
2022,6,2022-10-16,Sunday,13:00,401437779,New England Patriots,Cleveland Browns,38,15,-2.5,43,127,-140,101,-111,-108,-104,2.5
2022,6,2022-10-16,Sunday,13:00,401437780,New York Jets,Green Bay Packers,27,10,-7.5,44.5,305,-362,-101,-109,-111,-101,7.5
2022,6,2022-10-16,Sunday,13:00,401437781,Jacksonville Jaguars,Indianapolis Colts,27,34,-1,41,110,-122,103,-114,-113,100,1
2022,6,2022-10-16,Sunday,16:25,401437788,Buffalo Bills,Kansas City Chiefs,24,20,2.5,54,-146,132,-116,105,-107,-105,-2.5
2022,6,2022-10-16,Sunday,16:05,401437786,Carolina Panthers,Los Angeles Rams,10,24,-10,41.5,343,-413,-112,102,-103,-109,10
2022,6,2022-10-16,Sunday,13:00,401437782,Minnesota Vikings,Miami Dolphins,24,16,3,45,-175,157,-120,109,-105,-107,-3
2022,6,2022-10-16,Sunday,13:00,401437783,Cincinnati Bengals,New Orleans Saints,30,26,3,42.5,-164,148,-110,100,-108,-104,-3
2022,6,2022-10-16,Sunday,13:00,401437784,Baltimore Ravens,New York Giants,20,24,5.5,46,-234,206,-107,-103,-102,-110,-5.5
2022,6,2022-10-16,Sunday,20:20,401437789,Dallas Cowboys,Philadelphia Eagles,17,26,-6.5,42.5,252,-292,109,-120,-108,-104,6.5
2022,6,2022-10-16,Sunday,13:00,401437785,Tampa Bay Buccaneers,Pittsburgh Steelers,18,20,10,47,-386,323,103,-113,104,-117,-10
2022,6,2022-10-16,Sunday,16:05,401437787,Arizona Cardinals,Seattle Seahawks,9,19,2.5,50,-136,123,-106,-104,-110,-102,-2.5
2022,6,2022-10-17,Monday,20:15,401437790,Denver Broncos,Los Angeles Chargers,16,19,-3.5,45.5,166,-186,-103,-107,102,-115,3.5
2022,7,2022-10-20,Thursday,20:15,401437791,New Orleans Saints,Arizona Cardinals,34,42,-2.5,44,126,-140,-101,-109,101,-114,2.5
2022,7,2022-10-23,Sunday,13:00,401437792,Cleveland Browns,Baltimore Ravens,20,23,-6.5,46,244,-282,100,-110,-112,-100,6.5
2022,7,2022-10-23,Sunday,13:00,401437793,Tampa Bay Buccaneers,Carolina Panthers,3,21,13,39.5,-680,524,-103,-107,103,-116,-13
2022,7,2022-10-23,Sunday,13:00,401437794,Atlanta Falcons,Cincinnati Bengals,17,35,-6.5,47.5,235,-271,-100,-110,-112,100,6.5
2022,7,2022-10-23,Sunday,13:00,401437795,Detroit Lions,Dallas Cowboys,6,24,-7,49.5,241,-278,-112,102,-110,-102,7
2022,7,2022-10-23,Sunday,16:05,401437799,New York Jets,Denver Broncos,16,9,2,37,-127,115,-106,-104,101,-114,-2
2022,7,2022-10-23,Sunday,13:00,401437796,New York Giants,Jacksonville Jaguars,23,17,-3,44,148,-165,102,-112,-107,-105,3
2022,7,2022-10-23,Sunday,16:05,401437800,Houston Texans,Las Vegas Raiders,20,38,-7,46,278,-325,104,-115,-108,-104,7
2022,7,2022-10-23,Sunday,16:25,401437801,Seattle Seahawks,Los Angeles Chargers,37,23,-5.5,51.5,193,-219,-111,101,101,-114,5.5
2022,7,2022-10-23,Sunday,20:20,401437803,Pittsburgh Steelers,Miami Dolphins,10,16,-7.5,44.5,255,-297,-119,108,-105,-107,7.5
2022,7,2022-10-23,Sunday,16:25,401437802,Kansas City Chiefs,San Francisco 49ers,44,23,1,49,-106,-104,102,-112,101,-114,-1
2022,7,2022-10-23,Sunday,13:00,401437797,Indianapolis Colts,Tennessee Titans,10,19,-2.5,43,129,-143,-102,-108,-109,-104,2.5
2022,7,2022-10-23,Sunday,13:00,401437798,Green Bay Packers,Washington Commanders,21,23,4,41.5,-195,173,-102,-108,-107,-105,-4
2022,7,2022-10-24,Monday,20:15,401437804,Chicago Bears,New England Patriots,33,14,-9.5,40,327,-392,-110,-100,-106,-106,9.5
2022,8,2022-10-27,Thursday,20:15,401437805,Baltimore Ravens,Tampa Bay Buccaneers,27,22,-2,46,116,-128,-104,-106,-110,-102,2
2022,8,2022-10-30,Sunday,13:00,401437806,Carolina Panthers,Atlanta Falcons,34,37,-4.5,41,178,-201,-110,-100,-106,-106,4.5
2022,8,2022-10-30,Sunday,20:20,401437817,Green Bay Packers,Buffalo Bills,17,27,-10.5,47,365,-445,-110,100,-108,-104,10.5
2022,8,2022-10-30,Sunday,13:00,401437807,Chicago Bears,Dallas Cowboys,29,49,-10.5,43,355,-430,-121,109,-104,-108,10.5
2022,8,2022-10-30,Sunday,13:00,401437808,Miami Dolphins,Detroit Lions,31,27,3.5,52,-190,169,-112,102,-104,-108,-3.5
2022,8,2022-10-30,Sunday,16:05,401437813,Tennessee Titans,Houston Texans,17,10,1,39,-115,104,-107,-103,-110,-102,-1
2022,8,2022-10-30,Sunday,16:25,401437814,Washington Commanders,Indianapolis Colts,17,16,-3,40.5,136,-151,-114,103,-102,-110,3
2022,8,2022-10-30,Sunday,09:30,401435641,Denver Broncos,Jacksonville Jaguars,21,17,-1,41,-103,-107,-112,101,-109,-103,1
2022,8,2022-10-30,Sunday,16:25,401437815,San Francisco 49ers,Los Angeles Rams,31,14,1,42,-104,-106,103,-114,-109,-103,-1
2022,8,2022-10-30,Sunday,13:00,401437809,Arizona Cardinals,Minnesota Vikings,26,34,-4,48.5,177,-199,-105,-105,-106,-106,4
2022,8,2022-10-30,Sunday,13:00,401437810,Las Vegas Raiders,New Orleans Saints,0,24,1,48.5,-119,108,-111,101,-101,-111,-1
2022,8,2022-10-30,Sunday,13:00,401437811,New England Patriots,New York Jets,22,17,3,40,-155,140,-103,-107,-110,-102,-3
2022,8,2022-10-30,Sunday,13:00,401437812,Pittsburgh Steelers,Philadelphia Eagles,13,35,-11,43,397,-490,102,-112,-102,-110,11
2022,8,2022-10-30,Sunday,16:25,401437816,New York Giants,Seattle Seahawks,13,27,-3,44.5,147,-164,-100,-110,-102,-110,3
2022,8,2022-10-31,Monday,20:15,401437818,Cincinnati Bengals,Cleveland Browns,13,32,3,45,-163,147,-112,102,-110,-102,-3
2022,9,2022-11-03,Thursday,20:15,401437819,Philadelphia Eagles,Houston Texans,29,17,14,45.5,-702,539,102,-113,-101,-112,-14
2022,9,2022-11-06,Sunday,16:05,401437828,Seattle Seahawks,Arizona Cardinals,31,21,-1.5,49.5,116,-128,102,-113,103,-115,1.5
2022,9,2022-11-06,Sunday,13:00,401437820,Los Angeles Chargers,Atlanta Falcons,20,17,2.5,49.5,-143,130,-114,103,-107,-105,-2.5
2022,9,2022-11-06,Sunday,13:00,401437821,Miami Dolphins,Chicago Bears,35,32,4,46,-193,172,-103,-107,-108,-104,-4
2022,9,2022-11-06,Sunday,13:00,401437822,Carolina Panthers,Cincinnati Bengals,21,42,-7,43,282,-331,-100,-110,101,-114,7
2022,9,2022-11-06,Sunday,13:00,401437823,Green Bay Packers,Detroit Lions,9,15,4,49.5,-191,170,-107,-103,-105,-107,-4
2022,9,2022-11-06,Sunday,13:00,401437824,Las Vegas Raiders,Jacksonville Jaguars,20,27,2.5,47.5,-129,116,-102,-108,-118,105,-2.5
2022,9,2022-11-06,Sunday,20:20,401437830,Tennessee Titans,Kansas City Chiefs,17,20,-14,45,530,-689,-107,-103,-106,-106,14
2022,9,2022-11-06,Sunday,13:00,401437825,Indianapolis Colts,New England Patriots,3,26,-5,40,188,-212,-115,104,-103,-109,5
2022,9,2022-11-06,Sunday,13:00,401437826,Buffalo Bills,New York Jets,17,20,11,46,-494,400,103,-114,-110,-102,-11
2022,9,2022-11-06,Sunday,16:25,401437829,Los Angeles Rams,Tampa Bay Buccaneers,13,16,-3,43,142,-158,-104,-106,-104,-108,3
2022,9,2022-11-06,Sunday,13:00,401437827,Minnesota Vikings,Washington Commanders,20,17,3,43.5,-169,151,-119,108,-106,-106,-3
2022,9,2022-11-07,Monday,20:15,401437831,Baltimore Ravens,New Orleans Saints,27,13,1,46,-124,112,-117,106,-104,-108,-1
2022,10,2022-11-10,Thursday,20:15,401437832,Atlanta Falcons,Carolina Panthers,15,25,2.5,41.5,-132,119,-103,-107,-106,-106,-2.5
2022,10,2022-11-13,Sunday,13:00,401437833,Minnesota Vikings,Buffalo Bills,33,30,-6.5,47,230,-264,-104,-106,-107,-105,6.5
2022,10,2022-11-13,Sunday,13:00,401437834,Detroit Lions,Chicago Bears,31,30,-3,48.5,143,-159,-105,-105,101,-114,3
2022,10,2022-11-13,Sunday,16:25,401437131,Dallas Cowboys,Green Bay Packers,28,31,3.5,44.5,-199,177,-113,102,-108,-104,-3.5
2022,10,2022-11-13,Sunday,13:00,401437835,Jacksonville Jaguars,Kansas City Chiefs,17,27,-10,51.5,333,-399,-120,109,-102,-110,10
2022,10,2022-11-13,Sunday,16:05,401437840,Indianapolis Colts,Las Vegas Raiders,25,20,-4.5,41,177,-199,-112,101,-114,101,4.5
2022,10,2022-11-13,Sunday,16:25,401437841,Arizona Cardinals,Los Angeles Rams,27,17,-3.5,38,160,-183,-110,-102,-104,-108,3.5
2022,10,2022-11-13,Sunday,13:00,401437836,Cleveland Browns,Miami Dolphins,17,39,-3,49,158,-177,112,-123,-110,-102,3
2022,10,2022-11-13,Sunday,13:00,401437837,Houston Texans,New York Giants,16,24,-5.5,41.5,195,-221,-112,102,-103,-109,5.5
2022,10,2022-11-13,Sunday,13:00,401437838,New Orleans Saints,Pittsburgh Steelers,10,20,-1,39.5,105,-116,-103,-107,-109,-104,1
2022,10,2022-11-13,Sunday,20:20,401437842,Los Angeles Chargers,San Francisco 49ers,16,22,-8.5,45.5,302,-357,-105,-105,-113,101,8.5
2022,10,2022-11-13,Sunday,09:30,401435638,Seattle Seahawks,Tampa Bay Buccaneers,16,21,-2.5,45,124,-138,103,-114,-108,-104,2.5
2022,10,2022-11-13,Sunday,13:00,401437839,Denver Broncos,Tennessee Titans,10,17,-2.5,40,122,-135,-105,-105,-105,-107,2.5
2022,10,2022-11-14,Monday,20:15,401437843,Washington Commanders,Philadelphia Eagles,32,21,-11,43,405,-501,-107,-103,-109,-103,11
2022,11,2022-11-17,Thursday,20:15,401437844,Tennessee Titans,Green Bay Packers,27,17,-3,40.5,153,-171,106,-117,-103,-109,3
2022,11,2022-11-20,Sunday,13:00,401437845,Chicago Bears,Atlanta Falcons,24,27,-3,48.5,125,-138,-122,110,-104,-108,3
2022,11,2022-11-20,Sunday,13:00,401437846,Carolina Panthers,Baltimore Ravens,3,13,-13,42,503,-647,-117,106,-100,-112,13
2022,11,2022-11-20,Sunday,13:00,401437847,Cleveland Browns,Buffalo Bills,23,31,-7.5,50.5,298,-353,-103,-108,-109,-103,7.5
2022,11,2022-11-20,Sunday,16:05,401437853,Las Vegas Raiders,Denver Broncos,22,16,-2.5,41.5,131,-145,106,-117,100,-113,2.5
2022,11,2022-11-20,Sunday,13:00,401437848,Washington Commanders,Houston Texans,23,10,3,41,-150,135,-100,-110,-106,-106,-3
2022,11,2022-11-20,Sunday,13:00,401437849,Philadelphia Eagles,Indianapolis Colts,17,16,6.5,45.5,-270,235,-108,-102,-109,-103,-6.5
2022,11,2022-11-20,Sunday,20:20,401437854,Kansas City Chiefs,Los Angeles Chargers,30,27,5.5,52.5,-231,203,-102,-108,-110,-102,-5.5
2022,11,2022-11-20,Sunday,16:25,401437855,Dallas Cowboys,Minnesota Vikings,40,3,1.5,48.5,-131,118,-115,104,-103,-109,-1.5
2022,11,2022-11-20,Sunday,13:00,401437850,New York Jets,New England Patriots,3,10,-3.5,38.5,163,-182,-109,-102,-109,-103,3.5
2022,11,2022-11-20,Sunday,13:00,401437851,Los Angeles Rams,New Orleans Saints,20,27,-2.5,39.5,112,-124,-115,104,-106,-106,2.5
2022,11,2022-11-20,Sunday,13:00,401437852,Detroit Lions,New York Giants,31,18,-3,44,143,-159,-104,-107,-116,103,3
2022,11,2022-11-20,Sunday,16:25,401437856,Cincinnati Bengals,Pittsburgh Steelers,37,30,3.5,39,-182,163,101,-111,-112,100,-3.5
2022,11,2022-11-21,Monday,20:15,401435642,San Francisco 49ers,Arizona Cardinals,38,10,10,43.5,-422,350,103,-113,101,-114,-10
2022,12,2022-11-24,Thursday,16:30,401437858,New York Giants,Dallas Cowboys,20,28,-10.5,45.5,363,-441,-114,104,-106,-106,10.5
2022,12,2022-11-24,Thursday,12:30,401437857,Buffalo Bills,Detroit Lions,28,25,10,54,-412,342,105,-116,-110,-102,-10
2022,12,2022-11-24,Thursday,20:20,401437859,New England Patriots,Minnesota Vikings,26,33,-2.5,42.5,123,-136,-102,-108,-106,-106,2.5
2022,12,2022-11-27,Sunday,16:05,401437867,Los Angeles Chargers,Arizona Cardinals,25,24,2.5,48.5,-136,123,-108,-102,-112,-100,-2.5
2022,12,2022-11-27,Sunday,13:00,401437860,Denver Broncos,Carolina Panthers,10,23,1,36.5,-116,105,-109,-101,-101,-111,-1
2022,12,2022-11-27,Sunday,13:00,401437861,Tampa Bay Buccaneers,Cleveland Browns,17,23,3,42,-169,151,-118,107,-109,-103,-3
2022,12,2022-11-27,Sunday,13:00,401437862,Baltimore Ravens,Jacksonville Jaguars,27,28,3.5,43,-164,147,111,-123,-111,-102,-3.5
2022,12,2022-11-27,Sunday,16:25,401437869,Los Angeles Rams,Kansas City Chiefs,10,26,-16.5,42,768,-1088,-115,105,-104,-108,16.5
2022,12,2022-11-27,Sunday,13:00,401437863,Houston Texans,Miami Dolphins,15,30,-14,47,613,-822,-101,-109,-109,-103,14
2022,12,2022-11-27,Sunday,13:00,401437864,Chicago Bears,New York Jets,10,31,-8.5,36.5,315,-375,-107,-103,-109,-103,8.5
2022,12,2022-11-27,Sunday,20:20,401437871,Green Bay Packers,Philadelphia Eagles,33,40,-6.5,46,241,-278,-105,-105,-106,-106,6.5
2022,12,2022-11-27,Sunday,16:25,401437870,New Orleans Saints,San Francisco 49ers,0,13,-9.5,44,327,-392,-113,103,103,-116,9.5
2022,12,2022-11-27,Sunday,16:05,401437868,Las Vegas Raiders,Seattle Seahawks,40,34,-4,47.5,174,-196,-107,-103,-109,-103,4
2022,12,2022-11-27,Sunday,13:00,401437865,Cincinnati Bengals,Tennessee Titans,20,16,1,43,-105,-105,102,-113,105,-118,-1
2022,12,2022-11-27,Sunday,13:00,401437866,Atlanta Falcons,Washington Commanders,13,19,-3.5,40.5,163,-183,-110,-100,101,-114,3.5
2022,12,2022-11-28,Monday,20:15,401437872,Pittsburgh Steelers,Indianapolis Colts,24,17,-2.5,40,116,-128,-110,-100,101,-114,2.5
2022,13,2022-12-01,Thursday,20:15,401437873,Buffalo Bills,New England Patriots,24,10,3.5,43.5,-185,165,-105,-105,-109,-103,-3.5
2022,13,2022-12-04,Sunday,13:00,401437874,Pittsburgh Steelers,Atlanta Falcons,19,16,1,43,-113,103,-105,-105,-104,-108,-1
2022,13,2022-12-04,Sunday,13:00,401437875,Denver Broncos,Baltimore Ravens,9,10,-9.5,40.5,294,-347,-124,112,-113,100,9.5
2022,13,2022-12-04,Sunday,13:00,401437876,Green Bay Packers,Chicago Bears,28,19,4,45,-182,163,105,-116,101,-114,-4
2022,13,2022-12-04,Sunday,16:25,401437884,Kansas City Chiefs,Cincinnati Bengals,24,27,2.5,53,-132,120,-108,-102,-105,-107,-2.5
2022,13,2022-12-04,Sunday,20:20,401437886,Indianapolis Colts,Dallas Cowboys,19,54,-11,44.5,376,-460,-109,-101,-108,-104,11
2022,13,2022-12-04,Sunday,13:00,401437877,Jacksonville Jaguars,Detroit Lions,14,40,-1,51.5,107,-118,-100,-110,101,-114,1
2022,13,2022-12-04,Sunday,13:00,401437878,Cleveland Browns,Houston Texans,27,14,7.5,47,-329,280,-108,-102,106,-119,-7.5
2022,13,2022-12-04,Sunday,16:25,401437885,Los Angeles Chargers,Las Vegas Raiders,20,27,-2.5,49,125,-139,-102,-109,-114,102,2.5
2022,13,2022-12-04,Sunday,16:05,401437882,Seattle Seahawks,Los Angeles Rams,27,23,7,41,-292,252,107,-118,-114,101,-7
2022,13,2022-12-04,Sunday,13:00,401437879,New York Jets,Minnesota Vikings,22,27,-3,44,132,-146,-117,106,-104,-108,3
2022,13,2022-12-04,Sunday,13:00,401437880,Washington Commanders,New York Giants,20,20,2.5,40,-124,113,105,-116,-108,-104,-2.5
2022,13,2022-12-04,Sunday,13:00,401437881,Tennessee Titans,Philadelphia Eagles,10,35,-5,44.5,189,-213,-109,-101,-114,101,5
2022,13,2022-12-04,Sunday,16:05,401437883,Miami Dolphins,San Francisco 49ers,17,33,-4.5,46,196,-222,101,-111,-102,-110,4.5
2022,13,2022-12-05,Monday,20:15,401437887,New Orleans Saints,Tampa Bay Buccaneers,16,17,-3.5,41,169,-190,-105,-105,-105,-107,3.5
2022,14,2022-12-08,Thursday,20:15,401437888,Las Vegas Raiders,Los Angeles Rams,16,17,6.5,42.5,-283,245,-112,101,102,-115,-6.5
2022,14,2022-12-11,Sunday,13:00,401437889,New York Jets,Buffalo Bills,12,20,-10,43.5,332,-398,-108,-102,-108,-104,10
2022,14,2022-12-11,Sunday,13:00,401437890,Cleveland Browns,Cincinnati Bengals,10,23,-4.5,47,181,-204,-108,-102,-105,-108,4.5
2022,14,2022-12-11,Sunday,13:00,401437891,Houston Texans,Dallas Cowboys,23,27,-17,44.5,918,-1365,104,-115,-104,-108,17
2022,14,2022-12-11,Sunday,16:05,401437899,Kansas City Chiefs,Denver Broncos,34,28,8.5,44.5,-394,329,-108,-103,-100,-112,-8.5
2022,14,2022-12-11,Sunday,13:00,401437892,Minnesota Vikings,Detroit Lions,23,34,-2.5,51.5,119,-132,-108,-102,-102,-110,2.5
2022,14,2022-12-11,Sunday,20:20,401437896,Miami Dolphins,Los Angeles Chargers,17,23,3,54.5,-163,146,-113,102,-110,-102,-3
2022,14,2022-12-11,Sunday,13:00,401437893,Philadelphia Eagles,New York Giants,48,22,7.5,44.5,-302,260,104,-115,-103,-109,-7.5
2022,14,2022-12-11,Sunday,13:00,401437894,Baltimore Ravens,Pittsburgh Steelers,16,14,-1.5,37,112,-124,-101,-109,101,-114,1.5
2022,14,2022-12-11,Sunday,16:25,401437897,Tampa Bay Buccaneers,San Francisco 49ers,7,35,-3.5,38,175,-196,-107,-103,-117,104,3.5
2022,14,2022-12-11,Sunday,16:25,401437898,Carolina Panthers,Seattle Seahawks,30,24,-3.5,44.5,178,-200,106,-117,-104,-109,3.5
2022,14,2022-12-11,Sunday,13:00,401437895,Jacksonville Jaguars,Tennessee Titans,36,22,-3,42,151,-169,106,-117,-101,-112,3
2022,14,2022-12-12,Monday,20:15,401437900,New England Patriots,Arizona Cardinals,27,13,2,44,-125,113,-104,-106,-110,-103,-2
2022,15,2022-12-15,Thursday,20:15,401437901,San Francisco 49ers,Seattle Seahawks,21,13,3,43,-169,152,-115,104,-103,-109,-3
2022,15,2022-12-17,Saturday,20:15,401437902,Miami Dolphins,Buffalo Bills,29,32,-7,44,273,-320,-104,-106,-119,106,7
2022,15,2022-12-17,Saturday,16:30,401437903,Baltimore Ravens,Cleveland Browns,3,13,-2.5,39.5,139,-155,113,-125,-105,-107,2.5
2022,15,2022-12-17,Saturday,13:00,401437904,Indianapolis Colts,Minnesota Vikings,36,39,-3.5,46.5,168,-188,-103,-107,-105,-107,3.5
2022,15,2022-12-18,Sunday,13:00,401437907,Pittsburgh Steelers,Carolina Panthers,24,16,-2.5,36.5,130,-145,-100,-110,-114,101,2.5
2022,15,2022-12-18,Sunday,13:00,401437908,Philadelphia Eagles,Chicago Bears,25,20,8.5,48,-386,323,-104,-106,-103,-110,-8.5
2022,15,2022-12-18,Sunday,16:05,401437912,Arizona Cardinals,Denver Broncos,15,24,-1.5,37.5,110,-121,-104,-106,-103,-110,1.5
2022,15,2022-12-18,Sunday,13:00,401437909,Kansas City Chiefs,Houston Texans,30,24,14.5,48.5,-755,572,109,-120,-103,-109,-14.5
2022,15,2022-12-18,Sunday,13:00,401437910,Dallas Cowboys,Jacksonville Jaguars,34,40,4,48.5,-188,168,100,-110,-110,-103,-4
2022,15,2022-12-18,Sunday,16:05,401437915,New England Patriots,Las Vegas Raiders,24,30,-1,45,117,-129,111,-122,-108,-105,1
2022,15,2022-12-18,Sunday,16:25,401437913,Tennessee Titans,Los Angeles Chargers,14,17,-3,46.5,142,-158,-108,-102,-112,-101,3
2022,15,2022-12-18,Sunday,13:00,401437905,Atlanta Falcons,New Orleans Saints,18,21,-5,43.5,203,-231,103,-113,-103,-109,5
2022,15,2022-12-18,Sunday,13:00,401437911,Detroit Lions,New York Jets,20,17,-2,44,120,-132,-100,-110,-103,-109,2
2022,15,2022-12-18,Sunday,16:25,401437914,Cincinnati Bengals,Tampa Bay Buccaneers,34,23,3.5,47,-167,150,108,-120,-114,101,-3.5
2022,15,2022-12-18,Sunday,20:20,401437906,New York Giants,Washington Commanders,20,12,-4.5,40.5,180,-203,-114,103,-108,-104,4.5
2022,15,2022-12-19,Monday,20:15,401437916,Los Angeles Rams,Green Bay Packers,12,24,-8,39.5,301,-356,-111,101,-111,-101,8
2022,16,2022-12-22,Thursday,20:15,401437917,Jacksonville Jaguars,New York Jets,19,3,-2.5,36.5,123,-136,-104,-106,-106,-106,2.5
2022,16,2022-12-24,Saturday,13:00,401437918,Atlanta Falcons,Baltimore Ravens,9,17,-6.5,35,238,-274,-108,-102,-107,-105,6.5
2022,16,2022-12-24,Saturday,13:00,401437919,Detroit Lions,Carolina Panthers,23,37,2.5,43.5,-129,117,101,-111,-100,-112,-2.5
2022,16,2022-12-24,Saturday,13:00,401437920,Buffalo Bills,Chicago Bears,35,13,8,40,-360,304,-110,-100,-115,102,-8
2022,16,2022-12-24,Saturday,13:00,401437921,New Orleans Saints,Cleveland Browns,17,10,-3,32,162,-181,111,-123,-104,-108,3
2022,16,2022-12-24,Saturday,16:25,401437927,Philadelphia Eagles,Dallas Cowboys,34,40,-4,48,178,-200,-104,-106,-101,-112,4
2022,16,2022-12-24,Saturday,13:00,401437922,Seattle Seahawks,Kansas City Chiefs,10,24,-10.5,50.5,367,-447,-107,-103,-107,-105,10.5
2022,16,2022-12-24,Saturday,13:00,401437923,New York Giants,Minnesota Vikings,24,27,-4.5,48,191,-215,-102,-108,-104,-109,4.5
2022,16,2022-12-24,Saturday,13:00,401437924,Cincinnati Bengals,New England Patriots,22,18,3,42,-151,136,100,-110,-103,-109,-3
2022,16,2022-12-24,Saturday,20:15,401437928,Las Vegas Raiders,Pittsburgh Steelers,10,13,-2.5,38.5,127,-141,-108,-102,-102,-110,2.5
2022,16,2022-12-24,Saturday,16:05,401437926,Washington Commanders,San Francisco 49ers,20,37,-6.5,37.5,241,-279,-107,-103,102,-114,6.5
2022,16,2022-12-24,Saturday,14:00,401437925,Houston Texans,Tennessee Titans,19,14,-3,34,153,-170,103,-113,-101,-111,3
2022,16,2022-12-25,Sunday,20:20,401437930,Tampa Bay Buccaneers,Arizona Cardinals,19,16,7.5,41.5,-320,273,102,-113,-108,-104,-7.5
2022,16,2022-12-25,Sunday,16:30,401436983,Denver Broncos,Los Angeles Rams,14,51,3,36.5,-173,155,-116,105,-103,-109,-3
2022,16,2022-12-25,Sunday,13:00,401437929,Green Bay Packers,Miami Dolphins,26,20,-3.5,49,163,-182,-107,-103,-109,-103,3.5
2022,16,2022-12-26,Monday,20:15,401437931,Los Angeles Chargers,Indianapolis Colts,20,3,3.5,44.5,-185,165,-102,-108,-109,-103,-3.5
2022,17,2022-12-29,Thursday,20:15,401437932,Dallas Cowboys,Tennessee Titans,27,13,14,41,-741,563,-100,-110,101,-113,-14
2022,17,2023-01-01,Sunday,13:00,401437933,Arizona Cardinals,Atlanta Falcons,19,20,-7,41,241,-279,-119,108,100,-113,7
2022,17,2023-01-01,Sunday,20:20,401437934,Pittsburgh Steelers,Baltimore Ravens,16,13,-1,35.5,110,-121,102,-113,-107,-105,1
2022,17,2023-01-01,Sunday,13:00,401437935,Chicago Bears,Detroit Lions,10,41,-4.5,52.5,194,-219,-105,-105,-101,-111,4.5
2022,17,2023-01-01,Sunday,16:25,401437945,Minnesota Vikings,Green Bay Packers,17,41,-3,47.5,155,-173,106,-117,-109,-103,3
2022,17,2023-01-01,Sunday,13:00,401437936,Jacksonville Jaguars,Houston Texans,31,3,3.5,43,-187,167,-104,-106,-115,102,-3.5
2022,17,2023-01-01,Sunday,13:00,401437937,Denver Broncos,Kansas City Chiefs,24,27,-13.5,46,544,-711,-114,104,-108,-104,13.5
2022,17,2023-01-01,Sunday,16:05,401437943,San Francisco 49ers,Las Vegas Raiders,37,34,10,41.5,-453,371,-103,-107,-105,-107,-10
2022,17,2023-01-01,Sunday,16:25,401437946,Los Angeles Rams,Los Angeles Chargers,10,31,-6.5,41.5,244,-283,-102,-108,-100,-112,6.5
2022,17,2023-01-01,Sunday,13:00,401437938,Miami Dolphins,New England Patriots,21,23,-3,41.5,144,-160,-106,-104,-105,-107,3
2022,17,2023-01-01,Sunday,13:00,401437939,Indianapolis Colts,New York Giants,10,38,-5.5,38.5,202,-229,-105,-105,-109,-103,5.5
2022,17,2023-01-01,Sunday,13:00,401437940,New Orleans Saints,Philadelphia Eagles,20,10,-5.5,41.5,198,-225,-110,-100,-113,101,5.5
2022,17,2023-01-01,Sunday,16:05,401437944,New York Jets,Seattle Seahawks,6,23,1,43,-113,102,-105,-105,-109,-103,-1
2022,17,2023-01-01,Sunday,13:00,401437941,Carolina Panthers,Tampa Bay Buccaneers,24,30,-3.5,40.5,164,-184,-110,-100,-109,-103,3.5
2022,17,2023-01-01,Sunday,13:00,401437942,Cleveland Browns,Washington Commanders,24,10,-1,41.5,106,-117,-101,-110,-103,-109,1
2022,18,2023-01-07,Saturday,20:15,401437954,Tennessee Titans,Jacksonville Jaguars,16,20,-6,39.5,227,-260,-106,-104,-106,-106,6
2022,18,2023-01-07,Saturday,16:30,401437961,Kansas City Chiefs,Las Vegas Raiders,31,13,9,51.5,-407,338,-105,-105,-104,-108,-9
2022,18,2023-01-08,Sunday,13:00,401437948,Tampa Bay Buccaneers,Atlanta Falcons,17,30,-6,40.5,207,-235,-110,100,-106,-106,6
2022,18,2023-01-08,Sunday,13:00,401437949,New England Patriots,Buffalo Bills,23,35,-8,44,314,-373,104,-115,-108,-104,8
2022,18,2023-01-08,Sunday,13:00,401437950,Minnesota Vikings,Chicago Bears,29,13,6.5,42.5,-260,227,-104,-106,-109,-103,-6.5
2022,18,2023-01-08,Sunday,13:00,401437951,Baltimore Ravens,Cincinnati Bengals,16,27,-11,39,474,-603,105,-116,-110,-102,11
2022,18,2023-01-08,Sunday,16:25,401437960,Los Angeles Chargers,Denver Broncos,28,31,-6,38.5,222,-254,-104,-106,-110,-103,6
2022,18,2023-01-08,Sunday,20:20,401437952,Detroit Lions,Green Bay Packers,20,16,-5.5,49,237,-273,-110,-100,101,-113,5.5
2022,18,2023-01-08,Sunday,13:00,401437953,Houston Texans,Indianapolis Colts,32,31,-3,38,128,-142,-119,108,-101,-111,3
2022,18,2023-01-08,Sunday,13:00,401437955,New York Jets,Miami Dolphins,6,11,-3.5,37.5,178,-200,-103,-107,-103,-110,3.5
2022,18,2023-01-08,Sunday,13:00,401437956,Carolina Panthers,New Orleans Saints,10,7,-3.5,41.5,160,-179,-114,103,-105,-107,3.5
2022,18,2023-01-08,Sunday,16:25,401437957,New York Giants,Philadelphia Eagles,16,22,-16.5,42.5,858,-1252,-103,-107,-107,-105,16.5
2022,18,2023-01-08,Sunday,13:00,401437958,Cleveland Browns,Pittsburgh Steelers,14,28,-2.5,40,128,-142,-101,-109,-106,-106,2.5
2022,18,2023-01-08,Sunday,16:25,401437962,Arizona Cardinals,San Francisco 49ers,13,38,-14,40,753,-1061,100,-111,-105,-107,14
2022,18,2023-01-08,Sunday,16:25,401437963,Los Angeles Rams,Seattle Seahawks,16,19,-5.5,41.5,198,-224,-112,102,-111,-101,5.5
2022,18,2023-01-08,Sunday,16:25,401437959,Dallas Cowboys,Washington Commanders,6,26,7.5,40.5,-320,274,-100,-110,-108,-104,-7.5
2023,1,2023-09-07,Thursday,20:20,401547353,Detroit Lions,Kansas City Chiefs,21,20,-4,53,164,-198,-110,-110,-110,-110,4
2023,1,2023-09-10,Sunday,13:00,401547403,Carolina Panthers,Atlanta Falcons,10,24,-3.5,40.5,160,-192,-108,-112,-110,-110,3.5
2023,1,2023-09-10,Sunday,13:00,401547396,Houston Texans,Baltimore Ravens,9,25,-9.5,43.5,380,-500,-110,-110,-110,-110,9.5
2023,1,2023-09-10,Sunday,16:25,401547407,Green Bay Packers,Chicago Bears,38,20,-1,41,-102,-118,-110,-110,-108,-112,1
2023,1,2023-09-10,Sunday,13:00,401547397,Cincinnati Bengals,Cleveland Browns,3,24,1,46.5,-112,-108,-105,-115,-110,-110,-1
2023,1,2023-09-10,Sunday,16:25,401547400,Las Vegas Raiders,Denver Broncos,17,16,-3,43,136,-162,-105,-115,-110,-110,3
2023,1,2023-09-10,Sunday,13:00,401547404,Jacksonville Jaguars,Indianapolis Colts,31,21,4,45.5,-205,170,-108,-112,-110,-110,-4
2023,1,2023-09-10,Sunday,16:25,401547401,Miami Dolphins,Los Angeles Chargers,36,34,-3,50.5,136,-162,-110,-110,-110,-110,3
2023,1,2023-09-10,Sunday,13:00,401547398,Tampa Bay Buccaneers,Minnesota Vikings,20,17,-4,45,170,-205,-110,-110,-110,-110,4
2023,1,2023-09-10,Sunday,16:25,401547402,Philadelphia Eagles,New England Patriots,25,20,3.5,44.5,-185,154,-110,-110,-108,-112,-3.5
2023,1,2023-09-10,Sunday,13:00,401547399,Tennessee Titans,New Orleans Saints,15,16,-3,41,124,-148,-118,-102,-110,-110,3
2023,1,2023-09-10,Sunday,20:20,401547409,Dallas Cowboys,New York Giants,40,0,3.5,44.5,-170,142,100,-120,-110,-110,-3.5
2023,1,2023-09-10,Sunday,13:00,401547405,San Francisco 49ers,Pittsburgh Steelers,30,7,1.5,41.5,-120,100,-108,-112,-110,-110,-1.5
2023,1,2023-09-10,Sunday,16:25,401547408,Los Angeles Rams,Seattle Seahawks,30,13,-4.5,45,180,-218,-110,-110,-110,-110,4.5
2023,1,2023-09-10,Sunday,13:00,401547406,Arizona Cardinals,Washington Commanders,16,20,-7,38,270,-340,-108,-112,-110,-110,7
2023,1,2023-09-11,Monday,20:15,401547352,Buffalo Bills,New York Jets,16,22,2.5,44.5,-135,114,-110,-110,-110,-110,-2.5
2023,2,2023-09-14,Thursday,20:15,401547410,Minnesota Vikings,Philadelphia Eagles,28,34,-6,49,195,-238,-110,-110,-110,-110,6
2023,2,2023-09-17,Sunday,16:05,401547421,New York Giants,Arizona Cardinals,31,28,5,40,-225,185,-110,-110,-110,-110,-5
2023,2,2023-09-17,Sunday,13:00,401547417,Green Bay Packers,Atlanta Falcons,24,25,-3,40.5,124,-148,-115,-105,-110,-110,3
2023,2,2023-09-17,Sunday,13:00,401547411,Las Vegas Raiders,Buffalo Bills,10,38,-7.5,47,280,-355,-110,-110,-110,-110,7.5
2023,2,2023-09-17,Sunday,13:00,401547412,Baltimore Ravens,Cincinnati Bengals,27,24,-3.5,45.5,145,-175,-118,-102,-110,-110,3.5
2023,2,2023-09-17,Sunday,16:25,401547415,New York Jets,Dallas Cowboys,10,30,-8.5,38.5,300,-380,-110,-110,-110,-110,8.5
2023,2,2023-09-17,Sunday,16:25,401547416,Washington Commanders,Denver Broncos,35,33,-4,38.5,164,-198,-110,-110,-110,-110,4
2023,2,2023-09-17,Sunday,13:00,401547418,Seattle Seahawks,Detroit Lions,37,31,-4.5,47.5,180,-218,-110,-110,-112,-108,4.5
2023,2,2023-09-17,Sunday,13:00,401547419,Indianapolis Colts,Houston Texans,31,20,1,40,-110,-110,-105,-115,-110,-110,-1
2023,2,2023-09-17,Sunday,13:00,401547413,Kansas City Chiefs,Jacksonville Jaguars,17,9,3.5,50.5,-170,142,-102,-118,-110,-110,-3.5
2023,2,2023-09-17,Sunday,16:05,401547422,San Francisco 49ers,Los Angeles Rams,30,23,7.5,45,-340,270,-105,-115,-110,-110,-7.5
2023,2,2023-09-17,Sunday,20:20,401547423,Miami Dolphins,New England Patriots,24,17,2,46.5,-130,110,-112,-108,-108,-112,-2
2023,2,2023-09-17,Sunday,13:00,401547420,Chicago Bears,Tampa Bay Buccaneers,17,27,-2.5,41,114,-135,-110,-110,-110,-110,2.5
2023,2,2023-09-17,Sunday,13:00,401547414,Los Angeles Chargers,Tennessee Titans,24,27,2.5,45.5,-142,120,-118,-102,-110,-110,-2.5
2023,2,2023-09-18,Monday,19:15,401547425,New Orleans Saints,Carolina Panthers,20,17,3,39.5,-175,145,-118,-102,-112,-108,-3
2023,2,2023-09-18,Monday,20:15,401547424,Cleveland Browns,Pittsburgh Steelers,22,26,2.5,39,-148,124,-115,-105,-110,-110,-2.5
2023,3,2023-09-21,Thursday,20:15,401547426,New York Giants,San Francisco 49ers,12,30,-10.5,43.5,400,-535,-105,-115,-112,-108,10.5
2023,3,2023-09-24,Sunday,16:25,401547437,Dallas Cowboys,Arizona Cardinals,16,28,11.5,43.5,-650,470,-110,-110,-110,-110,-11.5
2023,3,2023-09-24,Sunday,13:00,401547427,Indianapolis Colts,Baltimore Ravens,22,19,-7.5,43.5,300,-380,-110,-110,-110,-110,7.5
2023,3,2023-09-24,Sunday,13:00,401547428,Tennessee Titans,Cleveland Browns,3,27,-3.5,38,154,-185,-110,-110,-110,-110,3.5
2023,3,2023-09-24,Sunday,13:00,401547433,Atlanta Falcons,Detroit Lions,6,20,-3,47.5,140,-166,100,-120,-112,-108,3
2023,3,2023-09-24,Sunday,13:00,401547434,New Orleans Saints,Green Bay Packers,17,18,1.5,41.5,-125,105,-110,-110,-110,-110,-1.5
2023,3,2023-09-24,Sunday,13:00,401547435,Houston Texans,Jacksonville Jaguars,37,17,-7.5,43.5,300,-380,-110,-110,-110,-110,7.5
2023,3,2023-09-24,Sunday,16:25,401547438,Chicago Bears,Kansas City Chiefs,10,41,-13,48,525,-750,-110,-110,-110,-110,13
2023,3,2023-09-24,Sunday,20:20,401547439,Pittsburgh Steelers,Las Vegas Raiders,23,18,-3,43.5,124,-148,-110,-110,-110,-110,3
2023,3,2023-09-24,Sunday,13:00,401547429,Denver Broncos,Miami Dolphins,20,70,-6,47.5,205,-250,-110,-110,-110,-110,6
2023,3,2023-09-24,Sunday,13:00,401547436,Los Angeles Chargers,Minnesota Vikings,28,24,-1,54,-110,-110,-115,-105,-110,-110,1
2023,3,2023-09-24,Sunday,13:00,401547430,New England Patriots,New York Jets,15,10,2.5,35.5,-142,120,-112,-108,-110,-110,-2.5
2023,3,2023-09-24,Sunday,16:05,401547432,Carolina Panthers,Seattle Seahawks,27,37,-5,42.5,185,-225,-110,-110,-110,-110,5
2023,3,2023-09-24,Sunday,13:00,401547431,Buffalo Bills,Washington Commanders,37,3,5.5,44,-245,200,-115,-105,-112,-108,-5.5
2023,3,2023-09-25,Monday,20:15,401547441,Los Angeles Rams,Cincinnati Bengals,16,19,-3,45.5,136,-162,100,-120,-112,-108,3
2023,3,2023-09-25,Monday,19:15,401547440,Philadelphia Eagles,Tampa Bay Buccaneers,25,11,6,44,-258,210,-110,-110,-112,-108,-6
2023,4,2023-09-28,Thursday,20:15,401547442,Detroit Lions,Green Bay Packers,34,20,2.5,45,-142,120,-118,-102,-110,-110,-2.5
2023,4,2023-10-01,Sunday,13:00,401547443,Miami Dolphins,Buffalo Bills,20,48,-2.5,53,120,-142,100,-120,-110,-110,2.5
2023,4,2023-10-01,Sunday,13:00,401547448,Minnesota Vikings,Carolina Panthers,21,13,4.5,46.5,-225,185,-112,-108,-110,-110,-4.5
2023,4,2023-10-01,Sunday,13:00,401547444,Denver Broncos,Chicago Bears,31,28,3,47,-162,136,-112,-108,-110,-110,-3
2023,4,2023-10-01,Sunday,13:00,401547445,Baltimore Ravens,Cleveland Browns,28,3,2,38.5,-135,114,-110,-110,-110,-110,-2
2023,4,2023-10-01,Sunday,16:25,401547453,New England Patriots,Dallas Cowboys,3,38,-6.5,43,230,-285,-108,-112,-110,-110,6.5
2023,4,2023-10-01,Sunday,13:00,401547446,Pittsburgh Steelers,Houston Texans,6,30,3,41.5,-162,136,-110,-110,-110,-110,-3
2023,4,2023-10-01,Sunday,13:00,401547449,Los Angeles Rams,Indianapolis Colts,29,23,1,44.5,-115,-105,-110,-110,-110,-110,-1
2023,4,2023-10-01,Sunday,09:30,401547227,Atlanta Falcons,Jacksonville Jaguars,7,23,-3.5,42.5,154,-185,-110,-110,-108,-112,3.5
2023,4,2023-10-01,Sunday,16:05,401547447,Las Vegas Raiders,Los Angeles Chargers,17,24,-7,49,250,-310,-115,-105,-110,-110,7
2023,4,2023-10-01,Sunday,13:00,401547450,Tampa Bay Buccaneers,New Orleans Saints,26,9,-4,41,170,-205,-110,-110,-110,-110,4
2023,4,2023-10-01,Sunday,20:20,401547455,Kansas City Chiefs,New York Jets,23,20,9.5,41.5,-485,370,-110,-110,-115,-105,-9.5
2023,4,2023-10-01,Sunday,13:00,401547451,Washington Commanders,Philadelphia Eagles,31,34,-9.5,43,350,-455,-110,-110,-110,-110,9.5
2023,4,2023-10-01,Sunday,16:25,401547454,Arizona Cardinals,San Francisco 49ers,16,35,-15,44,700,-1100,-108,-112,-115,-105,15
2023,4,2023-10-01,Sunday,13:00,401547452,Cincinnati Bengals,Tennessee Titans,3,27,2.5,41.5,-162,136,-120,100,-112,-108,-2.5
2023,4,2023-10-02,Monday,20:15,401547456,Seattle Seahawks,New York Giants,24,3,2.5,46.5,-142,120,-115,-105,-105,-115,-2.5
2023,5,2023-10-05,Thursday,20:15,401547457,Chicago Bears,Washington Commanders,40,20,-6,45.5,210,-258,-110,-110,-108,-112,6
2023,5,2023-10-08,Sunday,16:05,401547466,Cincinnati Bengals,Arizona Cardinals,34,20,3,45.5,-170,142,-120,100,-110,-110,-3
2023,5,2023-10-08,Sunday,13:00,401547463,Houston Texans,Atlanta Falcons,19,21,-2.5,42,120,-142,-110,-110,-110,-110,2.5
2023,5,2023-10-08,Sunday,09:30,401547228,Jacksonville Jaguars,Buffalo Bills,25,20,-5.5,48.5,205,-250,-110,-110,-112,-108,5.5
2023,5,2023-10-08,Sunday,16:25,401547461,New York Jets,Denver Broncos,31,21,-2.5,42.5,114,-135,-110,-110,-110,-110,2.5
2023,5,2023-10-08,Sunday,13:00,401547464,Carolina Panthers,Detroit Lions,24,42,-9.5,43.5,350,-455,-110,-110,-110,-110,9.5
2023,5,2023-10-08,Sunday,13:00,401547458,Tennessee Titans,Indianapolis Colts,16,23,2.5,43.5,-142,120,-110,-110,-110,-110,-2.5
2023,5,2023-10-08,Sunday,16:05,401547467,Philadelphia Eagles,Los Angeles Rams,23,14,3.5,50.5,-192,160,-110,-110,-110,-110,-3.5
2023,5,2023-10-08,Sunday,13:00,401547465,New York Giants,Miami Dolphins,16,31,-12.5,47.5,525,-750,-110,-110,-112,-108,12.5
2023,5,2023-10-08,Sunday,16:25,401547462,Kansas City Chiefs,Minnesota Vikings,27,20,3.5,52.5,-180,150,-105,-115,-110,-110,-3.5
2023,5,2023-10-08,Sunday,13:00,401547459,New Orleans Saints,New England Patriots,34,0,-2.5,38.5,114,-135,-110,-110,-110,-110,2.5
2023,5,2023-10-08,Sunday,13:00,401547460,Baltimore Ravens,Pittsburgh Steelers,10,17,4.5,38.5,-230,190,-112,-108,-110,-110,-4.5
2023,5,2023-10-08,Sunday,20:20,401547354,Dallas Cowboys,San Francisco 49ers,10,42,-3.5,45,150,-180,-115,-105,-115,-105,3.5
2023,5,2023-10-09,Monday,20:15,401547468,Green Bay Packers,Las Vegas Raiders,13,17,-1,45,-102,-118,-110,-110,-110,-110,1
2023,6,2023-10-12,Thursday,20:15,401547469,Denver Broncos,Kansas City Chiefs,8,19,-10.5,47.5,470,-650,-108,-112,-108,-112,10.5
2023,6,2023-10-15,Sunday,13:00,401547470,Washington Commanders,Atlanta Falcons,24,16,-1.5,42,105,-125,-108,-112,-110,-110,1.5
2023,6,2023-10-15,Sunday,20:20,401547481,New York Giants,Buffalo Bills,9,14,-15.5,43.5,750,-1200,-110,-110,-110,-110,15.5
2023,6,2023-10-15,Sunday,13:00,401547475,Minnesota Vikings,Chicago Bears,19,13,3,44.5,-166,140,-115,-105,-108,-112,-3
2023,6,2023-10-15,Sunday,13:00,401547471,Seattle Seahawks,Cincinnati Bengals,13,17,-3,45.5,130,-155,-112,-108,-112,-108,3
2023,6,2023-10-15,Sunday,13:00,401547476,San Francisco 49ers,Cleveland Browns,17,19,9.5,36,-470,360,-115,-105,-110,-110,-9.5
2023,6,2023-10-15,Sunday,13:00,401547477,New Orleans Saints,Houston Texans,13,20,2,42.5,-130,110,-110,-110,-108,-112,-2
2023,6,2023-10-15,Sunday,13:00,401547472,Indianapolis Colts,Jacksonville Jaguars,20,37,-4,44,170,-205,-110,-110,-110,-110,4
2023,6,2023-10-15,Sunday,16:05,401547474,New England Patriots,Las Vegas Raiders,17,21,-3,41.5,124,-148,-118,-102,-110,-110,3
2023,6,2023-10-15,Sunday,16:25,401547479,Arizona Cardinals,Los Angeles Rams,9,26,-7,48,270,-340,-105,-115,-110,-110,7
2023,6,2023-10-15,Sunday,13:00,401547473,Carolina Panthers,Miami Dolphins,21,42,-14,47.5,700,-1100,-110,-110,-108,-112,14
2023,6,2023-10-15,Sunday,16:25,401547480,Philadelphia Eagles,New York Jets,14,20,6.5,43,-305,245,-115,-105,-115,-105,-6.5
2023,6,2023-10-15,Sunday,16:25,401547478,Detroit Lions,Tampa Bay Buccaneers,20,6,3,43.5,-162,136,-115,-105,-108,-112,-3
2023,6,2023-10-15,Sunday,09:30,401547229,Baltimore Ravens,Tennessee Titans,24,16,5.5,42.5,-250,205,-112,-108,-110,-110,-5.5
2023,6,2023-10-16,Monday,20:15,401547482,Dallas Cowboys,Los Angeles Chargers,20,17,1.5,49.5,-130,110,-112,-108,-112,-108,-1.5
2023,7,2023-10-19,Thursday,20:15,401547483,Jacksonville Jaguars,New Orleans Saints,31,24,-2.5,41,124,-148,-108,-112,-110,-110,2.5
2023,7,2023-10-22,Sunday,13:00,401547489,Detroit Lions,Baltimore Ravens,6,38,-3,43.5,136,-162,-105,-115,-112,-108,3
2023,7,2023-10-22,Sunday,13:00,401547490,Las Vegas Raiders,Chicago Bears,12,30,2.5,38.5,-142,120,-110,-110,-110,-110,-2.5
2023,7,2023-10-22,Sunday,16:25,401547487,Green Bay Packers,Denver Broncos,17,19,-1.5,44,-102,-118,-112,-108,-110,-110,1.5
2023,7,2023-10-22,Sunday,13:00,401547484,Cleveland Browns,Indianapolis Colts,39,38,3.5,40,-180,150,-108,-112,-110,-110,-3.5
2023,7,2023-10-22,Sunday,16:25,401547488,Los Angeles Chargers,Kansas City Chiefs,17,31,-5.5,48.5,215,-265,-105,-115,-112,-108,5.5
2023,7,2023-10-22,Sunday,16:05,401547492,Pittsburgh Steelers,Los Angeles Rams,24,17,-3.5,44,145,-175,-118,-102,-108,-112,3.5
2023,7,2023-10-22,Sunday,13:00,401547485,Buffalo Bills,New England Patriots,25,29,7.5,41,-395,310,-110,-110,-110,-110,-7.5
2023,7,2023-10-22,Sunday,13:00,401547486,Washington Commanders,New York Giants,7,14,3,37,-162,136,-108,-112,-108,-112,-3
2023,7,2023-10-22,Sunday,20:20,401547494,Miami Dolphins,Philadelphia Eagles,17,31,-3,52,130,-155,-112,-108,-110,-110,3
2023,7,2023-10-22,Sunday,16:05,401547493,Arizona Cardinals,Seattle Seahawks,10,20,-9.5,43.5,350,-455,-112,-108,-110,-110,9.5
2023,7,2023-10-22,Sunday,13:00,401547491,Atlanta Falcons,Tampa Bay Buccaneers,16,13,-3,37.5,124,-148,-115,-105,-105,-115,3
2023,7,2023-10-23,Monday,20:15,401547495,San Francisco 49ers,Minnesota Vikings,17,22,7,44.5,-325,260,-105,-115,-110,-110,-7
2023,8,2023-10-26,Thursday,20:15,401547496,Tampa Bay Buccaneers,Buffalo Bills,18,24,-10,43,370,-485,-112,-108,-110,-110,10
2023,8,2023-10-29,Sunday,16:25,401547501,Baltimore Ravens,Arizona Cardinals,31,24,9.5,44.5,-500,380,-110,-110,-110,-110,-9.5
2023,8,2023-10-29,Sunday,13:00,401547504,Houston Texans,Carolina Panthers,13,15,3,43,-162,136,-118,-102,-110,-110,-3
2023,8,2023-10-29,Sunday,13:00,401547505,Los Angeles Rams,Dallas Cowboys,20,43,-6.5,44.5,250,-310,-105,-115,-110,-110,6.5
2023,8,2023-10-29,Sunday,16:25,401547502,Kansas City Chiefs,Denver Broncos,9,24,7,45.5,-340,270,-102,-118,-110,-110,-7
2023,8,2023-10-29,Sunday,13:00,401547506,Minnesota Vikings,Green Bay Packers,24,10,1,41.5,-112,-108,-108,-112,-112,-108,-1
2023,8,2023-10-29,Sunday,13:00,401547507,New Orleans Saints,Indianapolis Colts,38,27,2,43.5,-130,110,-110,-110,-110,-110,-2
2023,8,2023-10-29,Sunday,20:20,401547510,Chicago Bears,Los Angeles Chargers,13,30,-9.5,46,340,-440,-108,-112,-108,-112,9.5
2023,8,2023-10-29,Sunday,13:00,401547497,New England Patriots,Miami Dolphins,17,31,-7.5,46.5,300,-380,-110,-110,-110,-110,7.5
2023,8,2023-10-29,Sunday,13:00,401547498,New York Jets,New York Giants,13,10,3,35,-162,136,-115,-105,-108,-112,-3
2023,8,2023-10-29,Sunday,13:00,401547499,Jacksonville Jaguars,Pittsburgh Steelers,20,10,2.5,41,-135,114,-110,-110,-110,-110,-2.5
2023,8,2023-10-29,Sunday,16:25,401547503,Cincinnati Bengals,San Francisco 49ers,31,17,-4,44,170,-205,-105,-115,-110,-110,4
2023,8,2023-10-29,Sunday,16:05,401547509,Cleveland Browns,Seattle Seahawks,20,24,-4,39.5,164,-198,-110,-110,-108,-112,4
2023,8,2023-10-29,Sunday,13:00,401547500,Atlanta Falcons,Tennessee Titans,23,28,2.5,35,-130,110,-110,-110,-110,-110,-2.5
2023,8,2023-10-29,Sunday,13:00,401547508,Philadelphia Eagles,Washington Commanders,38,31,7,42.5,-305,245,-110,-110,-110,-110,-7
2023,8,2023-10-30,Monday,20:15,401547511,Las Vegas Raiders,Detroit Lions,14,26,-7,46,270,-340,-110,-110,-110,-110,7
2023,9,2023-11-02,Thursday,20:15,401547512,Tennessee Titans,Pittsburgh Steelers,16,20,-3.5,37,145,-175,-120,100,-112,-108,3.5
2023,9,2023-11-05,Sunday,13:00,401547518,Minnesota Vikings,Atlanta Falcons,31,28,-3.5,38.5,160,-192,-108,-112,-108,-112,3.5
2023,9,2023-11-05,Sunday,13:00,401547513,Seattle Seahawks,Baltimore Ravens,3,37,-6,44.5,220,-270,-110,-110,-108,-112,6
2023,9,2023-11-05,Sunday,16:05,401547517,Indianapolis Colts,Carolina Panthers,27,13,1.5,45,-130,110,-108,-112,-110,-110,-1.5
2023,9,2023-11-05,Sunday,20:20,401547523,Buffalo Bills,Cincinnati Bengals,18,24,-1.5,51,105,-125,-108,-112,-110,-110,1.5
2023,9,2023-11-05,Sunday,13:00,401547514,Arizona Cardinals,Cleveland Browns,0,27,-13,38,525,-750,-112,-108,-110,-110,13
2023,9,2023-11-05,Sunday,13:00,401547519,Los Angeles Rams,Green Bay Packers,3,20,-3.5,38,160,-198,-108,-112,-108,-112,3.5
2023,9,2023-11-05,Sunday,13:00,401547515,Tampa Bay Buccaneers,Houston Texans,37,39,-2.5,39.5,124,-148,100,-120,-110,-110,2.5
2023,9,2023-11-05,Sunday,09:30,401547230,Miami Dolphins,Kansas City Chiefs,14,21,-1,51,-105,-115,-112,-108,-112,-108,1
2023,9,2023-11-05,Sunday,16:25,401547521,New York Giants,Las Vegas Raiders,6,30,-1,38.5,-102,-118,-110,-110,-108,-112,1
2023,9,2023-11-05,Sunday,13:00,401547520,Washington Commanders,New England Patriots,20,17,-2.5,40.5,130,-155,100,-120,-110,-110,2.5
2023,9,2023-11-05,Sunday,13:00,401547516,Chicago Bears,New Orleans Saints,17,24,-9,42,340,-440,-108,-112,-110,-110,9
2023,9,2023-11-05,Sunday,16:25,401547522,Dallas Cowboys,Philadelphia Eagles,23,28,-3.5,46.5,145,-175,-118,-102,-110,-110,3.5
2023,9,2023-11-06,Monday,20:15,401547524,Los Angeles Chargers,New York Jets,27,6,3,41,-170,142,-118,-102,-110,-110,-3
2023,10,2023-11-09,Thursday,20:15,401547525,Carolina Panthers,Chicago Bears,13,16,-3,38,150,-180,100,-120,-115,-105,3
2023,10,2023-11-12,Sunday,16:05,401547529,Atlanta Falcons,Arizona Cardinals,23,25,2,43.5,-130,110,-110,-110,-112,-108,-2
2023,10,2023-11-12,Sunday,13:00,401547531,Cleveland Browns,Baltimore Ravens,33,31,-6,38.5,210,-258,-112,-108,-112,-108,6
2023,10,2023-11-12,Sunday,13:00,401547526,Houston Texans,Cincinnati Bengals,30,27,-5.5,46,205,-250,-110,-110,-110,-110,5.5
2023,10,2023-11-12,Sunday,16:25,401547534,New York Giants,Dallas Cowboys,17,49,-17.5,38.5,1100,-2100,-108,-112,-112,-108,17.5
2023,10,2023-11-12,Sunday,13:00,401547532,San Francisco 49ers,Jacksonville Jaguars,34,3,3,44.5,-170,142,-112,-108,-108,-112,-3
2023,10,2023-11-12,Sunday,20:20,401547536,New York Jets,Las Vegas Raiders,12,16,1,35.5,-115,-105,-108,-112,-108,-112,-1
2023,10,2023-11-12,Sunday,16:05,401547530,Detroit Lions,Los Angeles Chargers,41,38,2.5,48.5,-142,120,-110,-110,-110,-110,-2.5
2023,10,2023-11-12,Sunday,13:00,401547533,New Orleans Saints,Minnesota Vikings,19,27,3,41,-155,130,-105,-115,-108,-112,-3
2023,10,2023-11-12,Sunday,09:30,401547231,Indianapolis Colts,New England Patriots,10,6,1,42,-118,-102,-110,-110,-110,-110,-1
2023,10,2023-11-12,Sunday,13:00,401547527,Green Bay Packers,Pittsburgh Steelers,19,23,-3,38.5,140,-166,100,-120,-108,-112,3
2023,10,2023-11-12,Sunday,16:25,401547535,Washington Commanders,Seattle Seahawks,26,29,-6,44,220,-270,-110,-110,-108,-112,6
2023,10,2023-11-12,Sunday,13:00,401547528,Tennessee Titans,Tampa Bay Buccaneers,6,20,-2.5,39.5,120,-142,-105,-115,-110,-110,2.5
2023,10,2023-11-13,Monday,20:15,401547537,Denver Broncos,Buffalo Bills,24,22,-7.5,47.5,310,-395,-112,-108,-108,-112,7.5
2023,11,2023-11-16,Thursday,20:15,401547538,Cincinnati Bengals,Baltimore Ravens,20,34,-4,46.5,170,-205,-112,-108,-108,-112,4
2023,11,2023-11-19,Sunday,16:25,401547543,New York Jets,Buffalo Bills,6,32,-8,39.5,310,-395,-108,-112,-108,-112,8
2023,11,2023-11-19,Sunday,13:00,401547545,Dallas Cowboys,Carolina Panthers,33,10,11,43,-650,470,-110,-110,-112,-108,-11
2023,11,2023-11-19,Sunday,13:00,401547539,Pittsburgh Steelers,Cleveland Browns,10,13,-2.5,34,120,-142,-105,-115,-112,-108,2.5
2023,11,2023-11-19,Sunday,20:20,401547550,Minnesota Vikings,Denver Broncos,20,21,-2.5,43.5,120,-142,-102,-118,-105,-115,2.5
2023,11,2023-11-19,Sunday,13:00,401547546,Chicago Bears,Detroit Lions,26,31,-8,48,340,-440,-110,-110,-110,-110,8
2023,11,2023-11-19,Sunday,13:00,401547547,Los Angeles Chargers,Green Bay Packers,20,23,3,44,-162,136,-110,-110,-112,-108,-3
2023,11,2023-11-19,Sunday,13:00,401547540,Arizona Cardinals,Houston Texans,16,21,-5.5,48,205,-250,-108,-112,-110,-110,5.5
2023,11,2023-11-19,Sunday,13:00,401547541,Tennessee Titans,Jacksonville Jaguars,14,34,-6.5,40,235,-290,-105,-115,-110,-110,6.5
2023,11,2023-11-19,Sunday,16:25,401547544,Seattle Seahawks,Los Angeles Rams,16,17,-2.5,45,114,-135,-110,-110,-112,-108,2.5
2023,11,2023-11-19,Sunday,13:00,401547542,Las Vegas Raiders,Miami Dolphins,13,20,-14,44.5,700,-1100,-110,-110,-110,-110,14
2023,11,2023-11-19,Sunday,16:05,401547549,Tampa Bay Buccaneers,San Francisco 49ers,14,27,-13.5,41.5,625,-950,-110,-110,-112,-108,13.5
2023,11,2023-11-19,Sunday,13:00,401547548,New York Giants,Washington Commanders,31,19,-7.5,39,310,-395,-110,-110,-110,-110,7.5
2023,11,2023-11-20,Monday,20:15,401547345,Philadelphia Eagles,Kansas City Chiefs,21,17,-2.5,46,124,-148,100,-120,-112,-108,2.5
2023,12,2023-11-23,Thursday,16:30,401547551,Washington Commanders,Dallas Cowboys,10,45,-13,48,550,-800,-110,-110,-110,-112,13
2023,12,2023-11-23,Thursday,12:30,401547552,Green Bay Packers,Detroit Lions,29,22,-8.5,47,330,-425,-105,-115,-112,-108,8.5
2023,12,2023-11-23,Thursday,20:20,401547553,San Francisco 49ers,Seattle Seahawks,31,13,7,43.5,-355,280,-112,-108,-105,-115,-7
2023,12,2023-11-24,Friday,15:00,401547242,Miami Dolphins,New York Jets,34,13,9.5,40,-500,380,-120,100,-110,-110,-9.5
2023,12,2023-11-26,Sunday,16:05,401547562,Los Angeles Rams,Arizona Cardinals,37,14,3,45,-148,124,-105,-115,-108,-112,-3
2023,12,2023-11-26,Sunday,13:00,401547559,New Orleans Saints,Atlanta Falcons,15,24,2,42,-130,110,-110,-110,-110,-110,-2
2023,12,2023-11-26,Sunday,13:00,401547554,Pittsburgh Steelers,Cincinnati Bengals,16,10,2,36,-135,114,-112,-108,-112,-108,-2
2023,12,2023-11-26,Sunday,16:05,401547563,Cleveland Browns,Denver Broncos,12,29,-1.5,37.5,105,-125,-110,-110,-110,-110,1.5
2023,12,2023-11-26,Sunday,13:00,401547555,Jacksonville Jaguars,Houston Texans,24,21,1,48,-115,-105,-110,-110,-112,-108,-1
2023,12,2023-11-26,Sunday,13:00,401547556,Tampa Bay Buccaneers,Indianapolis Colts,20,27,-2.5,45,130,-155,-105,-115,-108,-112,2.5
2023,12,2023-11-26,Sunday,16:25,401547557,Kansas City Chiefs,Las Vegas Raiders,31,17,9,42.5,-500,380,-110,-110,-108,-112,-9
2023,12,2023-11-26,Sunday,20:20,401547564,Baltimore Ravens,Los Angeles Chargers,20,10,3,49,-170,142,-115,-105,-110,-110,-3
2023,12,2023-11-26,Sunday,13:00,401547560,New England Patriots,New York Giants,7,10,4.5,36.5,-218,180,-108,-112,-115,-105,-4.5
2023,12,2023-11-26,Sunday,16:25,401547558,Buffalo Bills,Philadelphia Eagles,34,37,-2.5,49,124,-148,-105,-115,-112,-108,2.5
2023,12,2023-11-26,Sunday,13:00,401547561,Carolina Panthers,Tennessee Titans,10,17,-3.5,36,145,-175,-112,-105,-108,-112,3.5
2023,12,2023-11-27,Monday,20:15,401547565,Chicago Bears,Minnesota Vikings,12,10,-3,43.5,140,-166,-105,-115,-110,-110,3
2023,13,2023-11-30,Thursday,20:15,401547566,Seattle Seahawks,Dallas Cowboys,35,41,-9.5,47.5,380,-500,-102,-118,-110,-110,9.5
2023,13,2023-12-03,Sunday,20:20,401547576,Kansas City Chiefs,Green Bay Packers,19,27,5.5,43.5,-265,215,-118,-102,-115,-105,-5.5
2023,13,2023-12-03,Sunday,13:00,401547571,Denver Broncos,Houston Texans,17,22,-3.5,47.5,142,-170,-122,102,-110,-110,3.5
2023,13,2023-12-03,Sunday,16:25,401547575,Cleveland Browns,Los Angeles Rams,19,36,-3.5,39.5,160,-192,-110,-110,-110,-110,3.5
2023,13,2023-12-03,Sunday,13:00,401547567,Los Angeles Chargers,New England Patriots,6,0,4.5,38.5,-225,185,-110,-110,-112,-108,-4.5
2023,13,2023-12-03,Sunday,13:00,401547572,Detroit Lions,New Orleans Saints,33,28,4,47.5,-198,164,-110,-110,-112,-108,-4
2023,13,2023-12-03,Sunday,13:00,401547573,Atlanta Falcons,New York Jets,13,8,2,33,-125,105,-108,-112,-110,-110,-2
2023,13,2023-12-03,Sunday,16:25,401547276,San Francisco 49ers,Philadelphia Eagles,42,19,3,46.5,-148,124,-105,-115,-112,-108,-3
2023,13,2023-12-03,Sunday,13:00,401547568,Arizona Cardinals,Pittsburgh Steelers,24,10,-6,41,230,-285,-105,-115,-108,-112,6
2023,13,2023-12-03,Sunday,16:05,401547569,Carolina Panthers,Tampa Bay Buccaneers,18,21,-4,37,164,-198,-110,-110,-110,-110,4
2023,13,2023-12-03,Sunday,13:00,401547570,Indianapolis Colts,Tennessee Titans,31,28,1.5,42,-122,102,-110,-110,-112,-108,-1.5
2023,13,2023-12-03,Sunday,13:00,401547574,Miami Dolphins,Washington Commanders,45,15,8.5,50,-455,350,-112,-108,-110,-110,-8.5
2023,13,2023-12-04,Monday,20:15,401547577,Cincinnati Bengals,Jacksonville Jaguars,34,31,-10,41,410,-550,-105,-115,-115,-105,10
2023,14,2023-12-07,Thursday,20:15,401547578,New England Patriots,Pittsburgh Steelers,21,18,-6,30,220,-270,-118,-102,-115,-105,6
2023,14,2023-12-10,Sunday,13:00,401547579,Tampa Bay Buccaneers,Atlanta Falcons,29,25,-1.5,41.5,105,-125,-108,-112,-110,-110,1.5
2023,14,2023-12-10,Sunday,13:00,401547585,Los Angeles Rams,Baltimore Ravens,31,37,-7.5,42,285,-360,-115,-105,-110,-110,7.5
2023,14,2023-12-10,Sunday,13:00,401547586,Detroit Lions,Chicago Bears,13,28,3,44.5,-170,142,-120,100,-110,-110,-3
2023,14,2023-12-10,Sunday,13:00,401547580,Indianapolis Colts,Cincinnati Bengals,14,34,-3,45,124,-148,-118,-102,-110,-110,3
2023,14,2023-12-10,Sunday,13:00,401547581,Jacksonville Jaguars,Cleveland Browns,27,31,-2.5,37.5,120,-142,-108,-112,-110,-110,2.5
2023,14,2023-12-10,Sunday,20:20,401547590,Philadelphia Eagles,Dallas Cowboys,13,33,-3.5,52.5,145,-175,-118,-102,-110,-110,3.5
2023,14,2023-12-10,Sunday,16:25,401547583,Buffalo Bills,Kansas City Chiefs,20,17,-2,49.5,105,-125,-110,-110,-110,-110,2
2023,14,2023-12-10,Sunday,16:05,401547588,Minnesota Vikings,Las Vegas Raiders,3,0,3,40.5,-155,130,-108,-112,-112,-108,-3
2023,14,2023-12-10,Sunday,16:25,401547584,Denver Broncos,Los Angeles Chargers,24,7,-3,45,136,-162,-112,-108,-110,-110,3
2023,14,2023-12-10,Sunday,13:00,401547587,Carolina Panthers,New Orleans Saints,6,28,-5.5,39,200,-245,-110,-110,-110,-110,5.5
2023,14,2023-12-10,Sunday,13:00,401547582,Houston Texans,New York Jets,6,30,3.5,33.5,-175,145,-108,-112,-110,-110,-3.5
2023,14,2023-12-10,Sunday,16:05,401547589,Seattle Seahawks,San Francisco 49ers,16,28,-14.5,44.5,650,-1000,-110,-110,-110,-110,14.5
2023,14,2023-12-11,Monday,20:15,401547592,Tennessee Titans,Miami Dolphins,28,27,-14,45,625,-950,-110,-110,-112,-110,14
2023,14,2023-12-11,Monday,20:15,401547591,Green Bay Packers,New York Giants,22,24,6,37.5,-265,215,-112,-108,-110,-110,-6
2023,15,2023-12-14,Thursday,20:15,401547593,Los Angeles Chargers,Las Vegas Raiders,21,63,-3,36,136,-162,-110,-110,-110,-110,3
2023,15,2023-12-16,Saturday,13:00,401547604,Minnesota Vikings,Cincinnati Bengals,24,27,-3,41.5,145,-175,-105,-115,-110,-110,3
2023,15,2023-12-16,Saturday,20:15,401547606,Denver Broncos,Detroit Lions,17,42,-5.5,49,210,-258,-108,-112,-112,-108,5.5
2023,15,2023-12-16,Saturday,16:30,401547607,Pittsburgh Steelers,Indianapolis Colts,13,30,-1.5,41.5,102,-122,-110,-110,-110,-110,1.5
2023,15,2023-12-17,Sunday,16:05,401547596,San Francisco 49ers,Arizona Cardinals,45,29,12.5,48,-750,525,-110,-110,-110,-110,-12.5
2023,15,2023-12-17,Sunday,16:25,401547600,Dallas Cowboys,Buffalo Bills,10,31,-2,49.5,114,-135,-108,-112,-110,-110,2
2023,15,2023-12-17,Sunday,13:00,401547603,Atlanta Falcons,Carolina Panthers,7,9,3,32,-155,130,-102,-118,-110,-110,-3
2023,15,2023-12-17,Sunday,13:00,401547605,Chicago Bears,Cleveland Browns,17,20,-3,38,124,-148,-120,100,-110,-110,3
2023,15,2023-12-17,Sunday,13:00,401547598,Tampa Bay Buccaneers,Green Bay Packers,34,20,-4,41.5,180,-218,-110,-110,-110,-110,4
2023,15,2023-12-17,Sunday,20:20,401547602,Baltimore Ravens,Jacksonville Jaguars,23,7,4,42.5,-225,185,-110,-110,-112,-108,-4
2023,15,2023-12-17,Sunday,16:05,401547597,Washington Commanders,Los Angeles Rams,20,28,-6.5,48.5,240,-298,-108,-112,-110,-110,6.5
2023,15,2023-12-17,Sunday,13:00,401547594,New York Jets,Miami Dolphins,0,30,-7.5,36,275,-345,-115,-105,-110,-110,7.5
2023,15,2023-12-17,Sunday,13:00,401547608,Kansas City Chiefs,New England Patriots,27,17,10,39.5,-485,370,-112,-108,-110,-110,-10
2023,15,2023-12-17,Sunday,13:00,401547599,New York Giants,New Orleans Saints,6,24,-6,39.5,205,-250,-108,-112,-110,-110,6
2023,15,2023-12-17,Sunday,13:00,401547595,Houston Texans,Tennessee Titans,19,16,-3,38,142,-170,100,-120,-112,-108,3
2023,15,2023-12-18,Monday,20:15,401547601,Philadelphia Eagles,Seattle Seahawks,17,20,5,46,-238,195,-120,100,-108,-112,-5
2023,16,2023-12-21,Thursday,20:15,401547609,New Orleans Saints,Los Angeles Rams,22,30,-4,45.5,180,-218,100,-120,-108,-112,4
2023,16,2023-12-23,Saturday,20:00,401547611,Buffalo Bills,Los Angeles Chargers,24,22,13,44.5,-800,550,-105,-115,-105,-115,-13
2023,16,2023-12-23,Saturday,16:30,401547610,Cincinnati Bengals,Pittsburgh Steelers,11,34,3,39.5,-155,130,-105,-115,-110,-110,-3
2023,16,2023-12-24,Sunday,13:00,401547616,Indianapolis Colts,Atlanta Falcons,10,29,-3,44,130,-155,-115,-105,-115,-105,3
2023,16,2023-12-24,Sunday,13:00,401547617,Green Bay Packers,Carolina Panthers,33,30,3.5,39.5,-198,164,-112,-108,-110,-110,-3.5
2023,16,2023-12-24,Sunday,16:25,401547619,Arizona Cardinals,Chicago Bears,16,27,-4.5,42,180,-218,-110,-110,-115,-105,4.5
2023,16,2023-12-24,Sunday,20:15,401547621,New England Patriots,Denver Broncos,26,23,-7,37.5,270,-340,-110,-110,-110,-110,7
2023,16,2023-12-24,Sunday,13:00,401547612,Cleveland Browns,Houston Texans,36,22,3,40,-162,136,-110,-110,-110,-110,-3
2023,16,2023-12-24,Sunday,16:25,401547620,Dallas Cowboys,Miami Dolphins,20,22,-1.5,48.5,102,-122,-110,-110,-120,100,1.5
2023,16,2023-12-24,Sunday,13:00,401547618,Detroit Lions,Minnesota Vikings,30,24,2.5,47.5,-148,124,-125,105,-118,-102,-2.5
2023,16,2023-12-24,Sunday,13:00,401547613,Washington Commanders,New York Jets,28,30,-3,36.5,140,-166,-108,-112,-110,-110,3
2023,16,2023-12-24,Sunday,16:05,401547615,Jacksonville Jaguars,Tampa Bay Buccaneers,12,30,2,43,-125,105,-110,-110,-112,-108,-2
2023,16,2023-12-24,Sunday,13:00,401547614,Seattle Seahawks,Tennessee Titans,20,17,3,42,-166,140,-110,-110,-112,-108,-3
2023,16,2023-12-25,Monday,13:00,401547351,Las Vegas Raiders,Kansas City Chiefs,20,14,-11,40.5,440,-600,-102,-118,-110,-110,11
2023,16,2023-12-25,Monday,16:30,401547241,New York Giants,Philadelphia Eagles,25,33,-14,41,600,-900,-112,-108,-112,-108,14
2023,16,2023-12-25,Monday,20:15,401547622,Baltimore Ravens,San Francisco 49ers,33,19,-6.5,47.5,275,-345,-105,-115,-108,-112,6.5
2023,17,2023-12-28,Thursday,20:15,401547623,New York Jets,Cleveland Browns,20,37,-6.5,33.5,270,-345,-105,-115,-110,-110,6.5
2023,17,2023-12-30,Saturday,20:15,401547624,Detroit Lions,Dallas Cowboys,19,20,-5.5,53,195,-238,-110,-110,-110,-110,5.5
2023,17,2023-12-31,Sunday,13:00,401547625,Miami Dolphins,Baltimore Ravens,19,56,-3,47,150,-180,100,-120,-112,-108,3
2023,17,2023-12-31,Sunday,13:00,401547626,New England Patriots,Buffalo Bills,21,27,-15,40,750,-1200,-110,-110,-112,-108,15
2023,17,2023-12-31,Sunday,13:00,401547627,Atlanta Falcons,Chicago Bears,17,37,-3,39,130,-155,-115,-105,-110,-110,3
2023,17,2023-12-31,Sunday,16:25,401547630,Los Angeles Chargers,Denver Broncos,9,16,-3.5,39.5,164,-198,-108,-112,-110,-110,3.5
2023,17,2023-12-31,Sunday,13:00,401547631,Tennessee Titans,Houston Texans,3,26,-5,44,190,-230,-105,-115,-112,-108,5
2023,17,2023-12-31,Sunday,13:00,401547628,Las Vegas Raiders,Indianapolis Colts,20,23,-3.5,42.5,150,-180,-110,-110,-115,-105,3.5
2023,17,2023-12-31,Sunday,13:00,401547629,Carolina Panthers,Jacksonville Jaguars,0,26,-3.5,38,160,-192,-110,-110,-110,-110,3.5
2023,17,2023-12-31,Sunday,16:25,401547235,Cincinnati Bengals,Kansas City Chiefs,17,25,-7.5,46,275,-345,-115,-105,-108,-112,7.5
2023,17,2023-12-31,Sunday,20:20,401547637,Green Bay Packers,Minnesota Vikings,33,10,-1,42.5,-108,-112,-112,-108,-108,-112,1
2023,17,2023-12-31,Sunday,13:00,401547632,Los Angeles Rams,New York Giants,26,25,6,43.5,-298,240,-112,-108,-112,-108,-6
2023,17,2023-12-31,Sunday,13:00,401547633,Arizona Cardinals,Philadelphia Eagles,35,31,-12,48,525,-750,-110,-110,-110,-110,12
2023,17,2023-12-31,Sunday,16:05,401547636,Pittsburgh Steelers,Seattle Seahawks,30,23,-4.5,40.5,185,-225,-110,-110,-112,-108,4.5
2023,17,2023-12-31,Sunday,13:00,401547634,New Orleans Saints,Tampa Bay Buccaneers,23,13,-2.5,42.5,124,-148,100,-120,-108,-112,2.5
2023,17,2023-12-31,Sunday,13:00,401547635,San Francisco 49ers,Washington Commanders,27,10,14,49,-1050,675,-115,-105,-108,-112,-14
2023,18,2024-01-06,Saturday,16:30,401547639,Pittsburgh Steelers,Baltimore Ravens,17,10,3,34,-155,130,-105,-115,-110,-110,-3
2023,18,2024-01-06,Saturday,20:15,401547644,Houston Texans,Indianapolis Colts,23,19,1.5,47.5,-125,105,-110,-110,-112,-108,-1.5
2023,18,2024-01-07,Sunday,16:25,401547638,Seattle Seahawks,Arizona Cardinals,21,20,2.5,48,-155,130,-122,102,-110,-110,-2.5
2023,18,2024-01-07,Sunday,13:00,401547640,Tampa Bay Buccaneers,Carolina Panthers,9,0,5,36.5,-245,200,-105,-115,-110,-110,-5
2023,18,2024-01-07,Sunday,13:00,401547641,Cleveland Browns,Cincinnati Bengals,14,31,-7.5,37,285,-360,-115,-105,-108,-112,7.5
2023,18,2024-01-07,Sunday,13:00,401547642,Minnesota Vikings,Detroit Lions,20,30,-3.5,47.5,170,-205,-102,-118,-110,-110,3.5
2023,18,2024-01-07,Sunday,16:25,401547643,Chicago Bears,Green Bay Packers,9,17,-2.5,45.5,124,-148,-102,-118,-112,-108,2.5
2023,18,2024-01-07,Sunday,16:25,401547646,Denver Broncos,Las Vegas Raiders,14,27,-3.5,37.5,145,-175,-118,-102,-105,-115,3.5
2023,18,2024-01-07,Sunday,16:25,401547645,Kansas City Chiefs,Los Angeles Chargers,13,12,-3.5,35,154,-185,-115,-105,-115,-108,3.5
2023,18,2024-01-07,Sunday,20:20,401547647,Buffalo Bills,Miami Dolphins,21,14,2.5,47.5,-155,130,-125,105,-110,-110,-2.5
2023,18,2024-01-07,Sunday,13:00,401547648,New York Jets,New England Patriots,17,3,-2.5,28.5,120,-142,-112,-108,-110,-110,2.5
2023,18,2024-01-07,Sunday,13:00,401547649,Atlanta Falcons,New Orleans Saints,17,48,-3.5,41.5,145,-175,-122,102,-112,-108,3.5
2023,18,2024-01-07,Sunday,16:25,401547650,Philadelphia Eagles,New York Giants,10,27,4.5,43,-238,190,-112,-108,-115,-105,-4.5
2023,18,2024-01-07,Sunday,16:25,401547651,Los Angeles Rams,San Francisco 49ers,21,20,-5.5,40,200,-245,-108,-112,-112,-108,5.5
2023,18,2024-01-07,Sunday,13:00,401547652,Jacksonville Jaguars,Tennessee Titans,20,28,3.5,41.5,-185,154,-102,-118,-108,-112,-3.5
2023,18,2024-01-07,Sunday,16:25,401547653,Dallas Cowboys,Washington Commanders,38,10,13,47.5,-850,575,-115,-105,-110,-110,-13
2024,1,2024-09-05,Thursday,20:20,401671789,Baltimore Ravens,Kansas City Chiefs,20,27,-3,46,124,-148,-118,-102,-110,-110,3
2024,1,2024-09-06,Friday,20:15,401671805,Green Bay Packers,Philadelphia Eagles,29,34,-2,49.5,110,-130,-110,-110,-108,-112,2
2024,1,2024-09-08,Sunday,13:00,401671744,Pittsburgh Steelers,Atlanta Falcons,18,10,-4,43,160,-192,-110,-110,-105,-115,4
2024,1,2024-09-08,Sunday,13:00,401671617,Arizona Cardinals,Buffalo Bills,28,34,-6.5,46,250,-310,-105,-115,-108,-112,6.5
2024,1,2024-09-08,Sunday,13:00,401671719,Tennessee Titans,Chicago Bears,17,24,-4,43,164,-198,-108,-112,-110,-110,4
2024,1,2024-09-08,Sunday,13:00,401671628,New England Patriots,Cincinnati Bengals,16,10,-8,40.5,295,-375,-110,-110,-108,-112,8
2024,1,2024-09-08,Sunday,16:25,401671761,Dallas Cowboys,Cleveland Browns,33,17,-2.5,42,110,-130,-112,-108,-112,-108,2.5
2024,1,2024-09-08,Sunday,20:20,401671792,Los Angeles Rams,Detroit Lions,20,26,-5,54,185,-225,-108,-112,-108,-112,5
2024,1,2024-09-08,Sunday,13:00,401671861,Houston Texans,Indianapolis Colts,29,27,3,49,-155,130,-108,-112,-108,-112,-3
2024,1,2024-09-08,Sunday,16:05,401671659,Las Vegas Raiders,Los Angeles Chargers,10,22,-3,41,130,-155,-118,-102,-112,-108,3
2024,1,2024-09-08,Sunday,13:00,401671849,Jacksonville Jaguars,Miami Dolphins,17,20,-3.5,49.5,150,-180,-110,-110,-108,-112,3.5
2024,1,2024-09-08,Sunday,13:00,401671734,Carolina Panthers,New Orleans Saints,10,47,-3.5,41.5,160,-192,-108,-112,-108,-112,3.5
2024,1,2024-09-08,Sunday,13:00,401671712,Minnesota Vikings,New York Giants,28,6,1,42.5,-115,-105,-108,-112,-112,-108,-1
2024,1,2024-09-08,Sunday,16:05,401671664,Denver Broncos,Seattle Seahawks,20,26,-6.5,42,225,-278,-110,-110,-112,-108,6.5
2024,1,2024-09-08,Sunday,16:25,401671770,Washington Commanders,Tampa Bay Buccaneers,20,37,-4,42,164,-198,-112,-108,-110,-110,4
2024,1,2024-09-09,Monday,20:15,401671696,New York Jets,San Francisco 49ers,19,32,-3.5,43,150,-180,-115,-105,-112,-108,3.5
2024,2,2024-09-12,Thursday,20:15,401671807,Buffalo Bills,Miami Dolphins,31,10,-2.5,48.5,114,-135,-110,-110,-115,-105,2.5
2024,2,2024-09-15,Sunday,16:05,401671754,Los Angeles Rams,Arizona Cardinals,10,41,1,47.5,-112,-108,-105,-115,-102,-118,-1
2024,2,2024-09-15,Sunday,13:00,401671624,Las Vegas Raiders,Baltimore Ravens,26,23,-9,41,350,-455,-112,-108,-112,-108,9
2024,2,2024-09-15,Sunday,13:00,401671652,Los Angeles Chargers,Carolina Panthers,26,3,5,39,-225,185,-110,-110,-108,-112,-5
2024,2,2024-09-15,Sunday,13:00,401671709,New Orleans Saints,Dallas Cowboys,44,19,-6.5,47,235,-290,-112,-108,-112,-108,6.5
2024,2,2024-09-15,Sunday,16:25,401671668,Pittsburgh Steelers,Denver Broncos,13,6,3,36.5,-155,130,-102,-118,-108,-112,-3
2024,2,2024-09-15,Sunday,13:00,401671721,Tampa Bay Buccaneers,Detroit Lions,20,16,-7.5,51.5,295,-375,-108,-112,-108,-112,7.5
2024,2,2024-09-15,Sunday,13:00,401671723,Indianapolis Colts,Green Bay Packers,10,16,3,41.5,-142,120,-102,-118,-110,-110,-3
2024,2,2024-09-15,Sunday,20:20,401671786,Chicago Bears,Houston Texans,13,19,-6,45.5,210,-258,-108,-112,-115,-105,6
2024,2,2024-09-15,Sunday,13:00,401671635,Cleveland Browns,Jacksonville Jaguars,18,13,-3,41.5,142,-170,100,-120,-112,-108,3
2024,2,2024-09-15,Sunday,16:25,401671670,Cincinnati Bengals,Kansas City Chiefs,25,26,-6.5,47.5,235,-290,-105,-115,-112,-108,6.5
2024,2,2024-09-15,Sunday,13:00,401671645,San Francisco 49ers,Minnesota Vikings,17,23,4.5,46.5,-218,180,-112,-108,-112,-108,-4.5
2024,2,2024-09-15,Sunday,13:00,401671702,Seattle Seahawks,New England Patriots,23,20,3.5,39,-170,142,-102,-118,-110,-110,-3.5
2024,2,2024-09-15,Sunday,13:00,401671636,New York Jets,Tennessee Titans,24,17,3.5,41.5,-180,150,-112,-108,-108,-112,-3.5
2024,2,2024-09-15,Sunday,13:00,401671716,New York Giants,Washington Commanders,18,21,-1.5,42.5,105,-125,-108,-112,-115,-105,1.5
2024,2,2024-09-16,Monday,20:15,401671691,Atlanta Falcons,Philadelphia Eagles,22,21,-5.5,46.5,215,-265,-105,-115,-110,-110,5.5
2024,3,2024-09-19,Thursday,20:15,401671808,New England Patriots,New York Jets,3,24,-6.5,39,230,-285,-110,-110,-112,-108,6.5
2024,3,2024-09-22,Sunday,16:25,401671771,Detroit Lions,Arizona Cardinals,20,13,3,51.5,-148,124,-102,-118,-108,-112,-3
2024,3,2024-09-22,Sunday,20:20,401671793,Kansas City Chiefs,Atlanta Falcons,22,17,3,46,-170,142,-118,-102,-112,-108,-3
2024,3,2024-09-22,Sunday,13:00,401671855,New York Giants,Cleveland Browns,21,15,-6.5,38,220,-270,-112,-108,-112,-108,6.5
2024,3,2024-09-22,Sunday,16:25,401671763,Baltimore Ravens,Dallas Cowboys,28,25,1.5,47.5,-120,100,-110,-110,-108,-112,-1.5
2024,3,2024-09-22,Sunday,13:00,401671865,Chicago Bears,Indianapolis Colts,16,21,-1.5,43,105,-125,-108,-112,-115,-105,1.5
2024,3,2024-09-22,Sunday,16:05,401671658,Carolina Panthers,Las Vegas Raiders,36,22,-5.5,40,200,-245,-110,-110,-112,-108,5.5
2024,3,2024-09-22,Sunday,16:25,401671772,San Francisco 49ers,Los Angeles Rams,24,27,6,44.5,-258,210,-108,-112,-110,-110,-6
2024,3,2024-09-22,Sunday,13:00,401671646,Houston Texans,Minnesota Vikings,7,34,2,46,-135,114,-112,-108,-112,-108,-2
2024,3,2024-09-22,Sunday,13:00,401671736,Philadelphia Eagles,New Orleans Saints,15,12,-2.5,49,120,-142,-105,-115,-110,-110,2.5
2024,3,2024-09-22,Sunday,13:00,401671632,Los Angeles Chargers,Pittsburgh Steelers,10,20,-3,36,124,-148,-118,-102,-105,-115,3
2024,3,2024-09-22,Sunday,16:05,401671662,Miami Dolphins,Seattle Seahawks,3,24,-4,41.5,170,-205,-110,-110,-110,-110,4
2024,3,2024-09-22,Sunday,13:00,401671741,Denver Broncos,Tampa Bay Buccaneers,26,7,-6,40.5,200,-245,-112,-108,-112,-108,6
2024,3,2024-09-22,Sunday,13:00,401671823,Green Bay Packers,Tennessee Titans,30,14,-3,37,136,-162,-112,-108,-112,-108,3
2024,3,2024-09-23,Monday,19:30,401671682,Jacksonville Jaguars,Buffalo Bills,10,47,-4,46.5,180,-218,-108,-112,-110,-110,4
2024,3,2024-09-23,Monday,20:15,401671490,Washington Commanders,Cincinnati Bengals,38,33,-7.5,46,280,-355,-115,-105,-108,-112,7.5
2024,4,2024-09-26,Thursday,20:15,401671812,Dallas Cowboys,New York Giants,20,15,5.5,45,-250,205,-115,-105,-108,-112,-5.5
2024,4,2024-09-29,Sunday,16:05,401671755,Washington Commanders,Arizona Cardinals,42,14,-3.5,49,150,-180,-115,-105,-108,-112,3.5
2024,4,2024-09-29,Sunday,13:00,401671727,New Orleans Saints,Atlanta Falcons,24,26,-2.5,41.5,120,-142,-105,-115,-108,-112,2.5
2024,4,2024-09-29,Sunday,20:20,401671783,Buffalo Bills,Baltimore Ravens,10,35,-2.5,46.5,114,-135,-108,-112,-110,-110,2.5
2024,4,2024-09-29,Sunday,13:00,401671745,Cincinnati Bengals,Carolina Panthers,34,24,4.5,47,-205,170,-112,-108,-112,-108,-4.5
2024,4,2024-09-29,Sunday,13:00,401671871,Los Angeles Rams,Chicago Bears,18,24,-3,40,136,-162,-112,-108,-115,-105,3
2024,4,2024-09-29,Sunday,13:00,401671643,Minnesota Vikings,Green Bay Packers,31,29,-2.5,44,114,-135,-102,-118,-108,-112,2.5
2024,4,2024-09-29,Sunday,13:00,401671857,Jacksonville Jaguars,Houston Texans,20,24,-5.5,44.5,195,-238,-108,-112,-112,-108,5.5
2024,4,2024-09-29,Sunday,13:00,401671867,Pittsburgh Steelers,Indianapolis Colts,24,27,2.5,40,-130,110,-108,-112,-110,-110,-2.5
2024,4,2024-09-29,Sunday,16:25,401671672,Cleveland Browns,Las Vegas Raiders,16,20,2.5,36.5,-135,114,-115,-105,-112,-108,-2.5
2024,4,2024-09-29,Sunday,16:25,401671674,Kansas City Chiefs,Los Angeles Chargers,17,10,7.5,41.5,-345,275,-108,-112,-112,-108,-7.5
2024,4,2024-09-29,Sunday,13:00,401671622,Denver Broncos,New York Jets,10,9,-7.5,39.5,330,-425,-108,-112,-108,-112,7.5
2024,4,2024-09-29,Sunday,16:05,401671758,New England Patriots,San Francisco 49ers,13,30,-10.5,41.5,410,-550,-112,-108,-110,-110,10.5
2024,4,2024-09-29,Sunday,13:00,401671740,Philadelphia Eagles,Tampa Bay Buccaneers,16,33,1,42,-115,-105,-110,-110,-112,-108,-1
2024,4,2024-09-30,Monday,20:15,401671491,Seattle Seahawks,Detroit Lions,29,42,-3.5,46.5,154,-185,-108,-112,-112,-108,3.5
2024,4,2024-09-30,Monday,19:30,401671683,Tennessee Titans,Miami Dolphins,31,12,-2.5,37,114,-135,-108,-112,-110,-110,2.5
2024,5,2024-10-03,Thursday,20:15,401671815,Tampa Bay Buccaneers,Atlanta Falcons,30,36,-2.5,44,120,-142,-102,-118,-110,-110,2.5
2024,5,2024-10-06,Sunday,13:00,401671872,Carolina Panthers,Chicago Bears,10,36,-4,40,164,-198,-108,-112,-112,-108,4
2024,5,2024-10-06,Sunday,13:00,401671626,Baltimore Ravens,Cincinnati Bengals,41,38,2.5,48.5,-148,124,-118,-102,-108,-112,-2.5
2024,5,2024-10-06,Sunday,16:05,401671747,Las Vegas Raiders,Denver Broncos,18,34,-3,36,130,-155,-112,-108,-112,-108,3
2024,5,2024-10-06,Sunday,13:00,401671859,Buffalo Bills,Houston Texans,20,23,-1,48,-102,-118,-108,-112,-110,-110,1
2024,5,2024-10-06,Sunday,13:00,401671633,Indianapolis Colts,Jacksonville Jaguars,34,37,-3.5,45,154,-185,-110,-110,-110,-110,3.5
2024,5,2024-10-06,Sunday,16:25,401671679,Green Bay Packers,Los Angeles Rams,24,19,3,49.5,-155,130,-112,-108,-108,-112,-3
2024,5,2024-10-06,Sunday,09:30,401671804,New York Jets,Minnesota Vikings,17,23,-2.5,42,120,-142,-105,-115,-108,-112,2.5
2024,5,2024-10-06,Sunday,13:00,401671700,Miami Dolphins,New England Patriots,15,10,2,37,-130,110,-112,-108,-112,-108,-2
2024,5,2024-10-06,Sunday,20:20,401671784,Dallas Cowboys,Pittsburgh Steelers,20,17,-2.5,43.5,114,-135,-108,-112,-112,-108,2.5
2024,5,2024-10-06,Sunday,16:05,401671756,Arizona Cardinals,San Francisco 49ers,24,23,-7,48.5,260,-325,-105,-115,-112,-108,7
2024,5,2024-10-06,Sunday,16:25,401671680,New York Giants,Seattle Seahawks,29,20,-7,42.5,250,-310,-112,-108,-110,-110,7
2024,5,2024-10-06,Sunday,13:00,401671718,Cleveland Browns,Washington Commanders,13,34,-3,44,130,-155,-112,-108,-108,-112,3
2024,5,2024-10-07,Monday,20:15,401671687,New Orleans Saints,Kansas City Chiefs,13,26,-5.5,43,190,-230,-112,-108,-110,-110,5.5
2024,6,2024-10-10,Thursday,20:15,401671819,San Francisco 49ers,Seattle Seahawks,36,24,3.5,49,-198,164,-118,-102,-110,-110,-3.5
2024,6,2024-10-13,Sunday,13:00,401671625,Washington Commanders,Baltimore Ravens,23,30,-6.5,51.5,230,-285,-108,-112,-110,-110,6.5
2024,6,2024-10-13,Sunday,16:25,401671769,Atlanta Falcons,Carolina Panthers,38,20,6,45.5,-258,210,-112,-108,-110,-110,-6
2024,6,2024-10-13,Sunday,09:30,401671802,Jacksonville Jaguars,Chicago Bears,16,35,1.5,44.5,-120,100,-108,-112,-112,-108,-1.5
2024,6,2024-10-13,Sunday,16:25,401671764,Detroit Lions,Dallas Cowboys,47,9,3.5,52.5,-180,150,-105,-115,-110,-110,-3.5
2024,6,2024-10-13,Sunday,16:05,401671655,Los Angeles Chargers,Denver Broncos,23,16,3,37,-155,130,-105,-115,-112,-108,-3
2024,6,2024-10-13,Sunday,13:00,401671722,Arizona Cardinals,Green Bay Packers,13,34,-5.5,47,195,-238,-110,-110,-110,-110,5.5
2024,6,2024-10-13,Sunday,16:05,401671657,Pittsburgh Steelers,Las Vegas Raiders,32,13,3.5,36.5,-180,150,-110,-110,-112,-108,-3.5
2024,6,2024-10-13,Sunday,13:00,401671619,Houston Texans,New England Patriots,41,21,6.5,38.5,-265,215,-108,-112,-108,-112,-6.5
2024,6,2024-10-13,Sunday,13:00,401671735,Tampa Bay Buccaneers,New Orleans Saints,51,27,3.5,42.5,-175,145,-108,-112,-110,-110,-3.5
2024,6,2024-10-13,Sunday,20:20,401671791,Cincinnati Bengals,New York Giants,17,7,4.5,46,-230,190,-112,-108,-118,-102,-4.5
2024,6,2024-10-13,Sunday,13:00,401671714,Cleveland Browns,Philadelphia Eagles,16,20,-8,42,330,-425,-108,-112,-110,-110,8
2024,6,2024-10-13,Sunday,13:00,401671820,Indianapolis Colts,Tennessee Titans,20,17,-2.5,42,114,-135,-110,-110,-108,-112,2.5
2024,6,2024-10-14,Monday,20:15,401671684,Buffalo Bills,New York Jets,23,20,1,42,-122,102,-112,-108,-110,-110,-1
2024,7,2024-10-17,Thursday,20:15,401671816,Denver Broncos,New Orleans Saints,33,10,2.5,37,-148,124,-118,-102,-110,-110,-2.5
2024,7,2024-10-20,Sunday,13:00,401671730,Seattle Seahawks,Atlanta Falcons,34,14,-3,51.5,136,-162,-115,-105,-110,-110,3
2024,7,2024-10-20,Sunday,13:00,401671616,Tennessee Titans,Buffalo Bills,10,34,-9.5,41,400,-535,-110,-110,-112,-108,9.5
2024,7,2024-10-20,Sunday,13:00,401671853,Cincinnati Bengals,Cleveland Browns,21,14,5.5,42,-230,190,-110,-110,-108,-112,-5.5
2024,7,2024-10-20,Sunday,13:00,401671644,Houston Texans,Green Bay Packers,22,24,-3,48,142,-170,100,-120,-112,-108,3
2024,7,2024-10-20,Sunday,13:00,401671864,Miami Dolphins,Indianapolis Colts,10,16,-3,44,130,-155,-120,100,-112,-108,3
2024,7,2024-10-20,Sunday,09:30,401671801,New England Patriots,Jacksonville Jaguars,16,32,-6.5,42,240,-298,-105,-115,-112,-108,6.5
2024,7,2024-10-20,Sunday,16:05,401671663,Las Vegas Raiders,Los Angeles Rams,15,20,-7,43,280,-355,-105,-115,-115,-105,7
2024,7,2024-10-20,Sunday,13:00,401671724,Detroit Lions,Minnesota Vikings,31,29,-1,50.5,-102,-118,-108,-112,-108,-112,1
2024,7,2024-10-20,Sunday,13:00,401671710,Philadelphia Eagles,New York Giants,28,3,3,42,-166,140,-120,100,-110,-110,-3
2024,7,2024-10-20,Sunday,20:20,401671785,New York Jets,Pittsburgh Steelers,15,37,3,40,-166,140,-108,-112,-110,-110,-3
2024,7,2024-10-20,Sunday,16:25,401671777,Kansas City Chiefs,San Francisco 49ers,28,18,-2.5,47.5,120,-142,-105,-115,-110,-110,2.5
2024,7,2024-10-20,Sunday,16:05,401671640,Carolina Panthers,Washington Commanders,7,40,-10,51,400,-535,100,-120,-110,-110,10
2024,7,2024-10-21,Monday,21:00,401671699,Los Angeles Chargers,Arizona Cardinals,15,17,1,44,-122,102,-115,-105,-112,-108,-1
2024,7,2024-10-21,Monday,20:15,401671695,Baltimore Ravens,Tampa Bay Buccaneers,41,31,4.5,51,-225,185,-110,-110,-110,-110,-4.5
2024,8,2024-10-24,Thursday,20:15,401671817,Minnesota Vikings,Los Angeles Rams,20,30,3,47.5,-155,130,-105,-115,-110,-110,-3
2024,8,2024-10-27,Sunday,13:00,401671667,Philadelphia Eagles,Cincinnati Bengals,37,17,-2.5,47.5,124,-148,100,-120,-112,-108,2.5
2024,8,2024-10-27,Sunday,13:00,401671852,Baltimore Ravens,Cleveland Browns,24,29,7.5,44.5,-380,300,-110,-110,-115,-105,-7.5
2024,8,2024-10-27,Sunday,16:25,401671600,Carolina Panthers,Denver Broncos,14,28,-13,40.5,525,-750,-110,-110,-108,-112,13
2024,8,2024-10-27,Sunday,13:00,401671720,Tennessee Titans,Detroit Lions,14,52,-12.5,45,550,-800,-105,-115,-112,-108,12.5
2024,8,2024-10-27,Sunday,13:00,401671856,Indianapolis Colts,Houston Texans,20,23,-5,45,185,-225,-112,-108,-112,-108,5
2024,8,2024-10-27,Sunday,13:00,401671707,Green Bay Packers,Jacksonville Jaguars,30,27,3.5,49,-192,160,-115,-105,-108,-112,-3.5
2024,8,2024-10-27,Sunday,16:25,401671671,Kansas City Chiefs,Las Vegas Raiders,27,20,9,42,-440,340,-112,-108,-112,-108,-9
2024,8,2024-10-27,Sunday,16:05,401671750,New Orleans Saints,Los Angeles Chargers,8,26,-7,41.5,250,-310,-110,-110,-112,-108,7
2024,8,2024-10-27,Sunday,13:00,401671850,Arizona Cardinals,Miami Dolphins,28,27,-4,46.5,164,-198,-108,-112,-110,-110,4
2024,8,2024-10-27,Sunday,13:00,401671618,New York Jets,New England Patriots,22,25,7,41,-305,245,-110,-110,-110,-110,-7
2024,8,2024-10-27,Sunday,20:20,401671795,Dallas Cowboys,San Francisco 49ers,24,30,-5.5,48,195,-238,-105,-115,-110,-110,5.5
2024,8,2024-10-27,Sunday,16:05,401671760,Buffalo Bills,Seattle Seahawks,31,10,3,45.5,-170,142,-120,100,-115,-105,-3
2024,8,2024-10-27,Sunday,13:00,401671739,Atlanta Falcons,Tampa Bay Buccaneers,31,26,1.5,47,-122,102,-110,-110,-112,-108,-1.5
2024,8,2024-10-27,Sunday,16:25,401671599,Chicago Bears,Washington Commanders,15,18,-1.5,46.5,102,-122,-110,-110,-112,-108,1.5
2024,8,2024-10-28,Monday,20:15,401671685,New York Giants,Pittsburgh Steelers,18,26,-6,37.5,220,-270,-105,-115,-110,-110,6
2024,9,2024-10-31,Thursday,20:15,401671809,Houston Texans,New York Jets,13,21,-2.5,43.5,124,-148,100,-120,-115,-105,2.5
2024,9,2024-11-03,Sunday,16:05,401671661,Chicago Bears,Arizona Cardinals,9,29,-1.5,44.5,100,-120,-110,-110,-110,-110,1.5
2024,9,2024-11-03,Sunday,13:00,401671728,Dallas Cowboys,Atlanta Falcons,21,27,-3,52,140,-166,-105,-115,-108,-112,3
2024,9,2024-11-03,Sunday,13:00,401671623,Denver Broncos,Baltimore Ravens,10,41,-9,46.5,330,-440,-115,-105,-110,-110,9
2024,9,2024-11-03,Sunday,13:00,401671493,Miami Dolphins,Buffalo Bills,27,30,-6.5,49,230,-285,-110,-110,-112,-108,6.5
2024,9,2024-11-03,Sunday,13:00,401671650,New Orleans Saints,Carolina Panthers,22,23,7,43.5,-345,275,-118,-102,-112,-108,-7
2024,9,2024-11-03,Sunday,13:00,401671704,Las Vegas Raiders,Cincinnati Bengals,24,41,-8,45,320,-410,-110,-110,-112,-108,8
2024,9,2024-11-03,Sunday,13:00,401671629,Los Angeles Chargers,Cleveland Browns,27,10,2,42.5,-130,110,-110,-110,-112,-108,-2
2024,9,2024-11-03,Sunday,16:25,401671767,Detroit Lions,Green Bay Packers,24,14,2.5,47.5,-155,130,-120,100,-112,-108,-2.5
2024,9,2024-11-03,Sunday,20:20,401671647,Indianapolis Colts,Minnesota Vikings,13,21,-6.5,47,240,-298,-110,-110,-110,-110,6.5
2024,9,2024-11-03,Sunday,13:00,401671711,Washington Commanders,New York Giants,27,22,4.5,44.5,-218,180,-108,-112,-110,-110,-4.5
2024,9,2024-11-03,Sunday,16:05,401671797,Jacksonville Jaguars,Philadelphia Eagles,23,28,-7.5,46,270,-340,-112,-108,-110,-110,7.5
2024,9,2024-11-03,Sunday,16:25,401671776,Los Angeles Rams,Seattle Seahawks,26,20,1.5,48.5,-125,105,-112,-108,-110,-110,-1.5
2024,9,2024-11-03,Sunday,13:00,401671822,New England Patriots,Tennessee Titans,17,20,-3,38.5,136,-162,-105,-115,-110,-110,3
2024,9,2024-11-04,Monday,20:15,401671688,Tampa Bay Buccaneers,Kansas City Chiefs,24,30,-9,45.5,330,-425,-110,-110,-112,-108,9
2024,10,2024-11-07,Thursday,20:15,401671810,Cincinnati Bengals,Baltimore Ravens,34,35,-6,53,220,-270,-108,-112,-112,-108,6
2024,10,2024-11-10,Sunday,16:25,401671678,New York Jets,Arizona Cardinals,6,31,2,45.5,-130,110,-110,-110,-112,-108,-2
2024,10,2024-11-10,Sunday,09:30,401671803,New York Giants,Carolina Panthers,17,20,6.5,40.5,-298,240,-118,-102,-105,-115,-6.5
2024,10,2024-11-10,Sunday,13:00,401671873,New England Patriots,Chicago Bears,19,3,-6.5,37.5,260,-325,-110,-110,-108,-112,6.5
2024,10,2024-11-10,Sunday,16:25,401671676,Philadelphia Eagles,Dallas Cowboys,34,6,7.5,44.5,-360,285,-108,-112,-110,-110,-7.5
2024,10,2024-11-10,Sunday,20:20,401671787,Detroit Lions,Houston Texans,26,23,4.5,49,-230,190,-110,-110,-112,-110,-4.5
2024,10,2024-11-10,Sunday,13:00,401671863,Buffalo Bills,Indianapolis Colts,30,20,4.5,46.5,-230,190,-115,-105,-112,-108,-4.5
2024,10,2024-11-10,Sunday,13:00,401671708,Minnesota Vikings,Jacksonville Jaguars,12,7,7,42.5,-345,280,-120,100,-112,-108,-7
2024,10,2024-11-10,Sunday,13:00,401671637,Denver Broncos,Kansas City Chiefs,14,16,-7.5,42.5,300,-380,-115,-105,-110,-110,7.5
2024,10,2024-11-10,Sunday,16:05,401671751,Tennessee Titans,Los Angeles Chargers,17,27,-8,40,300,-380,-108,-112,-110,-110,8
2024,10,2024-11-10,Sunday,13:00,401671733,Atlanta Falcons,New Orleans Saints,17,20,3.5,46.5,-192,160,-112,-108,-108,-112,-3.5
2024,10,2024-11-10,Sunday,13:00,401671742,San Francisco 49ers,Tampa Bay Buccaneers,23,20,6.5,50.5,-298,240,-118,-102,-108,-112,-6.5
2024,10,2024-11-10,Sunday,13:00,401671641,Pittsburgh Steelers,Washington Commanders,28,27,-1.5,45,102,-122,-110,-110,-112,-108,1.5
2024,10,2024-11-11,Monday,20:15,401671693,Miami Dolphins,Los Angeles Rams,23,15,-2.5,49.5,120,-142,-102,-118,-112,-108,2.5
2024,11,2024-11-14,Thursday,20:15,401671813,Washington Commanders,Philadelphia Eagles,18,26,-4.5,49.5,190,-230,-110,-110,-110,-110,4.5
2024,11,2024-11-17,Sunday,16:25,401671665,Kansas City Chiefs,Buffalo Bills,21,30,-2.5,46.5,120,-142,-108,-112,-112,-108,2.5
2024,11,2024-11-17,Sunday,13:00,401671869,Green Bay Packers,Chicago Bears,20,19,6,41,-265,215,-115,-105,-112,-108,-6
2024,11,2024-11-17,Sunday,16:05,401671748,Atlanta Falcons,Denver Broncos,6,38,-2,44.5,114,-135,-108,-112,-108,-112,2
2024,11,2024-11-17,Sunday,13:00,401671642,Jacksonville Jaguars,Detroit Lions,6,52,-14,47.5,650,-1000,-105,-115,-110,-110,14
2024,11,2024-11-17,Sunday,20:20,401671675,Cincinnati Bengals,Los Angeles Chargers,27,34,-1,48,-110,-110,-118,-102,-115,-105,1
2024,11,2024-11-17,Sunday,13:00,401671851,Las Vegas Raiders,Miami Dolphins,19,34,-8,43.5,330,-425,-105,-115,-108,-112,8
2024,11,2024-11-17,Sunday,13:00,401671701,Los Angeles Rams,New England Patriots,28,22,4,42.5,-198,164,-108,-112,-108,-112,-4
2024,11,2024-11-17,Sunday,13:00,401671746,Cleveland Browns,New Orleans Saints,14,35,1,44,-115,-105,-110,-110,-110,-110,-1
2024,11,2024-11-17,Sunday,13:00,401671782,Indianapolis Colts,New York Jets,28,27,-4,43,170,-205,-110,-110,-110,-110,4
2024,11,2024-11-17,Sunday,13:00,401671630,Baltimore Ravens,Pittsburgh Steelers,16,18,3,48,-175,145,-120,100,-112,-108,-3
2024,11,2024-11-17,Sunday,16:05,401671757,Seattle Seahawks,San Francisco 49ers,20,17,-6,49,215,-265,-110,-110,-108,-112,6
2024,11,2024-11-17,Sunday,13:00,401671824,Minnesota Vikings,Tennessee Titans,23,13,6,40,-290,235,-118,-102,-110,-110,-6
2024,11,2024-11-18,Monday,20:15,401671694,Houston Texans,Dallas Cowboys,34,10,7.5,41.5,-360,285,100,-120,-115,-105,-7.5
2024,12,2024-11-21,Thursday,20:15,401671875,Pittsburgh Steelers,Cleveland Browns,19,24,3.5,36.5,-205,170,-115,-105,-112,-108,-3.5
2024,12,2024-11-24,Sunday,13:00,401671651,Kansas City Chiefs,Carolina Panthers,30,27,11,43,-700,500,-112,-108,-110,-110,-11
2024,12,2024-11-24,Sunday,13:00,401671870,Minnesota Vikings,Chicago Bears,30,27,3,39.5,-175,145,-120,100,-112,-108,-3
2024,12,2024-11-24,Sunday,16:25,401671768,San Francisco 49ers,Green Bay Packers,10,38,-6.5,44.5,235,-290,-112,-108,-112,-108,6.5
2024,12,2024-11-24,Sunday,13:00,401671858,Tennessee Titans,Houston Texans,32,27,-8,40.5,295,-375,-112,-108,-108,-112,8
2024,12,2024-11-24,Sunday,13:00,401671866,Detroit Lions,Indianapolis Colts,24,6,7,50.5,-375,295,-122,102,-110,-110,-7
2024,12,2024-11-24,Sunday,16:05,401671656,Denver Broncos,Las Vegas Raiders,29,19,6.5,41.5,-278,225,-105,-115,-112,-108,-6.5
2024,12,2024-11-24,Sunday,20:20,401671794,Philadelphia Eagles,Los Angeles Rams,37,20,3,49,-170,142,-112,-108,-112,-108,-3
2024,12,2024-11-24,Sunday,13:00,401671847,New England Patriots,Miami Dolphins,15,34,-7.5,46,285,-360,-115,-105,-112,-108,7.5
2024,12,2024-11-24,Sunday,13:00,401671638,Tampa Bay Buccaneers,New York Giants,30,7,6.5,40.5,-298,240,-108,-112,-110,-110,-6.5
2024,12,2024-11-24,Sunday,16:25,401671775,Arizona Cardinals,Seattle Seahawks,6,16,1,46.5,-115,-105,-110,-110,-112,-108,-1
2024,12,2024-11-24,Sunday,13:00,401671715,Dallas Cowboys,Washington Commanders,34,26,-10.5,45,455,-625,-112,-108,-110,-110,10.5
2024,12,2024-11-25,Monday,20:15,401671689,Baltimore Ravens,Los Angeles Chargers,30,23,3,51,-166,140,-110,-110,-108,-112,-3
2024,13,2024-11-28,Thursday,16:30,401671779,New York Giants,Dallas Cowboys,20,27,-4.5,39,185,-218,-110,-110,-110,-110,4.5
2024,13,2024-11-28,Thursday,12:30,401671492,Chicago Bears,Detroit Lions,20,23,-9.5,47.5,390,-520,-102,-118,-120,100,9.5
2024,13,2024-11-28,Thursday,20:20,401671798,Miami Dolphins,Green Bay Packers,17,30,-3.5,47.5,145,-175,-115,-105,-110,-110,3.5
2024,13,2024-11-29,Friday,15:00,401671806,Las Vegas Raiders,Kansas City Chiefs,17,19,-13.5,42,550,-800,-108,-112,-112,-108,13.5
2024,13,2024-12-01,Sunday,13:00,401671649,Los Angeles Chargers,Atlanta Falcons,17,13,1,47,-118,-102,-108,-112,-110,-110,-1
2024,13,2024-12-01,Sunday,16:25,401671666,Philadelphia Eagles,Baltimore Ravens,24,19,-3,50,136,-162,-110,-110,-110,-110,3
2024,13,2024-12-01,Sunday,20:20,401671781,San Francisco 49ers,Buffalo Bills,10,35,-6.5,45,270,-340,-102,-118,-110,-110,6.5
2024,13,2024-12-01,Sunday,16:05,401671752,Tampa Bay Buccaneers,Carolina Panthers,26,23,6.5,46,-290,235,-115,-105,-110,-110,-6.5
2024,13,2024-12-01,Sunday,13:00,401671627,Pittsburgh Steelers,Cincinnati Bengals,44,38,-3,46,130,-155,-110,-110,-112,-108,3
2024,13,2024-12-01,Sunday,13:00,401671705,Houston Texans,Jacksonville Jaguars,23,20,3.5,44.5,-192,160,-110,-110,-112,-108,-3.5
2024,13,2024-12-01,Sunday,13:00,401671726,Arizona Cardinals,Minnesota Vikings,22,23,-3.5,45.5,154,-185,-110,-110,-108,-112,3.5
2024,13,2024-12-01,Sunday,13:00,401671620,Indianapolis Colts,New England Patriots,25,24,2.5,41.5,-135,114,-115,-105,-110,-110,-2.5
2024,13,2024-12-01,Sunday,16:05,401671753,Los Angeles Rams,New Orleans Saints,21,14,2.5,48.5,-142,120,-115,-105,-112,-108,-2.5
2024,13,2024-12-01,Sunday,13:00,401671703,Seattle Seahawks,New York Jets,26,21,-1,41.5,-105,-115,-110,-110,-110,-110,1
2024,13,2024-12-01,Sunday,13:00,401671743,Tennessee Titans,Washington Commanders,19,42,-6,45,205,-250,-112,-108,-112,-108,6
2024,13,2024-12-02,Monday,20:15,401671686,Cleveland Browns,Denver Broncos,32,41,-6.5,41.5,235,-290,-108,-112,-110,-110,6.5
2024,14,2024-12-05,Thursday,20:15,401671814,Green Bay Packers,Detroit Lions,31,34,-3,53,142,-170,100,-120,-110,-110,3
2024,14,2024-12-08,Sunday,16:05,401671660,Seattle Seahawks,Arizona Cardinals,30,18,-3,45.5,145,-175,-105,-115,-110,-110,3
2024,14,2024-12-08,Sunday,20:20,401671788,Los Angeles Chargers,Kansas City Chiefs,17,19,-5,43.5,195,-238,-115,-105,-110,-110,5
2024,14,2024-12-08,Sunday,16:25,401671773,Buffalo Bills,Los Angeles Rams,42,44,3.5,49.5,-192,160,-118,-102,-112,-108,-3.5
2024,14,2024-12-08,Sunday,13:00,401671848,New York Jets,Miami Dolphins,26,32,-6.5,45,240,-298,-108,-112,-108,-112,6.5
2024,14,2024-12-08,Sunday,13:00,401671648,Atlanta Falcons,Minnesota Vikings,21,42,-6,46.5,205,-250,-110,-110,-112,-108,6
2024,14,2024-12-08,Sunday,13:00,401671601,New Orleans Saints,New York Giants,14,11,5.5,41,-245,200,-115,-105,-110,-110,-5.5
2024,14,2024-12-08,Sunday,13:00,401671713,Carolina Panthers,Philadelphia Eagles,16,22,-14,44.5,625,-950,-112,-108,-108,-112,14
2024,14,2024-12-08,Sunday,13:00,401671631,Cleveland Browns,Pittsburgh Steelers,14,27,-6,43,210,-258,-112,-108,-110,-110,6
2024,14,2024-12-08,Sunday,16:25,401671774,Chicago Bears,San Francisco 49ers,13,38,-3,43.5,136,-162,-110,-110,-112,-108,3
2024,14,2024-12-08,Sunday,13:00,401671654,Las Vegas Raiders,Tampa Bay Buccaneers,13,28,-7,47,260,-325,-115,-105,-108,-112,7
2024,14,2024-12-08,Sunday,13:00,401671821,Jacksonville Jaguars,Tennessee Titans,10,6,-3,40,142,-170,-105,-115,-112,-108,3
2024,14,2024-12-09,Monday,20:15,401671690,Cincinnati Bengals,Dallas Cowboys,27,20,5,51,-230,190,-110,-110,-108,-112,-5
2024,15,2024-12-12,Thursday,20:15,401671818,Los Angeles Rams,San Francisco 49ers,12,6,-3,48.5,130,-155,-118,-102,-110,-110,3
2024,15,2024-12-15,Sunday,16:25,401671677,New England Patriots,Arizona Cardinals,17,30,-6,46.5,210,-258,-108,-112,-110,-110,6
2024,15,2024-12-15,Sunday,13:00,401671731,Dallas Cowboys,Carolina Panthers,30,14,-2.5,42,120,-142,100,-120,-108,-112,2.5
2024,15,2024-12-15,Sunday,13:00,401671854,Kansas City Chiefs,Cleveland Browns,21,7,4.5,41.5,-230,190,-110,-110,-108,-112,-4.5
2024,15,2024-12-15,Sunday,16:25,401671669,Indianapolis Colts,Denver Broncos,13,31,-4.5,43.5,195,-238,-105,-115,-112,-108,4.5
2024,15,2024-12-15,Sunday,16:25,401671681,Buffalo Bills,Detroit Lions,48,42,-2.5,55.5,110,-130,-110,-110,-110,-110,2.5
2024,15,2024-12-15,Sunday,13:00,401671860,Miami Dolphins,Houston Texans,12,20,-2.5,46.5,130,-155,-105,-115,-108,-112,2.5
2024,15,2024-12-15,Sunday,13:00,401671706,New York Jets,Jacksonville Jaguars,32,25,3.5,41.5,-175,145,-102,-118,-108,-112,-3.5
2024,15,2024-12-15,Sunday,16:25,401671762,Tampa Bay Buccaneers,Los Angeles Chargers,40,17,-3,46,136,-162,-105,-115,-112,-108,3
2024,15,2024-12-15,Sunday,13:00,401671737,Washington Commanders,New Orleans Saints,20,19,7.5,44.5,-375,295,-112,-108,-112,-108,-7.5
2024,15,2024-12-15,Sunday,13:00,401671639,Baltimore Ravens,New York Giants,35,14,16.5,43.5,-1800,1000,-112,-108,-108,-112,-16.5
2024,15,2024-12-15,Sunday,16:25,401671766,Pittsburgh Steelers,Philadelphia Eagles,13,27,-5.5,43,215,-265,-110,-110,-110,-110,5.5
2024,15,2024-12-15,Sunday,20:20,401671796,Green Bay Packers,Seattle Seahawks,30,13,3,48,-162,136,-110,-110,-110,-110,-3
2024,15,2024-12-15,Sunday,13:00,401671825,Cincinnati Bengals,Tennessee Titans,37,27,6,46.5,-250,205,-110,-110,-108,-112,-6
2024,15,2024-12-16,Monday,20:30,401671697,Atlanta Falcons,Las Vegas Raiders,15,9,6.5,44.5,-345,275,-110,-110,-110,-110,-6.5
2024,15,2024-12-16,Monday,20:00,401671489,Chicago Bears,Minnesota Vikings,12,30,-7,43.5,260,-325,-115,-105,-110,-110,7
2024,16,2024-12-19,Thursday,20:15,401671749,Denver Broncos,Los Angeles Chargers,27,34,-3,41.5,124,-148,-120,100,-110,-110,3
2024,16,2024-12-21,Saturday,16:30,401671778,Pittsburgh Steelers,Baltimore Ravens,17,34,-7,44.5,275,-345,-115,-105,-108,-112,7
2024,16,2024-12-21,Saturday,13:00,401671780,Houston Texans,Kansas City Chiefs,19,27,-3.5,42.5,150,-180,-120,100,-112,-108,3.5
2024,16,2024-12-22,Sunday,13:00,401671729,New York Giants,Atlanta Falcons,7,34,-9.5,42.5,410,-550,-110,-110,-110,-110,9.5
2024,16,2024-12-22,Sunday,16:25,401671494,New England Patriots,Buffalo Bills,21,24,-14,48,700,-1100,-110,-110,-110,-110,14
2024,16,2024-12-22,Sunday,13:00,401671732,Arizona Cardinals,Carolina Panthers,30,36,5.5,47,-245,200,-110,-110,-110,-110,-5.5
2024,16,2024-12-22,Sunday,13:00,401671868,Detroit Lions,Chicago Bears,34,17,7,47.5,-340,270,-110,-110,-110,-110,-7
2024,16,2024-12-22,Sunday,13:00,401671811,Cleveland Browns,Cincinnati Bengals,6,24,-10,46.5,425,-575,-108,-112,-108,-112,10
2024,16,2024-12-22,Sunday,20:20,401671790,Tampa Bay Buccaneers,Dallas Cowboys,24,26,4.5,47.5,-218,180,-105,-115,-110,-110,-4.5
2024,16,2024-12-22,Sunday,13:00,401671862,Tennessee Titans,Indianapolis Colts,30,38,-4,42.5,164,-198,-112,-108,-112,-108,4
2024,16,2024-12-22,Sunday,16:25,401671673,Jacksonville Jaguars,Las Vegas Raiders,14,19,-2.5,41.5,110,-130,-110,-110,-108,-112,2.5
2024,16,2024-12-22,Sunday,16:25,401671874,San Francisco 49ers,Miami Dolphins,17,29,2,44,-125,105,-108,-112,-112,-108,-2
2024,16,2024-12-22,Sunday,13:00,401671621,Los Angeles Rams,New York Jets,19,9,3,47,-162,136,-105,-115,-110,-110,-3
2024,16,2024-12-22,Sunday,16:05,401671759,Minnesota Vikings,Seattle Seahawks,27,24,2.5,43,-148,124,-115,-105,-105,-115,-2.5
2024,16,2024-12-22,Sunday,13:00,401671717,Philadelphia Eagles,Washington Commanders,33,36,4,47,-218,180,-115,-105,-110,-110,-4
2024,16,2024-12-23,Monday,20:15,401671692,New Orleans Saints,Green Bay Packers,0,34,-14,44,625,-950,-105,-115,-110,-110,14
2024,17,2024-12-25,Wednesday,16:30,401671800,Baltimore Ravens,Houston Texans,31,2,5.5,46.5,-245,200,-108,-112,-108,-112,-5.5
2024,17,2024-12-25,Wednesday,13:00,401671799,Kansas City Chiefs,Pittsburgh Steelers,29,10,3,43.5,-162,136,-105,-115,-110,-110,-3
2024,17,2024-12-26,Thursday,20:15,401671876,Seattle Seahawks,Chicago Bears,6,3,3.5,43.5,-192,160,-118,-102,-108,-112,-3.5
2024,17,2024-12-28,Saturday,16:30,401671835,Denver Broncos,Cincinnati Bengals,24,30,-3.5,50.5,145,-175,-115,-105,-110,-110,3.5
2024,17,2024-12-28,Saturday,20:15,401671829,Arizona Cardinals,Los Angeles Rams,9,13,-6.5,48,270,-340,100,-120,-108,-112,6.5
2024,17,2024-12-28,Saturday,13:00,401671832,Los Angeles Chargers,New England Patriots,40,7,6,42,-305,245,-118,-102,-112,-108,-6
2024,17,2024-12-29,Sunday,13:00,401671495,New York Jets,Buffalo Bills,14,40,-10,44.5,390,-520,-105,-115,-108,-112,10
2024,17,2024-12-29,Sunday,16:05,401671877,Miami Dolphins,Cleveland Browns,20,3,3,32.5,-170,142,-115,-105,-108,-112,-3
2024,17,2024-12-29,Sunday,13:00,401671634,Tennessee Titans,Jacksonville Jaguars,13,20,1,38,-108,-112,-105,-115,-110,-110,-1
2024,17,2024-12-29,Sunday,16:25,401671725,Green Bay Packers,Minnesota Vikings,25,27,1,49,-112,-108,-105,-115,-110,-110,-1
2024,17,2024-12-29,Sunday,13:00,401671738,Las Vegas Raiders,New Orleans Saints,25,10,2,37.5,-125,105,-110,-110,-108,-112,-2
2024,17,2024-12-29,Sunday,13:00,401671846,Indianapolis Colts,New York Giants,33,45,7.5,40.5,-410,320,-112,-108,-108,-112,-7.5
2024,17,2024-12-29,Sunday,13:00,401671765,Dallas Cowboys,Philadelphia Eagles,7,41,-7.5,37.5,260,-325,-112,-108,-112,-108,7.5
2024,17,2024-12-29,Sunday,13:00,401671653,Carolina Panthers,Tampa Bay Buccaneers,14,48,-9.5,47.5,380,-500,-105,-115,-112,-108,9.5
2024,17,2024-12-29,Sunday,20:20,401671842,Atlanta Falcons,Washington Commanders,24,30,-3.5,46.5,160,-192,-115,-105,-110,-110,3.5
2024,17,2024-12-30,Monday,20:15,401671698,Detroit Lions,San Francisco 49ers,40,34,4,50.5,-230,190,-112,-108,-110,-110,-4
2024,18,2025-01-04,Saturday,16:30,401671834,Cleveland Browns,Baltimore Ravens,10,35,-19.5,42.5,1200,-2400,-105,-115,-112,-108,19.5
2024,18,2025-01-04,Saturday,20:00,401671836,Cincinnati Bengals,Pittsburgh Steelers,19,17,2.5,48.5,-148,124,-118,-102,-108,-112,-2.5
2024,18,2025-01-05,Sunday,16:25,401671845,San Francisco 49ers,Arizona Cardinals,24,47,-4.5,42.5,160,-192,-110,-110,-110,-110,4.5
2024,18,2025-01-05,Sunday,13:00,401671827,Carolina Panthers,Atlanta Falcons,44,38,-7.5,48.5,300,-380,-105,-115,-112,-108,7.5
2024,18,2025-01-05,Sunday,13:00,401671840,Washington Commanders,Dallas Cowboys,23,19,7,43.5,-310,250,-108,-112,-102,-118,-7
2024,18,2025-01-05,Sunday,16:25,401671838,Kansas City Chiefs,Denver Broncos,0,38,-10.5,40.5,370,-485,-115,-105,-105,-115,10.5
2024,18,2025-01-05,Sunday,20:20,401671843,Minnesota Vikings,Detroit Lions,9,31,-3,56.5,124,-148,-118,-102,-118,-102,3
2024,18,2025-01-05,Sunday,13:00,401671844,Chicago Bears,Green Bay Packers,24,22,-10,41.5,320,-410,-115,-105,-112,-108,10
2024,18,2025-01-05,Sunday,13:00,401671837,Jacksonville Jaguars,Indianapolis Colts,23,26,-3.5,45.5,150,-180,-110,-110,-110,-105,3.5
2024,18,2025-01-05,Sunday,16:25,401671839,Los Angeles Chargers,Las Vegas Raiders,34,20,7,42.5,-345,275,-118,-102,-108,-112,-7
2024,18,2025-01-05,Sunday,16:25,401671830,Seattle Seahawks,Los Angeles Rams,30,25,7.5,38.5,-360,285,-110,-110,-108,-112,-7.5
2024,18,2025-01-05,Sunday,13:00,401671831,Buffalo Bills,New England Patriots,16,23,3,36.5,-166,140,-112,-108,-112,-108,-3
2024,18,2025-01-05,Sunday,16:25,401671833,Miami Dolphins,New York Jets,20,32,-1.5,39.5,102,-122,-110,-110,-108,-112,1.5
2024,18,2025-01-05,Sunday,13:00,401671841,New York Giants,Philadelphia Eagles,13,20,-3,36.5,130,-155,-110,-110,-102,-118,3
2024,18,2025-01-05,Sunday,13:00,401671828,New Orleans Saints,Tampa Bay Buccaneers,19,27,-14.5,44.5,675,-1050,-102,-118,-108,-112,14.5
2024,18,2025-01-05,Sunday,13:00,401671826,Houston Texans,Tennessee Titans,23,14,-2.5,36.5,120,-142,-108,-112,-112,-108,2.5
2025,1,2025-09-04,Thursday,20:20,401772510,Dallas Cowboys,Philadelphia Eagles,20,24,-8.5,47.5,330,-425,-110,-110,-110,-110,8.5
2025,1,2025-09-05,Friday,20:00,401772714,Kansas City Chiefs,Los Angeles Chargers,21,27,3,47.5,-175,145,-120,100,-110,-110,-3
2025,1,2025-09-07,Sunday,13:00,401772830,Tampa Bay Buccaneers,Atlanta Falcons,23,20,1.5,47.5,-115,-105,-102,-118,-115,-105,-1.5
2025,1,2025-09-07,Sunday,20:20,401772918,Baltimore Ravens,Buffalo Bills,40,41,1.5,50.5,-130,110,-118,-102,-115,-105,-1.5
2025,1,2025-09-07,Sunday,13:00,401772829,Cincinnati Bengals,Cleveland Browns,17,16,5.5,47.5,-238,195,-105,-115,-120,100,-5.5
2025,1,2025-09-07,Sunday,16:05,401772832,Tennessee Titans,Denver Broncos,12,20,-8.5,42.5,350,-455,-105,-115,-112,-108,8.5
2025,1,2025-09-07,Sunday,16:25,401772722,Detroit Lions,Green Bay Packers,13,27,-1.5,48.5,100,-120,-115,-105,-105,-115,1.5
2025,1,2025-09-07,Sunday,13:00,401772719,Miami Dolphins,Indianapolis Colts,8,33,-1.5,47.5,-108,-112,-118,-102,100,-120,1.5
2025,1,2025-09-07,Sunday,13:00,401772828,Carolina Panthers,Jacksonville Jaguars,10,26,-4.5,45.5,170,-205,-110,-110,-112,-108,4.5
2025,1,2025-09-07,Sunday,16:25,401772723,Houston Texans,Los Angeles Rams,9,14,-3.5,43.5,140,-166,-118,-102,-105,-115,3.5
2025,1,2025-09-07,Sunday,13:00,401772720,Las Vegas Raiders,New England Patriots,20,13,-2.5,44.5,130,-155,100,-120,-105,-115,2.5
2025,1,2025-09-07,Sunday,13:00,401772718,Arizona Cardinals,New Orleans Saints,20,13,6,44.5,-270,220,-108,-112,-108,-112,-6
2025,1,2025-09-07,Sunday,13:00,401772721,Pittsburgh Steelers,New York Jets,34,32,3,37.5,-155,130,-110,-110,-112,-108,-3
2025,1,2025-09-07,Sunday,16:05,401772831,San Francisco 49ers,Seattle Seahawks,17,13,2.5,43.5,-135,114,-105,-115,-108,-112,-2.5
2025,1,2025-09-07,Sunday,13:00,401772827,New York Giants,Washington Commanders,6,21,-6,45.5,240,-298,-108,-112,-110,-110,6
2025,1,2025-09-08,Monday,20:15,401772810,Minnesota Vikings,Chicago Bears,27,24,1.5,43.5,-112,-108,100,-120,-108,-112,-1.5
2025,2,2025-09-11,Thursday,20:15,401772936,Washington Commanders,Green Bay Packers,18,27,-3.5,48.5,154,-185,-118,-102,-115,-105,3.5
2025,2,2025-09-14,Sunday,16:05,401772730,Carolina Panthers,Arizona Cardinals,22,27,-7,45.5,250,-310,-110,-110,-110,-110,7
2025,2,2025-09-14,Sunday,13:00,401772726,Cleveland Browns,Baltimore Ravens,17,41,-12.5,46.5,600,-900,-105,-115,-110,-110,12.5
2025,2,2025-09-14,Sunday,13:00,401772725,Jacksonville Jaguars,Cincinnati Bengals,27,31,-3.5,49.5,160,-192,-115,-105,-105,-115,3.5
2025,2,2025-09-14,Sunday,13:00,401772834,New York Giants,Dallas Cowboys,37,40,-4.5,44.5,195,-238,100,-120,-110,-110,4.5
2025,2,2025-09-14,Sunday,13:00,401772835,Chicago Bears,Detroit Lions,21,52,-6,46.5,220,-270,-110,-110,-108,-112,6
2025,2,2025-09-14,Sunday,16:05,401772729,Denver Broncos,Indianapolis Colts,28,29,2.5,43.5,-130,110,-105,-115,-108,-112,-2.5
2025,2,2025-09-14,Sunday,16:25,401772837,Philadelphia Eagles,Kansas City Chiefs,20,17,1.5,46.5,-122,102,-110,-110,-118,-102,-1.5
2025,2,2025-09-14,Sunday,13:00,401772728,New England Patriots,Miami Dolphins,33,27,-1.5,43.5,105,-125,-110,-110,-105,-115,1.5
2025,2,2025-09-14,Sunday,20:20,401772919,Atlanta Falcons,Minnesota Vikings,22,6,-3.5,44.5,150,-180,-115,-105,-110,-110,3.5
2025,2,2025-09-14,Sunday,13:00,401772833,San Francisco 49ers,New Orleans Saints,26,21,3,40.5,-166,140,-110,-110,-115,-105,-3
2025,2,2025-09-14,Sunday,13:00,401772727,Buffalo Bills,New York Jets,30,10,6,47.5,-290,235,-112,-108,-110,-110,-6
2025,2,2025-09-14,Sunday,13:00,401772836,Seattle Seahawks,Pittsburgh Steelers,31,17,-3.5,40.5,160,-192,-110,-110,-112,-108,3.5
2025,2,2025-09-14,Sunday,13:00,401772724,Los Angeles Rams,Tennessee Titans,33,19,5.5,41.5,-250,205,-108,-112,-108,-112,-5.5
2025,2,2025-09-15,Monday,19:00,401772715,Tampa Bay Buccaneers,Houston Texans,20,19,-2.5,42.5,114,-135,-110,-110,-110,-110,2.5
2025,2,2025-09-15,Monday,22:00,401772811,Los Angeles Chargers,Las Vegas Raiders,20,9,3.5,46.5,-198,164,-105,-115,-118,-102,-3.5
2025,3,2025-09-18,Thursday,20:15,401772937,Miami Dolphins,Buffalo Bills,21,31,-12.5,50.5,550,-800,-110,-110,-108,-112,12.5
2025,3,2025-09-21,Sunday,13:00,401772838,Atlanta Falcons,Carolina Panthers,0,30,5.5,44.5,-225,185,-105,-115,-105,-115,-5.5
2025,3,2025-09-21,Sunday,16:25,401772844,Dallas Cowboys,Chicago Bears,14,31,1.5,49.5,-125,105,-115,-105,-120,100,-1.5
2025,3,2025-09-21,Sunday,13:00,401772842,Green Bay Packers,Cleveland Browns,10,13,8.5,41.5,-470,360,-102,-118,-105,-115,-8.5
2025,3,2025-09-21,Sunday,13:00,401772734,Houston Texans,Jacksonville Jaguars,10,17,-1.5,43.5,105,-125,-108,-112,-105,-115,1.5
2025,3,2025-09-21,Sunday,16:05,401772735,Denver Broncos,Los Angeles Chargers,20,23,-2.5,45.5,130,-155,100,-120,-110,-110,2.5
2025,3,2025-09-21,Sunday,13:00,401772731,Cincinnati Bengals,Minnesota Vikings,10,48,-3,41.5,136,-162,-110,-110,-115,-105,3
2025,3,2025-09-21,Sunday,13:00,401772732,Pittsburgh Steelers,New England Patriots,21,14,1.5,44.5,-120,100,-105,-115,-108,-112,-1.5
2025,3,2025-09-21,Sunday,20:20,401772920,Kansas City Chiefs,New York Giants,22,9,6,44.5,-325,260,-115,-105,-115,-105,-6
2025,3,2025-09-21,Sunday,13:00,401772839,Los Angeles Rams,Philadelphia Eagles,26,33,-3.5,45.5,164,-198,-108,-112,-112,-108,3.5
2025,3,2025-09-21,Sunday,16:25,401772843,Arizona Cardinals,San Francisco 49ers,15,16,-1.5,44.5,105,-125,-112,-108,-108,-112,1.5
2025,3,2025-09-21,Sunday,16:05,401772736,New Orleans Saints,Seattle Seahawks,13,44,-7.5,41.5,295,-375,-115,-105,-112,-108,7.5
2025,3,2025-09-21,Sunday,13:00,401772840,New York Jets,Tampa Bay Buccaneers,27,29,-6.5,43.5,275,-345,-105,-115,-105,-115,6.5
2025,3,2025-09-21,Sunday,13:00,401772733,Indianapolis Colts,Tennessee Titans,41,20,6,43.5,-245,200,-108,-112,-105,-115,-6
2025,3,2025-09-21,Sunday,13:00,401772841,Las Vegas Raiders,Washington Commanders,24,41,-2.5,43.5,130,-155,100,-120,-110,-110,2.5
2025,3,2025-09-22,Monday,20:15,401772812,Detroit Lions,Baltimore Ravens,38,30,-4.5,53.5,200,-245,-105,-115,-115,-105,4.5
2025,4,2025-09-25,Thursday,20:15,401772938,Seattle Seahawks,Arizona Cardinals,23,20,1.5,43.5,-125,105,-110,-110,-112,-108,-1.5
2025,4,2025-09-28,Sunday,13:00,401772739,Washington Commanders,Atlanta Falcons,27,34,-2.5,43.5,120,-142,-110,-110,-108,-112,2.5
2025,4,2025-09-28,Sunday,13:00,401772740,New Orleans Saints,Buffalo Bills,19,31,-15.5,48.5,800,-1350,-115,-105,-105,-115,15.5
2025,4,2025-09-28,Sunday,20:20,401772921,Green Bay Packers,Dallas Cowboys,40,40,7,47.5,-345,275,-105,-115,-105,-115,-7
2025,4,2025-09-28,Sunday,13:00,401772846,Cleveland Browns,Detroit Lions,10,34,-10,44.5,410,-550,-108,-112,-105,-115,10
2025,4,2025-09-28,Sunday,13:00,401772738,Tennessee Titans,Houston Texans,0,26,-7.5,39.5,340,-440,-115,-105,-115,-105,7.5
2025,4,2025-09-28,Sunday,16:25,401772741,Baltimore Ravens,Kansas City Chiefs,20,37,2.5,48.5,-148,124,-120,100,-120,100,-2.5
2025,4,2025-09-28,Sunday,16:25,401772742,Chicago Bears,Las Vegas Raiders,25,24,-1.5,47.5,105,-125,-110,-110,-115,-105,1.5
2025,4,2025-09-28,Sunday,16:05,401772849,Indianapolis Colts,Los Angeles Rams,20,27,-3.5,49.5,154,-185,-105,-115,-115,-105,3.5
2025,4,2025-09-28,Sunday,13:00,401772847,Carolina Panthers,New England Patriots,13,42,-5.5,42.5,215,-265,-108,-112,-112,-108,5.5
2025,4,2025-09-28,Sunday,13:00,401772737,Los Angeles Chargers,New York Giants,18,21,6,43.5,-285,230,-112,-108,-105,-115,-6
2025,4,2025-09-28,Sunday,09:30,401772632,Minnesota Vikings,Pittsburgh Steelers,21,24,2.5,41.5,-148,124,-125,105,-105,-115,-2.5
2025,4,2025-09-28,Sunday,16:05,401772848,Jacksonville Jaguars,San Francisco 49ers,26,21,-3.5,45.5,150,-180,-120,100,-112,-108,3.5
2025,4,2025-09-28,Sunday,13:00,401772845,Philadelphia Eagles,Tampa Bay Buccaneers,31,25,3.5,44.5,-185,154,-102,-118,-102,-118,-3.5
2025,4,2025-09-29,Monday,20:15,401772716,Cincinnati Bengals,Denver Broncos,3,28,-7.5,44.5,360,-470,-115,-105,-105,-115,7.5
2025,4,2025-09-29,Monday,19:15,401772813,New York Jets,Miami Dolphins,21,27,-2.5,44.5,124,-148,-105,-115,100,-120,2.5
2025,5,2025-10-02,Thursday,20:15,401772939,San Francisco 49ers,Los Angeles Rams,26,23,-8.5,43.5,340,-440,-110,-110,-112,-108,8.5
2025,5,2025-10-05,Sunday,16:05,401772747,Tennessee Titans,Arizona Cardinals,22,21,-7.5,41.5,330,-425,-108,-112,-110,-110,7.5
2025,5,2025-10-05,Sunday,13:00,401772743,Houston Texans,Baltimore Ravens,44,10,2.5,41.5,-148,124,-118,-102,-105,-115,-2.5
2025,5,2025-10-05,Sunday,20:20,401772922,New England Patriots,Buffalo Bills,23,20,-7.5,49.5,310,-395,-105,-115,-112,-108,7.5
2025,5,2025-10-05,Sunday,13:00,401772852,Miami Dolphins,Carolina Panthers,24,27,1.5,44.5,-120,100,-105,-115,-115,-105,-1.5
2025,5,2025-10-05,Sunday,16:25,401772854,Detroit Lions,Cincinnati Bengals,37,24,10.5,49.5,-575,425,-102,-118,-108,-112,-10.5
2025,5,2025-10-05,Sunday,09:30,401772633,Minnesota Vikings,Cleveland Browns,21,17,3.5,35.5,-198,164,-110,-110,-108,-112,-3.5
2025,5,2025-10-05,Sunday,13:00,401772851,Las Vegas Raiders,Indianapolis Colts,6,40,-7,46.5,285,-360,100,-120,-112,-108,7
2025,5,2025-10-05,Sunday,16:25,401772853,Washington Commanders,Los Angeles Chargers,27,10,-2.5,47.5,130,-155,100,-120,-105,-115,2.5
2025,5,2025-10-05,Sunday,13:00,401772744,New York Giants,New Orleans Saints,14,26,-1.5,41.5,100,-120,-115,-105,-115,-105,1.5
2025,5,2025-10-05,Sunday,13:00,401772850,Dallas Cowboys,New York Jets,37,22,-1.5,48.5,-105,-115,-120,100,-110,-110,1.5
2025,5,2025-10-05,Sunday,13:00,401772745,Denver Broncos,Philadelphia Eagles,21,17,-3.5,44.5,180,-218,-105,-115,-105,-115,3.5
2025,5,2025-10-05,Sunday,16:05,401772746,Tampa Bay Buccaneers,Seattle Seahawks,38,35,-3.5,44.5,150,-180,-115,-105,-110,-110,3.5
2025,5,2025-10-06,Monday,20:15,401772814,Kansas City Chiefs,Jacksonville Jaguars,28,31,3.5,45.5,-198,164,-110,-110,-112,-108,-3.5
2025,6,2025-10-09,Thursday,20:15,401772940,Philadelphia Eagles,New York Giants,17,34,7,40.5,-395,310,-120,100,-115,-105,-7
2025,6,2025-10-12,Sunday,13:00,401772855,Los Angeles Rams,Baltimore Ravens,17,3,7,43.5,-355,280,-105,-115,-112,-108,-7
2025,6,2025-10-12,Sunday,13:00,401772858,Dallas Cowboys,Carolina Panthers,27,30,3,47.5,-175,145,-118,-102,-115,-105,-3
2025,6,2025-10-12,Sunday,16:25,401772752,Cincinnati Bengals,Green Bay Packers,18,27,-14,44.5,650,-1000,-110,-110,-110,-110,14
2025,6,2025-10-12,Sunday,13:00,401772856,Arizona Cardinals,Indianapolis Colts,27,31,-8.5,46.5,360,-470,-110,-110,102,-122,8.5
2025,6,2025-10-12,Sunday,13:00,401772857,Seattle Seahawks,Jacksonville Jaguars,20,12,1.5,47.5,-115,-105,100,-120,-105,-115,-1.5
2025,6,2025-10-12,Sunday,20:20,401772923,Detroit Lions,Kansas City Chiefs,17,30,-2.5,51.5,120,-142,-105,-115,-115,-105,2.5
2025,6,2025-10-12,Sunday,16:05,401772859,Tennessee Titans,Las Vegas Raiders,10,20,-3.5,41.5,154,-185,-110,-110,-115,-105,3.5
2025,6,2025-10-12,Sunday,13:00,401772750,Los Angeles Chargers,Miami Dolphins,29,27,3.5,45.5,-205,170,-115,-105,-105,-115,-3.5
2025,6,2025-10-12,Sunday,13:00,401772751,New England Patriots,New Orleans Saints,25,19,3.5,46.5,-192,160,-105,-115,-105,-115,-3.5
2025,6,2025-10-12,Sunday,09:30,401772634,Denver Broncos,New York Jets,13,11,7.5,43.5,-395,310,100,-120,-108,-112,-7.5
2025,6,2025-10-12,Sunday,13:00,401772748,Cleveland Browns,Pittsburgh Steelers,9,23,-5.5,37.5,225,-278,100,-120,-120,100,5.5
2025,6,2025-10-12,Sunday,16:25,401772749,San Francisco 49ers,Tampa Bay Buccaneers,19,30,-3.5,46.5,160,-192,-105,-115,-115,-105,3.5
2025,6,2025-10-13,Monday,19:15,401772815,Buffalo Bills,Atlanta Falcons,14,24,3.5,49.5,-205,170,-120,100,-118,-102,-3.5
2025,6,2025-10-13,Monday,20:15,401772717,Chicago Bears,Washington Commanders,25,24,-5.5,49.5,210,-258,-108,-112,-115,-105,5.5
2025,7,2025-10-16,Thursday,20:15,401772941,Pittsburgh Steelers,Cincinnati Bengals,31,33,5.5,45.5,-245,200,-105,-115,-105,-115,-5.5
2025,7,2025-10-19,Sunday,16:25,401772863,Green Bay Packers,Arizona Cardinals,27,23,7,44.5,-395,310,-115,-105,-110,-110,-7
2025,7,2025-10-19,Sunday,13:00,401772861,New Orleans Saints,Chicago Bears,14,26,-4.5,43.5,185,-225,-120,100,-110,-110,4.5
2025,7,2025-10-19,Sunday,13:00,401772754,Miami Dolphins,Cleveland Browns,6,31,-2.5,34.5,124,-148,-102,-118,-108,-112,2.5
2025,7,2025-10-19,Sunday,16:25,401772864,Washington Commanders,Dallas Cowboys,22,44,-1.5,54.5,105,-125,-108,-112,-112,-108,1.5
2025,7,2025-10-19,Sunday,16:05,401772757,New York Giants,Denver Broncos,32,33,-7.5,39.5,330,-425,-105,-115,-115,-105,7.5
2025,7,2025-10-19,Sunday,09:30,401772635,Los Angeles Rams,Jacksonville Jaguars,35,7,3,44.5,-166,140,-115,-105,-115,-105,-3
2025,7,2025-10-19,Sunday,13:00,401772753,Las Vegas Raiders,Kansas City Chiefs,0,31,-13.5,44.5,625,-950,-115,-105,-105,-115,13.5
2025,7,2025-10-19,Sunday,16:05,401772756,Indianapolis Colts,Los Angeles Chargers,38,24,-2.5,48.5,114,-135,-108,-112,-110,-110,2.5
2025,7,2025-10-19,Sunday,13:00,401772862,Philadelphia Eagles,Minnesota Vikings,28,22,2.5,43.5,-148,124,-110,-110,-115,-105,-2.5
2025,7,2025-10-19,Sunday,13:00,401772860,Carolina Panthers,New York Jets,13,6,-1.5,39.5,-108,-112,-125,105,-118,-102,1.5
2025,7,2025-10-19,Sunday,20:20,401772924,Atlanta Falcons,San Francisco 49ers,10,20,-1.5,46.5,-105,-115,-120,100,-108,-112,1.5
2025,7,2025-10-19,Sunday,13:00,401772755,New England Patriots,Tennessee Titans,31,13,6.5,40.5,-290,235,-108,-112,-112,-108,-6.5
2025,7,2025-10-20,Monday,19:00,401772816,Tampa Bay Buccaneers,Detroit Lions,9,24,-6,54.5,225,-278,-112,-108,-105,-115,6
2025,7,2025-10-20,Monday,22:00,401772826,Houston Texans,Seattle Seahawks,19,27,-3,41.5,140,-166,-110,-110,-110,-110,3
2025,8,2025-10-23,Thursday,20:15,401772942,Minnesota Vikings,Los Angeles Chargers,10,37,-3,45.5,142,-170,100,-120,-110,-110,3
2025,8,2025-10-26,Sunday,13:00,401772760,Miami Dolphins,Atlanta Falcons,34,10,-7,44.5,280,-355,-115,-105,-105,-115,7
2025,8,2025-10-26,Sunday,13:00,401772759,Chicago Bears,Baltimore Ravens,16,30,-2.5,45.5,124,-148,-102,-118,-108,-112,2.5
2025,8,2025-10-26,Sunday,13:00,401772865,Buffalo Bills,Carolina Panthers,40,9,7,47.5,-395,310,-115,-105,-112,-108,-7
2025,8,2025-10-26,Sunday,13:00,401772758,New York Jets,Cincinnati Bengals,39,38,-5.5,43.5,210,-258,-112,-108,-118,-102,5.5
2025,8,2025-10-26,Sunday,16:25,401772762,Dallas Cowboys,Denver Broncos,24,44,-3.5,51.5,160,-192,-110,-110,-110,-110,3.5
2025,8,2025-10-26,Sunday,13:00,401772866,San Francisco 49ers,Houston Texans,15,26,-2.5,41.5,130,-155,100,-120,-108,-112,2.5
2025,8,2025-10-26,Sunday,16:25,401772761,Tennessee Titans,Indianapolis Colts,14,38,-15.5,47.5,950,-1650,-115,-105,-118,-102,15.5
2025,8,2025-10-26,Sunday,13:00,401772868,Cleveland Browns,New England Patriots,13,32,-7,40.5,300,-380,-115,-105,-105,-115,7
2025,8,2025-10-26,Sunday,16:05,401772869,Tampa Bay Buccaneers,New Orleans Saints,23,3,4.5,46.5,-218,180,-105,-115,-110,-110,-4.5
2025,8,2025-10-26,Sunday,13:00,401772867,New York Giants,Philadelphia Eagles,20,38,-7,43.5,300,-380,-102,-118,-112,-108,7
2025,8,2025-10-26,Sunday,20:20,401772925,Green Bay Packers,Pittsburgh Steelers,35,25,3,46.5,-155,130,100,-120,-105,-115,-3
2025,8,2025-10-27,Monday,20:15,401772817,Washington Commanders,Kansas City Chiefs,7,28,-10.5,48.5,500,-700,-105,-115,-105,-115,10.5
2025,9,2025-10-30,Thursday,20:15,401772943,Baltimore Ravens,Miami Dolphins,28,6,7.5,51.5,-455,350,-120,100,-110,-110,-7.5
2025,9,2025-11-02,Sunday,16:25,401772768,Kansas City Chiefs,Buffalo Bills,21,28,2.5,53.5,-135,114,-105,-115,-105,-115,-2.5
2025,9,2025-11-02,Sunday,13:00,401772765,Chicago Bears,Cincinnati Bengals,47,42,3,51.5,-162,136,-105,-115,-112,-108,-3
2025,9,2025-11-02,Sunday,13:00,401772871,Minnesota Vikings,Detroit Lions,27,24,-9.5,47.5,410,-550,-108,-112,-115,-105,9.5
2025,9,2025-11-02,Sunday,13:00,401772872,Carolina Panthers,Green Bay Packers,16,13,-12.5,43.5,650,-1000,-102,-118,-105,-115,12.5
2025,9,2025-11-02,Sunday,13:00,401772870,Denver Broncos,Houston Texans,18,15,-1.5,40.5,105,-125,-110,-110,-115,-105,1.5
2025,9,2025-11-02,Sunday,16:05,401772873,Jacksonville Jaguars,Las Vegas Raiders,30,29,2.5,43.5,-130,110,-105,-115,-115,-105,-2.5
2025,9,2025-11-02,Sunday,16:05,401772874,New Orleans Saints,Los Angeles Rams,10,34,-14,44.5,750,-1200,-105,-115,-115,-105,14
2025,9,2025-11-02,Sunday,13:00,401772763,Atlanta Falcons,New England Patriots,23,24,-5.5,45.5,205,-250,-110,-110,-108,-112,5.5
2025,9,2025-11-02,Sunday,13:00,401772767,San Francisco 49ers,New York Giants,34,24,2.5,47.5,-148,124,-120,100,-112,-108,-2.5
2025,9,2025-11-02,Sunday,13:00,401772766,Indianapolis Colts,Pittsburgh Steelers,20,27,3.5,51.5,-185,154,100,-120,-115,-105,-3.5
2025,9,2025-11-02,Sunday,13:00,401772764,Los Angeles Chargers,Tennessee Titans,27,20,10,44.5,-650,470,-112,-108,-110,-110,-10
2025,9,2025-11-02,Sunday,20:20,401772926,Seattle Seahawks,Washington Commanders,38,14,2.5,47.5,-148,124,-120,100,-105,-115,-2.5
2025,9,2025-11-03,Monday,20:15,401772818,Arizona Cardinals,Dallas Cowboys,27,17,-3.5,53.5,145,-175,-115,-105,-115,-105,3.5
2025,10,2025-11-06,Thursday,20:15,401772944,Las Vegas Raiders,Denver Broncos,7,10,-9.5,42.5,380,-500,-112,-108,-110,-110,9.5
2025,10,2025-11-09,Sunday,13:00,401772877,New Orleans Saints,Carolina Panthers,17,7,-5.5,38.5,200,-245,-112,-108,-115,-105,5.5
2025,10,2025-11-09,Sunday,13:00,401772875,New York Giants,Chicago Bears,20,24,-4.5,45.5,180,-218,-108,-112,-108,-112,4.5
2025,10,2025-11-09,Sunday,13:00,401772770,Jacksonville Jaguars,Houston Texans,29,36,1.5,37.5,-115,-105,100,-120,-108,-112,-1.5
2025,10,2025-11-09,Sunday,09:30,401772636,Atlanta Falcons,Indianapolis Colts,25,31,-6.5,48.5,250,-310,-112,-108,-108,-112,6.5
2025,10,2025-11-09,Sunday,20:20,401772927,Pittsburgh Steelers,Los Angeles Chargers,10,25,-3,45.5,136,-162,-118,-102,-105,-115,3
2025,10,2025-11-09,Sunday,13:00,401772771,Buffalo Bills,Miami Dolphins,13,30,8.5,50.5,-455,350,-105,-115,-105,-115,-8.5
2025,10,2025-11-09,Sunday,13:00,401772876,Baltimore Ravens,Minnesota Vikings,27,19,4.5,48.5,-230,190,-105,-115,-115,-105,-4.5
2025,10,2025-11-09,Sunday,13:00,401772769,Cleveland Browns,New York Jets,20,27,1.5,37.5,-130,110,-115,-105,-105,-115,-1.5
2025,10,2025-11-09,Sunday,16:25,401772879,Los Angeles Rams,San Francisco 49ers,42,26,5.5,49.5,-258,210,-115,-105,-110,-110,-5.5
2025,10,2025-11-09,Sunday,16:05,401772773,Arizona Cardinals,Seattle Seahawks,22,44,-7,44.5,270,-340,-115,-105,-118,-102,7
2025,10,2025-11-09,Sunday,13:00,401772772,New England Patriots,Tampa Bay Buccaneers,28,23,-2.5,48.5,124,-148,100,-120,-115,-105,2.5
2025,10,2025-11-09,Sunday,16:25,401772878,Detroit Lions,Washington Commanders,44,22,8.5,49.5,-455,350,-105,-115,-108,-112,-8.5
2025,10,2025-11-10,Monday,20:15,401772630,Philadelphia Eagles,Green Bay Packers,10,7,-1.5,45.5,-110,-110,-122,102,-112,-108,1.5
2025,11,2025-11-13,Thursday,20:15,401772945,New York Jets,New England Patriots,14,27,-12.5,43.5,625,-950,-105,-115,-105,-115,12.5
2025,11,2025-11-16,Sunday,16:05,401772885,San Francisco 49ers,Arizona Cardinals,41,22,3.5,48.5,-192,160,-105,-115,-108,-112,-3.5
2025,11,2025-11-16,Sunday,13:00,401772882,Carolina Panthers,Atlanta Falcons,30,27,-4.5,42.5,180,-218,-118,-102,-110,-110,4.5
2025,11,2025-11-16,Sunday,13:00,401772776,Tampa Bay Buccaneers,Buffalo Bills,32,44,-6,46.5,230,-285,-108,-112,-108,-112,6
2025,11,2025-11-16,Sunday,16:25,401772777,Baltimore Ravens,Cleveland Browns,23,16,7.5,37.5,-440,340,-105,-115,-115,-105,-7.5
2025,11,2025-11-16,Sunday,16:25,401772778,Kansas City Chiefs,Denver Broncos,19,22,3.5,44.5,-218,180,-120,100,-110,-110,-3.5
2025,11,2025-11-16,Sunday,13:00,401772775,Los Angeles Chargers,Jacksonville Jaguars,6,35,3,43.5,-155,130,-105,-115,-110,-110,-3
2025,11,2025-11-16,Sunday,16:05,401772884,Seattle Seahawks,Los Angeles Rams,19,21,-3,49.5,145,-175,100,-120,-115,-105,3
2025,11,2025-11-16,Sunday,09:30,401772631,Washington Commanders,Miami Dolphins,13,16,-2.5,47.5,124,-148,100,-120,-110,-110,2.5
2025,11,2025-11-16,Sunday,13:00,401772880,Chicago Bears,Minnesota Vikings,19,17,-3,47.5,124,-148,-115,-105,-118,-102,3
2025,11,2025-11-16,Sunday,13:00,401772883,Green Bay Packers,New York Giants,27,20,7.5,41.5,-440,340,-110,-110,-110,-110,-7.5
2025,11,2025-11-16,Sunday,20:20,401772928,Detroit Lions,Philadelphia Eagles,9,16,-2.5,46.5,130,-155,-102,-118,-112,-108,2.5
2025,11,2025-11-16,Sunday,13:00,401772774,Cincinnati Bengals,Pittsburgh Steelers,12,34,-5.5,48.5,205,-250,-108,-112,-110,-110,5.5
2025,11,2025-11-16,Sunday,13:00,401772881,Houston Texans,Tennessee Titans,16,13,5.5,37.5,-265,215,-108,-112,-102,-118,-5.5
2025,11,2025-11-17,Monday,20:15,401772819,Dallas Cowboys,Las Vegas Raiders,33,16,3.5,48.5,-198,164,-115,-105,-105,-115,-3.5
2025,12,2025-11-20,Thursday,20:15,401772946,Buffalo Bills,Houston Texans,19,23,5.5,43.5,-258,210,-108,-112,-115,-105,-5.5
2025,12,2025-11-23,Sunday,16:05,401772783,Jacksonville Jaguars,Arizona Cardinals,27,24,2.5,47.5,-135,114,-108,-112,-105,-115,-2.5
2025,12,2025-11-23,Sunday,13:00,401772782,New York Jets,Baltimore Ravens,10,23,-14,44.5,675,-1050,-110,-110,-118,-102,14
2025,12,2025-11-23,Sunday,13:00,401772780,Pittsburgh Steelers,Chicago Bears,28,31,-3,46.5,130,-155,-115,-105,-112,-108,3
2025,12,2025-11-23,Sunday,13:00,401772781,New England Patriots,Cincinnati Bengals,26,20,7.5,50.5,-395,310,-108,-112,-118,-102,-7.5
2025,12,2025-11-23,Sunday,16:25,401772890,Philadelphia Eagles,Dallas Cowboys,21,24,3,47.5,-162,136,-105,-115,-120,100,-3
2025,12,2025-11-23,Sunday,13:00,401772888,New York Giants,Detroit Lions,27,34,-14,50.5,675,-1050,-115,-105,-120,100,14
2025,12,2025-11-23,Sunday,13:00,401772887,Minnesota Vikings,Green Bay Packers,6,23,-6.5,41.5,235,-290,-112,-108,-108,-112,6.5
2025,12,2025-11-23,Sunday,13:00,401772779,Indianapolis Colts,Kansas City Chiefs,20,23,-3.5,50.5,180,-218,100,-120,-108,-112,3.5
2025,12,2025-11-23,Sunday,16:05,401772784,Cleveland Browns,Las Vegas Raiders,24,10,-3,35.5,136,-162,-105,-115,-118,-102,3
2025,12,2025-11-23,Sunday,20:20,401772929,Tampa Bay Buccaneers,Los Angeles Rams,7,34,-7,49.5,295,-375,-110,-110,-120,100,7
2025,12,2025-11-23,Sunday,16:25,401772889,Atlanta Falcons,New Orleans Saints,24,10,-1.5,41.5,102,-122,-112,-108,-102,-118,1.5
2025,12,2025-11-23,Sunday,13:00,401772886,Seattle Seahawks,Tennessee Titans,30,24,12.5,41.5,-950,625,-115,-105,-110,-110,-12.5
2025,12,2025-11-24,Monday,20:15,401772820,Carolina Panthers,San Francisco 49ers,9,20,-7.5,48.5,310,-395,-115,-105,-115,-105,7.5
2025,13,2025-11-27,Thursday,20:20,401772930,Cincinnati Bengals,Baltimore Ravens,32,14,-7,52.5,295,-375,100,-120,-105,-115,7
2025,13,2025-11-27,Thursday,16:30,401772694,Kansas City Chiefs,Dallas Cowboys,28,31,3.5,53.5,-185,154,-105,-115,-110,-110,-3.5
2025,13,2025-11-27,Thursday,13:00,401772891,Green Bay Packers,Detroit Lions,31,24,-2.5,48.5,130,-155,105,-125,-110,-110,2.5
2025,13,2025-11-28,Friday,15:00,401772621,Chicago Bears,Philadelphia Eagles,24,15,-7,43.5,270,-340,-105,-115,-105,-115,7
2025,13,2025-11-30,Sunday,13:00,401772894,Los Angeles Rams,Carolina Panthers,28,31,10,44.5,-575,425,-110,-110,-115,-105,-10
2025,13,2025-11-30,Sunday,13:00,401772785,San Francisco 49ers,Cleveland Browns,26,8,5.5,35.5,-250,205,-108,-112,-108,-112,-5.5
2025,13,2025-11-30,Sunday,13:00,401772787,Houston Texans,Indianapolis Colts,20,16,-3,44.5,142,-170,-105,-115,-108,-112,3
2025,13,2025-11-30,Sunday,16:25,401772788,Las Vegas Raiders,Los Angeles Chargers,14,31,-10,40.5,440,-600,-115,-105,-112,-108,10
2025,13,2025-11-30,Sunday,13:00,401772892,New Orleans Saints,Miami Dolphins,17,21,-5.5,41.5,205,-250,-110,-110,-115,-105,5.5
2025,13,2025-11-30,Sunday,13:00,401772893,Atlanta Falcons,New York Jets,24,27,3,38.5,-166,140,-112,-108,-115,-105,-3
2025,13,2025-11-30,Sunday,16:25,401772789,Buffalo Bills,Pittsburgh Steelers,26,7,3,44.5,-166,140,-115,-105,-108,-112,-3
2025,13,2025-11-30,Sunday,16:05,401772896,Minnesota Vikings,Seattle Seahawks,0,26,-12.5,42.5,600,-900,-110,-110,-110,-110,12.5
2025,13,2025-11-30,Sunday,13:00,401772895,Arizona Cardinals,Tampa Bay Buccaneers,17,20,-4.5,44.5,164,-198,-115,-105,-112,-108,4.5
2025,13,2025-11-30,Sunday,13:00,401772786,Jacksonville Jaguars,Tennessee Titans,25,3,6,42.5,-270,220,-108,-112,-115,-105,-6
2025,13,2025-11-30,Sunday,20:20,401772931,Denver Broncos,Washington Commanders,27,26,6.5,43.5,-310,250,-105,-115,-108,-112,-6.5
2025,13,2025-12-01,Monday,20:15,401772821,New York Giants,New England Patriots,15,33,-7,46.5,295,-375,-105,-115,-115,-105,7
2025,14,2025-12-04,Thursday,20:15,401772947,Dallas Cowboys,Detroit Lions,30,44,-3.5,55.5,160,-192,-110,-110,-110,-110,3.5
2025,14,2025-12-07,Sunday,16:25,401772901,Los Angeles Rams,Arizona Cardinals,45,17,9.5,49.5,-500,380,-110,-110,-110,-110,-9.5
2025,14,2025-12-07,Sunday,13:00,401772900,Seattle Seahawks,Atlanta Falcons,37,9,7,44.5,-355,280,100,-120,-112,-108,-7
2025,14,2025-12-07,Sunday,13:00,401772791,Pittsburgh Steelers,Baltimore Ravens,27,22,-5.5,43.5,220,-270,100,-120,-115,-105,5.5
2025,14,2025-12-07,Sunday,13:00,401772902,Cincinnati Bengals,Buffalo Bills,34,39,-6,54.5,230,-285,-108,-112,-112,-108,6
2025,14,2025-12-07,Sunday,13:00,401772898,Tennessee Titans,Cleveland Browns,31,29,-4.5,33.5,170,-205,-120,100,-115,-105,4.5
2025,14,2025-12-07,Sunday,16:25,401772897,Chicago Bears,Green Bay Packers,21,28,-6.5,44.5,245,-305,-105,-115,-105,-115,6.5
2025,14,2025-12-07,Sunday,13:00,401772793,Indianapolis Colts,Jacksonville Jaguars,19,36,2.5,44.5,-135,114,-112,-108,-115,-105,-2.5
2025,14,2025-12-07,Sunday,20:20,401772932,Houston Texans,Kansas City Chiefs,20,10,-4.5,41.5,180,-218,-115,-105,-110,-110,4.5
2025,14,2025-12-07,Sunday,16:05,401772794,Denver Broncos,Las Vegas Raiders,24,17,8.5,40.5,-470,360,-110,-110,-105,-115,-8.5
2025,14,2025-12-07,Sunday,13:00,401772899,Washington Commanders,Minnesota Vikings,0,31,1.5,43.5,-115,-105,-102,-118,-118,-102,-1.5
2025,14,2025-12-07,Sunday,13:00,401772790,Miami Dolphins,New York Jets,34,10,2.5,41.5,-148,124,-115,-105,-108,-112,-2.5
2025,14,2025-12-07,Sunday,13:00,401772792,New Orleans Saints,Tampa Bay Buccaneers,24,20,-7.5,41.5,330,-425,-102,-118,-115,-105,7.5
2025,14,2025-12-08,Monday,20:15,401772822,Philadelphia Eagles,Los Angeles Chargers,19,22,1.5,41.5,-120,100,-105,-115,-115,-105,-1.5
2025,15,2025-12-11,Thursday,20:15,401772948,Atlanta Falcons,Tampa Bay Buccaneers,29,28,-6,43.5,225,-278,-112,-108,-110,-110,6
2025,15,2025-12-14,Sunday,13:00,401772904,Cleveland Browns,Chicago Bears,3,31,-7.5,38.5,295,-375,-112,-108,-105,-115,7.5
2025,15,2025-12-14,Sunday,13:00,401772796,Baltimore Ravens,Cincinnati Bengals,24,0,2.5,51.5,-162,136,-125,105,-110,-110,-2.5
2025,15,2025-12-14,Sunday,20:20,401772933,Minnesota Vikings,Dallas Cowboys,34,26,-5.5,47.5,215,-265,-110,-110,-118,-102,5.5
2025,15,2025-12-14,Sunday,16:25,401772800,Green Bay Packers,Denver Broncos,26,34,1.5,42.5,-122,102,-108,-112,-105,-115,-1.5
2025,15,2025-12-14,Sunday,13:00,401772903,Arizona Cardinals,Houston Texans,20,40,-10.5,42.5,455,-625,-110,-110,-108,-112,10.5
2025,15,2025-12-14,Sunday,13:00,401772797,New York Jets,Jacksonville Jaguars,20,48,-13.5,40.5,675,-1050,-105,-115,-105,-115,13.5
2025,15,2025-12-14,Sunday,13:00,401772798,Los Angeles Chargers,Kansas City Chiefs,16,13,-5.5,41.5,210,-258,100,-120,-112,-108,5.5
2025,15,2025-12-14,Sunday,16:25,401772909,Detroit Lions,Los Angeles Rams,34,41,-5.5,54.5,200,-245,-105,-115,-115,-105,5.5
2025,15,2025-12-14,Sunday,13:00,401772795,Buffalo Bills,New England Patriots,35,31,2.5,49.5,-142,120,-110,-110,-115,-105,-2.5
2025,15,2025-12-14,Sunday,16:25,401772908,Carolina Panthers,New Orleans Saints,17,20,2.5,41.5,-148,124,-118,-102,-112,-108,-2.5
2025,15,2025-12-14,Sunday,13:00,401772905,Washington Commanders,New York Giants,29,21,-2.5,46.5,124,-148,-105,-115,-105,-115,2.5
2025,15,2025-12-14,Sunday,13:00,401772906,Las Vegas Raiders,Philadelphia Eagles,0,31,-12.5,37.5,650,-1000,-108,-112,-102,-118,12.5
2025,15,2025-12-14,Sunday,16:25,401772907,Tennessee Titans,San Francisco 49ers,24,37,-12.5,44.5,600,-900,-108,-112,-108,-112,12.5
2025,15,2025-12-14,Sunday,16:25,401772799,Indianapolis Colts,Seattle Seahawks,16,18,-13.5,41.5,650,-1000,-105,-115,-112,-108,13.5
2025,15,2025-12-15,Monday,20:15,401772823,Miami Dolphins,Pittsburgh Steelers,15,28,-3,42.5,145,-175,-102,-118,-115,-105,3
2025,16,2025-12-18,Thursday,20:15,401772949,Los Angeles Rams,Seattle Seahawks,37,38,-1.5,42.5,102,-122,-110,-110,-115,-105,1.5
2025,16,2025-12-20,Saturday,20:20,401772613,Green Bay Packers,Chicago Bears,16,22,-1.5,45.5,-102,-118,-115,-105,-105,-115,1.5
2025,16,2025-12-20,Saturday,17:00,401772612,Philadelphia Eagles,Washington Commanders,29,18,7,43.5,-380,300,-120,100,-110,-110,-7
2025,16,2025-12-21,Sunday,16:05,401772914,Atlanta Falcons,Arizona Cardinals,26,19,2.5,48.5,-148,124,-115,-105,-115,-105,-2.5
2025,16,2025-12-21,Sunday,20:20,401772804,New England Patriots,Baltimore Ravens,28,24,-3.5,48.5,154,-185,-115,-105,-108,-112,3.5
2025,16,2025-12-21,Sunday,13:00,401772912,Tampa Bay Buccaneers,Carolina Panthers,20,23,3,44.5,-155,130,100,-120,-112,-108,-3
2025,16,2025-12-21,Sunday,13:00,401772802,Buffalo Bills,Cleveland Browns,23,20,10.5,41.5,-575,425,-110,-110,-102,-118,-10.5
2025,16,2025-12-21,Sunday,13:00,401772910,Los Angeles Chargers,Dallas Cowboys,34,17,-1.5,50.5,102,-122,-115,-105,-118,-102,1.5
2025,16,2025-12-21,Sunday,16:05,401772913,Jacksonville Jaguars,Denver Broncos,34,20,-3.5,46.5,145,-175,-120,100,-112,-108,3.5
2025,16,2025-12-21,Sunday,16:25,401772806,Pittsburgh Steelers,Detroit Lions,29,24,-7.5,52.5,330,-425,-105,-115,-105,-115,7.5
2025,16,2025-12-21,Sunday,16:25,401772805,Las Vegas Raiders,Houston Texans,21,23,-14.5,39.5,900,-1600,-115,-105,-110,-110,14.5
2025,16,2025-12-21,Sunday,13:00,401772934,Cincinnati Bengals,Miami Dolphins,45,21,3.5,48.5,-205,170,-120,100,-108,-112,-3.5
2025,16,2025-12-21,Sunday,13:00,401772801,New York Jets,New Orleans Saints,6,29,-6.5,39.5,240,-298,-105,-115,-115,-105,6.5
2025,16,2025-12-21,Sunday,13:00,401772911,Minnesota Vikings,New York Giants,16,13,2.5,41.5,-148,124,-118,-102,-105,-115,-2.5
2025,16,2025-12-21,Sunday,13:00,401772803,Kansas City Chiefs,Tennessee Titans,9,26,3.5,37.5,-185,154,100,-120,-110,-110,-3.5
2025,16,2025-12-22,Monday,20:15,401772824,San Francisco 49ers,Indianapolis Colts,48,27,4.5,46.5,-225,185,-105,-115,-102,-118,-4.5
2025,17,2025-12-25,Thursday,20:15,401772622,Denver Broncos,Kansas City Chiefs,20,13,13.5,37.5,-1100,700,-105,-115,-120,100,-13.5
2025,17,2025-12-25,Thursday,16:30,401772711,Detroit Lions,Minnesota Vikings,10,23,7,45.5,-360,285,-120,100,-105,-115,-7
2025,17,2025-12-25,Thursday,13:00,401772710,Dallas Cowboys,Washington Commanders,30,23,8.5,50.5,-500,380,-120,100,-112,-108,-8.5
2025,17,2025-12-27,Saturday,20:00,401772953,Baltimore Ravens,Green Bay Packers,41,24,-2.5,38.5,120,-142,-108,-112,-105,-115,2.5
2025,17,2025-12-27,Saturday,16:30,401772951,Houston Texans,Los Angeles Chargers,20,16,-1.5,40.5,-102,-118,-115,-105,-115,-105,1.5
2025,17,2025-12-28,Sunday,16:25,401772917,Philadelphia Eagles,Buffalo Bills,13,12,-3,45.5,142,-170,-108,-112,-105,-115,3
2025,17,2025-12-28,Sunday,13:00,401772952,Seattle Seahawks,Carolina Panthers,27,10,6.5,42.5,-305,245,-118,-102,-110,-110,-6.5
2025,17,2025-12-28,Sunday,13:00,401772954,Arizona Cardinals,Cincinnati Bengals,14,37,-7,52.5,275,-345,-110,-110,-115,-105,7
2025,17,2025-12-28,Sunday,13:00,401772807,Pittsburgh Steelers,Cleveland Browns,6,13,4.5,35.5,-205,170,-108,-112,-108,-112,-4.5
2025,17,2025-12-28,Sunday,13:00,401772915,Jacksonville Jaguars,Indianapolis Colts,23,17,3.5,48.5,-225,185,-115,-105,-112,-108,-3.5
2025,17,2025-12-28,Sunday,16:05,401772950,New York Giants,Las Vegas Raiders,34,10,3,40.5,-162,136,-102,-118,-108,-112,-3
2025,17,2025-12-28,Sunday,13:00,401772916,Tampa Bay Buccaneers,Miami Dolphins,17,20,5.5,44.5,-250,205,-108,-112,-102,-118,-5.5
2025,17,2025-12-28,Sunday,13:00,401772808,New England Patriots,New York Jets,42,10,12.5,42.5,-950,625,-120,100,-108,-112,-12.5
2025,17,2025-12-28,Sunday,20:20,401772935,Chicago Bears,San Francisco 49ers,38,42,-3.5,51.5,170,-205,-105,-115,-108,-112,3.5
2025,17,2025-12-28,Sunday,13:00,401772809,New Orleans Saints,Tennessee Titans,34,26,1.5,39.5,-120,100,-110,-110,-102,-118,-1.5
2025,17,2025-12-29,Monday,20:15,401772825,Los Angeles Rams,Atlanta Falcons,24,27,7.5,48.5,-380,300,-102,-118,-115,-105,-7.5
2025,18,2026-01-03,Saturday,20:00,401772961,Seattle Seahawks,San Francisco 49ers,13,3,2.5,47.5,-148,124,-120,100,-115,-105,-2.5
2025,18,2026-01-03,Saturday,16:30,401772969,Carolina Panthers,Tampa Bay Buccaneers,14,16,-3,43.5,130,-155,-115,-105,-102,-118,3
2025,18,2026-01-04,Sunday,13:00,401772966,New Orleans Saints,Atlanta Falcons,17,19,-4.5,43.5,170,-205,-115,-105,-108,-112,4.5
2025,18,2026-01-04,Sunday,16:25,401772967,New York Jets,Buffalo Bills,8,35,-12.5,39.5,550,-800,-112,-108,-105,-115,12.5
2025,18,2026-01-04,Sunday,16:25,401772965,Detroit Lions,Chicago Bears,19,16,-3.5,51.5,150,-180,-110,-110,-105,-115,3.5
2025,18,2026-01-04,Sunday,13:00,401772964,Cleveland Browns,Cincinnati Bengals,20,18,-9.5,47.5,350,-455,-112,-108,-102,-118,9.5
2025,18,2026-01-04,Sunday,16:25,401772956,Los Angeles Chargers,Denver Broncos,3,19,-14.5,37.5,900,-1600,-108,-112,-115,-105,14.5
2025,18,2026-01-04,Sunday,13:00,401772962,Indianapolis Colts,Houston Texans,30,38,-9.5,37.5,400,-535,-110,-110,-112,-108,9.5
2025,18,2026-01-04,Sunday,13:00,401772970,Tennessee Titans,Jacksonville Jaguars,7,41,-12.5,46.5,525,-750,-110,-110,-108,-112,12.5
2025,18,2026-01-04,Sunday,16:25,401772957,Kansas City Chiefs,Las Vegas Raiders,12,14,3.5,36.5,-225,185,-112,-108,-102,-118,-3.5
2025,18,2026-01-04,Sunday,16:25,401772955,Arizona Cardinals,Los Angeles Rams,20,37,-14.5,49.5,800,-1350,-115,-105,-112,-108,14.5
2025,18,2026-01-04,Sunday,13:00,401772968,Green Bay Packers,Minnesota Vikings,3,16,-12.5,37.5,470,-650,-108,-112,-102,-118,12.5
2025,18,2026-01-04,Sunday,16:25,401772958,Miami Dolphins,New England Patriots,10,38,-14,44.5,650,-1000,-112,-108,-108,-112,14
2025,18,2026-01-04,Sunday,13:00,401772963,Dallas Cowboys,New York Giants,17,34,3,50.5,-166,140,-115,-105,-105,-115,-3
2025,18,2026-01-04,Sunday,16:25,401772959,Washington Commanders,Philadelphia Eagles,24,17,-3,38.5,150,-180,-105,-115,-112,-108,3
2025,18,2026-01-04,Sunday,20:20,401772960,Baltimore Ravens,Pittsburgh Steelers,24,26,4.5,41.5,-225,185,-105,-115,-110,-110,-4.5
